symbol,pattern_date,entry_date,entry_price,exit_date,exit_price,holding_days,return_pct,exit_reason,pattern_score,pattern_grade,pattern_name,market_regime
000001.SZ,2025-06-03,2025-06-04,11.82,2025-06-06,11.7,2,-1.02,弱2d,79,A,breakout,warmup
000025.SZ,2025-06-03,2025-06-04,18.26,2025-06-06,18.15,2,-0.6,弱2d,79,A,breakout,warmup
000029.SZ,2025-06-03,2025-06-04,20.0,2025-06-09,20.4875,3,2.44,回落35%(高3.8%),73,A,breakout,warmup
000045.SZ,2025-06-03,2025-06-04,11.08,2025-06-05,11.301,1,1.99,回落35%(高3.1%),71,A,breakout,warmup
000403.SZ,2025-06-03,2025-06-04,17.08,2025-06-10,18.264999999999997,4,6.94,回落25%(高9.3%),77,A,breakout,warmup
000426.SZ,2025-06-03,2025-06-04,13.76,2025-06-05,14.2325,1,3.43,回落25%(高4.6%),70,A,breakout,warmup
000555.SZ,2025-06-03,2025-06-04,12.24,2025-06-05,12.93,1,5.64,回落25%(高7.5%),77,A,breakout,warmup
000695.SZ,2025-06-03,2025-06-04,15.47,2025-06-05,17.05,1,10.21,目标+8%,81,A,breakout,warmup
000710.SZ,2025-06-03,2025-06-04,15.01,2025-06-05,14.49,1,-3.46,止损-3%,82,A,breakout,warmup
000831.SZ,2025-06-03,2025-06-04,34.38,2025-06-05,35.895,1,4.41,回落25%(高5.9%),76,A,breakout,warmup
000888.SZ,2025-06-03,2025-06-04,13.75,2025-06-05,15.025,1,9.27,回落25%(高12.4%),88,A,breakout,warmup
000915.SZ,2025-06-03,2025-06-04,31.69,2025-06-05,33.205,1,4.78,回落25%(高6.4%),71,A,breakout,warmup
000935.SZ,2025-06-03,2025-06-04,17.56,2025-06-09,17.9695,3,2.33,回落35%(高3.6%),75,A,breakout,warmup
000995.SZ,2025-06-03,2025-06-04,13.57,2025-06-09,13.843,3,2.01,回落35%(高3.1%),83,A,breakout,warmup
000999.SZ,2025-06-03,2025-06-04,43.19,2025-06-06,32.69,2,-24.31,止损-3%,71,A,breakout,warmup
001201.SZ,2025-06-03,2025-06-04,14.91,2025-06-11,15.69,5,5.23,回落25%(高7.0%),71,A,breakout,warmup
001234.SZ,2025-06-03,2025-06-04,21.71,2025-06-05,22.632500000000004,1,4.25,回落25%(高5.7%),86,A,breakout,warmup
001338.SZ,2025-06-03,2025-06-04,11.83,2025-06-05,13.29,1,12.34,目标+8%,74,A,momentum,warmup
002020.SZ,2025-06-03,2025-06-04,13.54,2025-06-06,13.32,2,-1.62,弱2d,78,A,momentum,warmup
002023.SZ,2025-06-03,2025-06-04,10.87,2025-06-06,10.41,2,-4.23,止损-3%,90,A,breakout,warmup
002202.SZ,2025-06-03,2025-06-04,9.47,2025-06-06,9.34,2,-1.37,弱2d,87,A,breakout,warmup
002230.SZ,2025-06-03,2025-06-04,47.81,2025-06-11,48.1,5,0.61,时间5d,83,A,breakout,warmup
002250.SZ,2025-06-03,2025-06-04,10.65,2025-06-05,11.97,1,12.39,目标+8%,87,A,breakout,warmup
002262.SZ,2025-06-03,2025-06-04,23.6,2025-06-05,22.77,1,-3.52,止损-3%,76,A,breakout,warmup
002268.SZ,2025-06-03,2025-06-04,16.19,2025-06-06,16.13,2,-0.37,弱2d,73,A,breakout,warmup
002275.SZ,2025-06-03,2025-06-04,14.75,2025-06-05,15.950000000000001,1,8.14,回落25%(高10.8%),88,A,breakout,warmup
002311.SZ,2025-06-03,2025-06-04,62.4,2025-06-06,61.76,2,-1.03,弱2d,72,A,breakout,warmup
002317.SZ,2025-06-03,2025-06-04,13.58,2025-06-06,14.03,2,3.31,回落25%(高4.4%),74,A,breakout,warmup
002327.SZ,2025-06-03,2025-06-04,8.32,2025-06-09,8.680000000000001,3,4.33,回落25%(高5.8%),72,A,breakout,warmup
002345.SZ,2025-06-03,2025-06-04,15.35,2025-06-05,17.4725,1,13.83,回落25%(高18.4%),79,A,breakout,warmup
002352.SZ,2025-06-03,2025-06-04,47.8,2025-06-06,46.9,2,-1.88,弱2d,88,A,breakout,warmup
002468.SZ,2025-06-03,2025-06-04,11.31,2025-06-05,10.95,1,-3.18,止损-3%,71,A,breakout,warmup
002537.SZ,2025-06-03,2025-06-04,8.5,2025-06-05,8.920000000000002,1,4.94,回落25%(高6.6%),87,A,breakout,warmup
002568.SZ,2025-06-03,2025-06-04,29.27,2025-06-05,29.926500000000004,1,2.24,回落35%(高3.5%),76,A,breakout,warmup
002595.SZ,2025-06-03,2025-06-04,62.47,2025-06-11,63.29,5,1.31,时间5d,70,A,breakout,warmup
002624.SZ,2025-06-03,2025-06-04,14.25,2025-06-05,14.5815,1,2.33,回落35%(高3.6%),83,A,breakout,warmup
002674.SZ,2025-06-03,2025-06-04,9.58,2025-06-09,10.42,3,8.77,回落25%(高11.7%),74,A,breakout,warmup
002714.SZ,2025-06-03,2025-06-04,41.41,2025-06-06,41.14,2,-0.65,弱2d,75,A,breakout,warmup
002827.SZ,2025-06-03,2025-06-04,29.7,2025-06-06,31.4475,2,5.88,回落25%(高7.8%),72,A,momentum,warmup
002829.SZ,2025-06-03,2025-06-04,22.18,2025-06-05,21.52,1,-2.98,止损-3%,86,A,breakout,warmup
002852.SZ,2025-06-03,2025-06-04,10.19,2025-06-05,10.3915,1,1.98,回落35%(高3.0%),93,A,breakout,warmup
002864.SZ,2025-06-03,2025-06-04,29.78,2025-06-06,28.95,2,-2.79,弱2d,78,A,breakout,warmup
002900.SZ,2025-06-03,2025-06-04,17.01,2025-06-05,15.4,1,-9.47,止损-3%,90,A,breakout,warmup
002919.SZ,2025-06-03,2025-06-04,16.32,2025-06-05,16.86,1,3.31,回落25%(高4.4%),72,A,breakout,warmup
002961.SZ,2025-06-03,2025-06-04,16.99,2025-06-05,18.7975,1,10.64,回落25%(高14.2%),84,A,breakout,warmup
300003.SZ,2025-06-03,2025-06-04,13.14,2025-06-05,13.559999999999999,1,3.2,回落25%(高4.3%),84,A,breakout,warmup
300009.SZ,2025-06-03,2025-06-04,9.05,2025-06-06,8.87,2,-1.99,弱2d,71,A,breakout,warmup
300016.SZ,2025-06-03,2025-06-04,8.8,2025-06-05,7.93,1,-9.89,止损-3%,94,A,breakout,warmup
300058.SZ,2025-06-03,2025-06-04,6.24,2025-06-09,6.585,3,5.53,回落25%(高7.4%),75,A,momentum,warmup
300075.SZ,2025-06-03,2025-06-04,18.15,2025-06-06,17.52,2,-3.47,止损-3%,71,A,breakout,warmup
300179.SZ,2025-06-03,2025-06-04,10.32,2025-06-05,10.03,1,-2.81,止损-3%,89,A,breakout,warmup
300191.SZ,2025-06-03,2025-06-04,17.58,2025-06-05,16.95,1,-3.58,止损-3%,80,A,breakout,warmup
300196.SZ,2025-06-03,2025-06-04,12.24,2025-06-06,12.764999999999999,2,4.29,回落25%(高5.7%),90,A,breakout,warmup
300199.SZ,2025-06-03,2025-06-04,14.87,2025-06-06,15.240499999999999,2,2.49,回落35%(高3.8%),75,A,momentum,warmup
300233.SZ,2025-06-03,2025-06-04,16.41,2025-06-05,16.98,1,3.47,回落25%(高4.6%),71,A,ignition,warmup
300238.SZ,2025-06-03,2025-06-04,17.63,2025-06-05,16.54,1,-6.18,止损-3%,94,A,breakout,warmup
300254.SZ,2025-06-03,2025-06-04,10.5,2025-06-05,10.06,1,-4.19,止损-3%,86,A,breakout,warmup
300357.SZ,2025-06-03,2025-06-04,21.03,2025-06-06,20.66,2,-1.76,弱2d,88,A,breakout,warmup
300363.SZ,2025-06-03,2025-06-04,16.1,2025-06-06,16.06,2,-0.25,弱2d,83,A,breakout,warmup
300402.SZ,2025-06-03,2025-06-04,18.93,2025-06-06,18.32,2,-3.22,止损-3%,75,A,breakout,warmup
300485.SZ,2025-06-03,2025-06-04,10.64,2025-06-05,10.16,1,-4.51,止损-3%,74,A,breakout,warmup
300498.SZ,2025-06-03,2025-06-04,17.06,2025-06-06,16.8,2,-1.52,弱2d,77,A,breakout,warmup
300533.SZ,2025-06-03,2025-06-04,26.76,2025-06-06,25.9,2,-3.21,止损-3%,84,A,breakout,warmup
300534.SZ,2025-06-03,2025-06-04,10.9,2025-06-05,10.58,1,-2.94,止损-3%,77,A,breakout,warmup
300601.SZ,2025-06-03,2025-06-04,14.57,2025-06-06,14.34,2,-1.58,弱2d,80,A,breakout,warmup
300642.SZ,2025-06-03,2025-06-04,14.22,2025-06-11,14.35,5,0.91,时间5d,77,A,breakout,warmup
300678.SZ,2025-06-03,2025-06-04,35.97,2025-06-05,36.8215,1,2.37,回落35%(高3.6%),71,A,breakout,warmup
300685.SZ,2025-06-03,2025-06-04,21.05,2025-06-06,20.89,2,-0.76,弱2d,72,A,breakout,warmup
300725.SZ,2025-06-03,2025-06-04,35.75,2025-06-06,35.15,2,-1.68,弱2d,90,A,breakout,warmup
300760.SZ,2025-06-03,2025-06-04,232.0,2025-06-10,237.7525,4,2.48,回落35%(高3.8%),83,A,breakout,warmup
300770.SZ,2025-06-03,2025-06-04,41.5,2025-06-06,40.46,2,-2.51,弱2d,84,A,breakout,warmup
300826.SZ,2025-06-03,2025-06-04,17.46,2025-06-06,17.21,2,-1.43,弱2d,81,A,breakout,warmup
300952.SZ,2025-06-03,2025-06-04,30.31,2025-06-05,31.8925,1,5.22,回落25%(高7.0%),89,A,breakout,warmup
300998.SZ,2025-06-03,2025-06-04,20.97,2025-06-05,22.3725,1,6.69,回落25%(高8.9%),81,A,breakout,warmup
301015.SZ,2025-06-03,2025-06-04,18.71,2025-06-05,19.617500000000003,1,4.85,回落25%(高6.5%),81,A,breakout,warmup
301091.SZ,2025-06-03,2025-06-04,37.73,2025-06-06,36.68,2,-2.78,弱2d,73,A,breakout,warmup
301096.SZ,2025-06-03,2025-06-04,45.03,2025-06-06,43.29,2,-3.86,止损-3%,90,A,breakout,warmup
301126.SZ,2025-06-03,2025-06-04,11.24,2025-06-06,11.09,2,-1.33,弱2d,78,A,breakout,warmup
301263.SZ,2025-06-03,2025-06-04,30.27,2025-06-05,30.874499999999998,1,2.0,回落35%(高3.1%),82,A,breakout,warmup
301269.SZ,2025-06-03,2025-06-04,129.01,2025-06-05,125.39,1,-2.81,止损-3%,79,A,breakout,warmup
301522.SZ,2025-06-03,2025-06-04,35.05,2025-06-05,36.985,1,5.52,回落25%(高7.4%),82,A,breakout,warmup
600007.SH,2025-06-03,2025-06-04,22.05,2025-06-09,21.73,3,-1.45,弱3d,81,A,breakout,warmup
600073.SH,2025-06-03,2025-06-04,8.48,2025-06-05,8.06,1,-4.95,止损-3%,83,A,breakout,warmup
600138.SH,2025-06-03,2025-06-04,9.79,2025-06-11,9.86,5,0.72,时间5d,72,A,breakout,warmup
600196.SH,2025-06-03,2025-06-04,25.3,2025-06-06,25.03,2,-1.07,弱2d,76,A,breakout,warmup
600211.SH,2025-06-03,2025-06-04,37.69,2025-06-06,37.13,2,-1.49,弱2d,76,A,breakout,warmup
600216.SH,2025-06-03,2025-06-04,15.12,2025-06-05,15.477500000000001,1,2.36,回落35%(高3.6%),72,A,breakout,warmup
600250.SH,2025-06-03,2025-06-04,10.0,2025-06-05,10.221,1,2.21,回落35%(高3.4%),89,A,breakout,warmup
600259.SH,2025-06-03,2025-06-04,47.3,2025-06-05,54.79,1,15.84,目标+8%,79,A,breakout,warmup
600285.SH,2025-06-03,2025-06-04,24.69,2025-06-06,24.07,2,-2.51,弱2d,88,A,breakout,warmup
600295.SH,2025-06-03,2025-06-04,9.31,2025-06-06,9.19,2,-1.29,弱2d,71,A,breakout,warmup
600380.SH,2025-06-03,2025-06-04,11.4,2025-06-09,11.7525,3,3.09,回落25%(高4.1%),80,A,breakout,warmup
600420.SH,2025-06-03,2025-06-04,10.9,2025-06-06,10.75,2,-1.38,弱2d,74,A,breakout,warmup
600446.SH,2025-06-03,2025-06-04,16.03,2025-06-05,17.0575,1,6.41,回落25%(高8.5%),86,A,breakout,warmup
600449.SH,2025-06-03,2025-06-04,13.96,2025-06-06,13.71,2,-1.79,弱2d,73,A,breakout,warmup
600535.SH,2025-06-03,2025-06-04,16.71,2025-06-06,16.3,2,-2.45,弱2d,80,A,breakout,warmup
600550.SH,2025-06-03,2025-06-04,9.38,2025-06-05,8.94,1,-4.69,止损-3%,72,A,breakout,warmup
600551.SH,2025-06-03,2025-06-04,8.43,2025-06-05,9.21,1,9.25,目标+8%,70,A,breakout,warmup
600600.SH,2025-06-03,2025-06-04,76.55,2025-06-06,73.77,2,-3.63,止损-3%,88,A,breakout,warmup
600749.SH,2025-06-03,2025-06-04,11.38,2025-06-05,11.614,1,2.06,回落35%(高3.2%),77,A,breakout,warmup
600763.SH,2025-06-03,2025-06-04,42.79,2025-06-06,41.95,2,-1.96,弱2d,80,A,breakout,warmup
600830.SH,2025-06-03,2025-06-04,9.58,2025-06-05,9.887500000000001,1,3.21,回落25%(高4.3%),95,A,breakout,warmup
600846.SH,2025-06-03,2025-06-04,9.69,2025-06-06,9.8915,2,2.08,回落35%(高3.2%),71,A,breakout,warmup
600919.SH,2025-06-03,2025-06-04,11.08,2025-06-11,11.35,5,2.44,时间5d,70,A,breakout,warmup
600990.SH,2025-06-03,2025-06-04,28.49,2025-06-05,26.9,1,-5.58,止损-3%,86,A,breakout,warmup
601166.SH,2025-06-03,2025-06-04,23.75,2025-06-06,23.56,2,-0.8,弱2d,84,A,breakout,warmup
601211.SH,2025-06-03,2025-06-04,17.82,2025-06-05,18.3675,1,3.07,回落25%(高4.1%),79,A,breakout,warmup
601229.SH,2025-06-03,2025-06-04,11.02,2025-06-05,10.7,1,-2.9,止损-3%,76,A,breakout,warmup
601577.SH,2025-06-03,2025-06-04,9.99,2025-06-10,10.211,4,2.21,回落35%(高3.4%),72,A,breakout,warmup
601607.SH,2025-06-03,2025-06-04,18.65,2025-06-06,18.45,2,-1.07,弱2d,73,A,breakout,warmup
601825.SH,2025-06-03,2025-06-04,9.9,2025-06-05,10.2975,1,4.02,回落25%(高5.4%),94,A,breakout,warmup
601921.SH,2025-06-03,2025-06-04,8.26,2025-06-11,8.37,5,1.33,时间5d,77,A,breakout,warmup
601998.SH,2025-06-03,2025-06-04,8.21,2025-06-09,8.3725,3,1.98,回落35%(高3.0%),88,A,breakout,warmup
603017.SH,2025-06-03,2025-06-04,10.33,2025-06-05,11.28,1,9.2,目标+8%,100,A,breakout,warmup
603041.SH,2025-06-03,2025-06-04,12.18,2025-06-06,12.15,2,-0.25,弱2d,72,A,breakout,warmup
603056.SH,2025-06-03,2025-06-04,23.0,2025-06-05,20.21,1,-12.13,止损-3%,94,A,breakout,warmup
603090.SH,2025-06-03,2025-06-04,24.96,2025-06-05,25.5905,1,2.53,回落35%(高3.9%),72,A,breakout,warmup
603093.SH,2025-06-03,2025-06-04,14.98,2025-06-05,17.31,1,15.55,目标+8%,89,A,breakout,warmup
603130.SH,2025-06-03,2025-06-04,29.31,2025-06-05,28.4,1,-3.1,止损-3%,72,A,breakout,warmup
603136.SH,2025-06-03,2025-06-04,11.84,2025-06-05,12.7025,1,7.28,回落25%(高9.7%),96,A,breakout,warmup
603151.SH,2025-06-03,2025-06-04,15.82,2025-06-05,17.12,1,8.22,目标+8%,75,A,breakout,warmup
603167.SH,2025-06-03,2025-06-04,9.47,2025-06-05,9.83,1,3.8,回落25%(高5.1%),70,A,breakout,warmup
603221.SH,2025-06-03,2025-06-04,11.27,2025-06-05,12.035,1,6.79,回落25%(高9.1%),83,A,breakout,warmup
603226.SH,2025-06-03,2025-06-04,9.04,2025-06-05,9.94,1,9.96,目标+8%,89,A,breakout,warmup
603256.SH,2025-06-03,2025-06-04,11.22,2025-06-05,12.58,1,12.12,目标+8%,70,A,breakout,warmup
603258.SH,2025-06-03,2025-06-04,21.42,2025-06-05,22.29,1,4.06,回落25%(高5.4%),89,A,breakout,warmup
603310.SH,2025-06-03,2025-06-04,19.3,2025-06-06,20.7175,2,7.34,回落25%(高9.8%),86,A,breakout,warmup
603320.SH,2025-06-03,2025-06-04,17.6,2025-06-10,17.46,4,-0.8,弱4d,86,A,ignition,warmup
603353.SH,2025-06-03,2025-06-04,15.9,2025-06-06,16.9425,2,6.56,回落25%(高8.7%),77,A,breakout,warmup
603444.SH,2025-06-03,2025-06-04,270.0,2025-06-05,278.92499999999995,1,3.31,回落25%(高4.4%),95,A,breakout,warmup
603477.SH,2025-06-03,2025-06-04,21.89,2025-06-06,22.6025,2,3.25,回落25%(高4.3%),80,A,breakout,warmup
603520.SH,2025-06-03,2025-06-04,10.9,2025-06-05,10.58,1,-2.94,止损-3%,85,A,breakout,warmup
603535.SH,2025-06-03,2025-06-04,10.51,2025-06-05,11.245000000000001,1,6.99,回落25%(高9.3%),77,A,breakout,warmup
603558.SH,2025-06-03,2025-06-04,9.2,2025-06-05,9.408000000000001,1,2.26,回落35%(高3.5%),75,A,breakout,warmup
603709.SH,2025-06-03,2025-06-04,12.43,2025-06-05,12.9325,1,4.04,回落25%(高5.4%),72,A,breakout,warmup
603713.SH,2025-06-03,2025-06-04,50.9,2025-06-05,52.6775,1,3.49,回落25%(高4.7%),73,A,breakout,warmup
603766.SH,2025-06-03,2025-06-04,13.42,2025-06-05,14.305,1,6.59,回落25%(高8.8%),76,A,breakout,warmup
603899.SH,2025-06-03,2025-06-04,30.7,2025-06-05,31.974999999999998,1,4.15,回落25%(高5.5%),80,A,breakout,warmup
605189.SH,2025-06-03,2025-06-04,14.59,2025-06-06,15.084999999999999,2,3.39,回落25%(高4.5%),81,A,breakout,warmup
605299.SH,2025-06-03,2025-06-04,8.86,2025-06-05,9.91,1,11.85,目标+8%,83,A,breakout,warmup
688008.SH,2025-06-03,2025-06-04,80.4,2025-06-05,83.08500000000001,1,3.34,回落25%(高4.5%),84,A,breakout,warmup
688013.SH,2025-06-03,2025-06-04,25.69,2025-06-05,26.98,1,5.02,回落25%(高6.7%),70,A,breakout,warmup
688016.SH,2025-06-03,2025-06-04,89.87,2025-06-06,87.43,2,-2.72,弱2d,85,A,breakout,warmup
688026.SH,2025-06-03,2025-06-04,15.95,2025-06-05,16.307499999999997,1,2.24,回落35%(高3.4%),75,A,breakout,warmup
688027.SH,2025-06-03,2025-06-04,263.68,2025-06-06,271.62999999999994,2,3.02,回落25%(高4.0%),75,A,breakout,warmup
688046.SH,2025-06-03,2025-06-04,13.1,2025-06-06,12.63,2,-3.59,止损-3%,81,A,breakout,warmup
688047.SH,2025-06-03,2025-06-04,131.46,2025-06-06,129.97,2,-1.13,弱2d,75,A,breakout,warmup
688052.SH,2025-06-03,2025-06-04,189.55,2025-06-05,193.8075,1,2.25,回落35%(高3.5%),71,A,breakout,warmup
688057.SH,2025-06-03,2025-06-04,11.9,2025-06-06,12.2975,2,3.34,回落25%(高4.5%),73,A,breakout,warmup
688067.SH,2025-06-03,2025-06-04,20.67,2025-06-10,21.19,4,2.52,回落35%(高3.9%),70,A,breakout,warmup
688070.SH,2025-06-03,2025-06-04,46.56,2025-06-05,43.9,1,-5.71,止损-3%,73,A,breakout,warmup
688073.SH,2025-06-03,2025-06-04,45.6,2025-06-05,47.040000000000006,1,3.16,回落25%(高4.2%),90,A,breakout,warmup
688080.SH,2025-06-03,2025-06-04,49.94,2025-06-06,51.1815,2,2.49,回落35%(高3.8%),87,A,breakout,warmup
688082.SH,2025-06-03,2025-06-04,106.61,2025-06-09,106.5,3,-0.1,弱3d,83,A,ignition,warmup
688083.SH,2025-06-03,2025-06-04,99.0,2025-06-06,68.38,2,-30.93,止损-3%,84,A,breakout,warmup
688102.SH,2025-06-03,2025-06-04,13.5,2025-06-05,15.72,1,16.44,目标+8%,87,A,breakout,warmup
688105.SH,2025-06-03,2025-06-04,23.02,2025-06-05,22.31,1,-3.08,止损-3%,81,A,breakout,warmup
688108.SH,2025-06-03,2025-06-04,11.72,2025-06-06,11.37,2,-2.99,止损-3%,83,A,breakout,warmup
688131.SH,2025-06-03,2025-06-04,45.01,2025-06-05,47.9125,1,6.45,回落25%(高8.6%),87,A,breakout,warmup
688136.SH,2025-06-03,2025-06-04,59.22,2025-06-05,51.3,1,-13.37,止损-3%,71,A,breakout,warmup
688155.SH,2025-06-03,2025-06-04,46.49,2025-06-06,48.537499999999994,2,4.4,回落25%(高5.9%),88,A,breakout,warmup
688163.SH,2025-06-03,2025-06-04,19.88,2025-06-05,20.54,1,3.32,回落25%(高4.4%),80,A,breakout,warmup
688176.SH,2025-06-03,2025-06-04,9.28,2025-06-06,9.04,2,-2.59,弱2d,86,A,breakout,warmup
688180.SH,2025-06-03,2025-06-04,33.2,2025-06-05,33.8825,1,2.06,回落35%(高3.2%),78,A,breakout,warmup
688185.SH,2025-06-03,2025-06-04,60.41,2025-06-06,59.53,2,-1.46,弱2d,81,A,breakout,warmup
688201.SH,2025-06-03,2025-06-04,10.0,2025-06-05,10.227500000000001,1,2.28,回落35%(高3.5%),92,A,breakout,warmup
688202.SH,2025-06-03,2025-06-04,33.51,2025-06-05,34.9875,1,4.41,回落25%(高5.9%),76,A,breakout,warmup
688206.SH,2025-06-03,2025-06-04,30.89,2025-06-05,28.85,1,-6.6,止损-3%,86,A,breakout,warmup
688221.SH,2025-06-03,2025-06-04,9.75,2025-06-05,10.102500000000001,1,3.62,回落25%(高4.8%),82,A,breakout,warmup
688222.SH,2025-06-03,2025-06-04,17.36,2025-06-06,16.87,2,-2.82,止损-3%,86,A,breakout,warmup
688226.SH,2025-06-03,2025-06-04,29.99,2025-06-09,29.18,3,-2.7,弱3d,75,A,momentum,warmup
688247.SH,2025-06-03,2025-06-04,10.11,2025-06-05,10.344000000000001,1,2.31,回落35%(高3.6%),71,A,breakout,warmup
688265.SH,2025-06-03,2025-06-04,27.44,2025-06-06,27.25,2,-0.69,弱2d,75,A,breakout,warmup
688266.SH,2025-06-03,2025-06-04,115.0,2025-06-06,114.92,2,-0.07,弱2d,73,A,breakout,warmup
688271.SH,2025-06-03,2025-06-04,141.4,2025-06-06,134.16,2,-5.12,止损-3%,89,A,breakout,warmup
688276.SH,2025-06-03,2025-06-04,21.3,2025-06-06,21.1,2,-0.94,弱2d,79,A,breakout,warmup
688277.SH,2025-06-03,2025-06-04,13.78,2025-06-05,13.38,1,-2.9,止损-3%,73,A,breakout,warmup
688293.SH,2025-06-03,2025-06-04,43.56,2025-06-05,42.31,1,-2.87,止损-3%,73,A,breakout,warmup
688297.SH,2025-06-03,2025-06-04,46.86,2025-06-06,45.59,2,-2.71,弱2d,72,A,trend,warmup
688298.SH,2025-06-03,2025-06-04,25.0,2025-06-06,25.900000000000002,2,3.6,回落25%(高4.8%),75,A,breakout,warmup
688310.SH,2025-06-03,2025-06-04,14.62,2025-06-05,14.964500000000001,1,2.36,回落35%(高3.6%),72,A,breakout,warmup
688321.SH,2025-06-03,2025-06-04,22.21,2025-06-05,23.1475,1,4.22,回落25%(高5.6%),90,A,breakout,warmup
688331.SH,2025-06-03,2025-06-04,65.38,2025-06-05,61.5,1,-5.93,止损-3%,81,A,breakout,warmup
688356.SH,2025-06-03,2025-06-04,78.05,2025-06-05,74.69,1,-4.3,止损-3%,80,A,breakout,warmup
688357.SH,2025-06-03,2025-06-04,25.79,2025-06-06,26.413999999999998,2,2.42,回落35%(高3.7%),81,A,breakout,warmup
688363.SH,2025-06-03,2025-06-04,54.0,2025-06-05,55.17,1,2.17,回落35%(高3.3%),83,A,breakout,warmup
688366.SH,2025-06-03,2025-06-04,52.81,2025-06-06,51.45,2,-2.58,弱2d,75,A,breakout,warmup
688377.SH,2025-06-03,2025-06-04,22.16,2025-06-05,22.706,1,2.46,回落35%(高3.8%),88,A,breakout,warmup
688382.SH,2025-06-03,2025-06-04,31.0,2025-06-05,30.07,1,-3.0,止损-3%,71,A,breakout,warmup
688385.SH,2025-06-03,2025-06-04,47.3,2025-06-05,48.50899999999999,1,2.56,回落35%(高3.9%),77,A,breakout,warmup
688392.SH,2025-06-03,2025-06-04,51.86,2025-06-05,54.214999999999996,1,4.54,回落25%(高6.1%),72,A,breakout,warmup
688409.SH,2025-06-03,2025-06-04,53.51,2025-06-09,55.2875,3,3.32,回落25%(高4.4%),86,A,breakout,warmup
688410.SH,2025-06-03,2025-06-04,14.07,2025-06-06,14.595,2,3.73,回落25%(高5.0%),80,A,breakout,warmup
688443.SH,2025-06-03,2025-06-04,30.0,2025-06-05,34.125,1,13.75,回落25%(高18.3%),75,A,breakout,warmup
688488.SH,2025-06-03,2025-06-04,13.8,2025-06-05,13.02,1,-5.65,止损-3%,73,A,breakout,warmup
688489.SH,2025-06-03,2025-06-04,35.0,2025-06-05,36.199999999999996,1,3.43,回落25%(高4.6%),71,A,breakout,warmup
688520.SH,2025-06-03,2025-06-04,43.39,2025-06-05,44.417,1,2.37,回落35%(高3.6%),96,A,breakout,warmup
688536.SH,2025-06-03,2025-06-04,152.36,2025-06-05,158.68249999999998,1,4.15,回落25%(高5.5%),75,A,breakout,warmup
688561.SH,2025-06-03,2025-06-04,31.55,2025-06-06,32.555,2,3.19,回落25%(高4.2%),77,A,breakout,warmup
688599.SH,2025-06-03,2025-06-04,14.3,2025-06-06,14.13,2,-1.19,弱2d,79,A,ignition,warmup
688627.SH,2025-06-03,2025-06-04,79.2,2025-06-05,82.305,1,3.92,回落25%(高5.2%),73,A,breakout,warmup
688639.SH,2025-06-03,2025-06-04,32.9,2025-06-05,33.628,1,2.21,回落35%(高3.4%),85,A,breakout,warmup
688690.SH,2025-06-03,2025-06-04,21.7,2025-06-06,21.48,2,-1.01,弱2d,79,A,ignition,warmup
920017.BJ,2025-06-03,2025-06-04,19.9,2025-06-05,20.29,1,1.96,回落35%(高3.0%),79,A,breakout,warmup
920132.BJ,2025-06-03,2025-06-04,25.43,2025-06-05,26.42,1,3.89,回落25%(高5.2%),75,A,ignition,warmup
920212.BJ,2025-06-03,2025-06-04,18.9,2025-06-06,18.33,2,-3.02,止损-3%,85,A,breakout,warmup
920363.BJ,2025-06-03,2025-06-04,22.0,2025-06-06,24.999999999999996,2,13.64,回落25%(高18.2%),85,A,ignition,warmup
920943.BJ,2025-06-03,2025-06-04,26.5,2025-06-05,25.1,1,-5.28,止损-3%,78,A,breakout,warmup
920971.BJ,2025-06-03,2025-06-04,34.62,2025-06-05,33.39,1,-3.55,止损-3%,74,A,breakout,warmup
000544.SZ,2025-06-03,2025-06-04,8.3,2025-06-06,8.16,2,-1.69,弱2d,71,A,breakout,warmup
000989.SZ,2025-06-03,2025-06-04,9.57,2025-06-05,10.245000000000001,1,7.05,回落25%(高9.4%),80,A,ignition,warmup
300462.SZ,2025-06-03,2025-06-04,10.08,2025-06-10,9.99,4,-0.89,弱4d,84,A,breakout,warmup
301366.SZ,2025-06-03,2025-06-04,49.97,2025-06-05,51.1465,1,2.35,回落35%(高3.6%),86,A,breakout,warmup
603489.SH,2025-06-03,2025-06-04,30.02,2025-06-06,29.17,2,-2.83,止损-3%,76,A,breakout,warmup
688501.SH,2025-06-03,2025-06-04,29.5,2025-06-05,30.535,1,3.51,回落25%(高4.7%),72,A,breakout,warmup
688513.SH,2025-06-03,2025-06-04,43.47,2025-06-05,41.79,1,-3.86,止损-3%,73,A,breakout,warmup
920047.BJ,2025-06-03,2025-06-04,24.0,2025-06-05,25.072499999999998,1,4.47,回落25%(高6.0%),81,A,breakout,warmup
000028.SZ,2025-06-04,2025-06-05,25.77,2025-06-09,25.5,2,-1.05,弱2d,79,A,breakout,hot
000045.SZ,2025-06-04,2025-06-05,11.42,2025-06-06,11.765,1,3.02,回落25%(高4.0%),83,A,breakout,hot
000426.SZ,2025-06-04,2025-06-05,14.16,2025-06-06,15.42,1,8.9,目标+8%,70,A,breakout,hot
000555.SZ,2025-06-04,2025-06-05,12.6,2025-06-09,12.43,2,-1.35,弱2d,83,A,breakout,hot
000661.SZ,2025-06-04,2025-06-05,107.89,2025-06-06,102.99,1,-4.54,止损-3%,80,A,breakout,hot
000676.SZ,2025-06-04,2025-06-05,8.95,2025-06-09,9.158,2,2.32,回落35%(高3.6%),80,A,momentum,hot
000766.SZ,2025-06-04,2025-06-05,22.98,2025-06-09,24.015,2,4.5,回落25%(高6.0%),80,A,breakout,hot
000819.SZ,2025-06-04,2025-06-05,15.01,2025-06-10,15.7975,3,5.25,回落25%(高7.0%),93,A,breakout,hot
000831.SZ,2025-06-04,2025-06-05,35.74,2025-06-09,37.4275,2,4.72,回落25%(高6.3%),91,A,breakout,hot
000888.SZ,2025-06-04,2025-06-05,15.18,2025-06-06,14.47,1,-4.68,止损-3%,100,A,breakout,hot
000915.SZ,2025-06-04,2025-06-05,33.0,2025-06-06,31.98,1,-3.09,止损-3%,83,A,breakout,hot
001203.SZ,2025-06-04,2025-06-05,9.1,2025-06-09,9.377500000000001,2,3.05,回落25%(高4.1%),77,A,breakout,hot
001210.SZ,2025-06-04,2025-06-05,16.0,2025-06-09,13.65,2,-14.69,止损-3%,72,A,breakout,hot
001215.SZ,2025-06-04,2025-06-05,29.48,2025-06-09,29.35,2,-0.44,弱2d,77,A,breakout,hot
001234.SZ,2025-06-04,2025-06-05,21.98,2025-06-06,23.495,1,6.89,回落25%(高9.2%),80,A,breakout,hot
001236.SZ,2025-06-04,2025-06-05,10.36,2025-06-06,10.6005,1,2.32,回落35%(高3.6%),84,A,breakout,hot
001268.SZ,2025-06-04,2025-06-05,23.95,2025-06-09,24.7975,2,3.54,回落25%(高4.7%),85,A,breakout,hot
001338.SZ,2025-06-04,2025-06-05,13.83,2025-06-06,12.78,1,-7.59,止损-3%,94,A,breakout,hot
001914.SZ,2025-06-04,2025-06-05,12.1,2025-06-09,12.04,2,-0.5,弱2d,90,A,breakout,hot
002015.SZ,2025-06-04,2025-06-05,8.53,2025-06-06,8.807500000000001,1,3.25,回落25%(高4.3%),82,A,breakout,hot
002020.SZ,2025-06-04,2025-06-05,13.75,2025-06-06,13.32,1,-3.13,止损-3%,70,A,breakout,hot
002159.SZ,2025-06-04,2025-06-05,15.26,2025-06-09,15.25,2,-0.07,弱2d,79,A,breakout,hot
002180.SZ,2025-06-04,2025-06-05,22.66,2025-06-10,22.21,3,-1.99,弱3d,75,A,momentum,hot
002192.SZ,2025-06-04,2025-06-05,29.01,2025-06-09,28.96,2,-0.17,弱2d,81,A,breakout,hot
002240.SZ,2025-06-04,2025-06-05,11.78,2025-06-09,11.76,2,-0.17,弱2d,78,A,momentum,hot
002250.SZ,2025-06-04,2025-06-05,10.91,2025-06-06,12.8,1,17.32,目标+8%,90,A,breakout,hot
002275.SZ,2025-06-04,2025-06-05,16.07,2025-06-06,15.12,1,-5.91,止损-3%,94,A,breakout,hot
002278.SZ,2025-06-04,2025-06-05,9.42,2025-06-06,9.04,1,-4.03,止损-3%,72,A,breakout,hot
002292.SZ,2025-06-04,2025-06-05,10.13,2025-06-09,10.4825,2,3.48,回落25%(高4.6%),78,A,breakout,hot
002295.SZ,2025-06-04,2025-06-05,8.5,2025-06-09,8.47,2,-0.35,弱2d,70,A,breakout,hot
002318.SZ,2025-06-04,2025-06-05,24.55,2025-06-09,23.97,2,-2.36,弱2d,70,A,breakout,hot
002387.SZ,2025-06-04,2025-06-05,9.41,2025-06-09,9.19,2,-2.34,弱2d,91,A,breakout,hot
002463.SZ,2025-06-04,2025-06-05,33.2,2025-06-06,35.1725,1,5.94,回落25%(高7.9%),92,A,breakout,hot
002466.SZ,2025-06-04,2025-06-05,30.37,2025-06-10,30.15,3,-0.72,弱3d,74,A,breakout,hot
002537.SZ,2025-06-04,2025-06-05,8.53,2025-06-06,8.02,1,-5.98,止损-3%,73,A,breakout,hot
002557.SZ,2025-06-04,2025-06-05,23.71,2025-06-09,23.67,2,-0.17,弱2d,74,A,momentum,hot
002615.SZ,2025-06-04,2025-06-05,7.96,2025-06-06,7.72,1,-3.02,止损-3%,90,A,breakout,hot
002624.SZ,2025-06-04,2025-06-05,14.66,2025-06-09,14.26,2,-2.73,弱2d,86,A,breakout,hot
002714.SZ,2025-06-04,2025-06-05,41.6,2025-06-09,42.490500000000004,2,2.14,回落35%(高3.3%),79,A,breakout,hot
002780.SZ,2025-06-04,2025-06-05,13.26,2025-06-09,13.8,2,4.07,回落25%(高5.4%),72,A,breakout,hot
002785.SZ,2025-06-04,2025-06-05,31.99,2025-06-09,31.72,2,-0.84,弱2d,96,A,breakout,hot
002829.SZ,2025-06-04,2025-06-05,21.4,2025-06-09,20.88,2,-2.43,弱2d,73,A,breakout,hot
002847.SZ,2025-06-04,2025-06-05,97.31,2025-06-06,88.5,1,-9.05,止损-3%,84,A,breakout,hot
002852.SZ,2025-06-04,2025-06-05,10.32,2025-06-06,10.534500000000001,1,2.08,回落35%(高3.2%),75,A,breakout,hot
002891.SZ,2025-06-04,2025-06-05,72.24,2025-06-06,64.46,1,-10.77,止损-3%,90,A,breakout,hot
002902.SZ,2025-06-04,2025-06-05,18.51,2025-06-06,19.095,1,3.16,回落25%(高4.2%),80,A,momentum,hot
002961.SZ,2025-06-04,2025-06-05,17.88,2025-06-06,18.540000000000003,1,3.69,回落25%(高4.9%),81,A,breakout,hot
300003.SZ,2025-06-04,2025-06-05,13.68,2025-06-06,12.88,1,-5.85,止损-3%,94,A,breakout,hot
300146.SZ,2025-06-04,2025-06-05,11.93,2025-06-09,11.7,2,-1.93,弱2d,72,A,breakout,hot
300179.SZ,2025-06-04,2025-06-05,10.46,2025-06-06,9.96,1,-4.78,止损-3%,73,A,breakout,hot
300196.SZ,2025-06-04,2025-06-05,12.5,2025-06-06,12.786,1,2.29,回落35%(高3.5%),80,A,breakout,hot
300238.SZ,2025-06-04,2025-06-05,16.75,2025-06-06,16.07,1,-4.06,止损-3%,70,A,breakout,hot
300254.SZ,2025-06-04,2025-06-05,10.44,2025-06-06,9.96,1,-4.6,止损-3%,73,A,breakout,hot
300308.SZ,2025-06-04,2025-06-05,97.3,2025-06-06,102.66250000000001,1,5.51,回落25%(高7.3%),78,A,ignition,hot
300347.SZ,2025-06-04,2025-06-05,52.5,2025-06-06,50.03,1,-4.7,止损-3%,78,A,breakout,hot
300363.SZ,2025-06-04,2025-06-05,16.48,2025-06-09,17.117499999999996,2,3.87,回落25%(高5.2%),72,A,breakout,hot
300394.SZ,2025-06-04,2025-06-05,84.5,2025-06-06,90.5525,1,7.16,回落25%(高9.6%),75,A,breakout,hot
300457.SZ,2025-06-04,2025-06-05,17.71,2025-06-10,17.6,3,-0.62,弱3d,72,A,breakout,hot
300559.SZ,2025-06-04,2025-06-05,11.77,2025-06-09,11.75,2,-0.17,弱2d,79,A,breakout,hot
300678.SZ,2025-06-04,2025-06-05,36.38,2025-06-10,33.9,3,-6.82,止损-3%,74,A,breakout,hot
300725.SZ,2025-06-04,2025-06-05,36.0,2025-06-09,36.793,2,2.2,回落35%(高3.4%),70,A,breakout,hot
300739.SZ,2025-06-04,2025-06-05,13.23,2025-06-06,13.5615,1,2.51,回落35%(高3.9%),81,A,breakout,hot
300741.SZ,2025-06-04,2025-06-05,20.56,2025-06-06,18.7,1,-9.05,止损-3%,94,A,breakout,hot
300759.SZ,2025-06-04,2025-06-05,24.4,2025-06-10,25.5325,3,4.64,回落25%(高6.2%),74,A,breakout,hot
300770.SZ,2025-06-04,2025-06-05,41.03,2025-06-09,40.99,2,-0.1,弱2d,71,A,breakout,hot
300816.SZ,2025-06-04,2025-06-05,32.06,2025-06-06,32.723,1,2.07,回落35%(高3.2%),71,A,ignition,hot
300829.SZ,2025-06-04,2025-06-05,19.65,2025-06-06,20.033499999999997,1,1.95,回落35%(高3.0%),70,A,breakout,hot
300896.SZ,2025-06-04,2025-06-05,178.46,2025-06-06,173.03,1,-3.04,止损-3%,88,A,breakout,hot
300952.SZ,2025-06-04,2025-06-05,31.31,2025-06-06,29.34,1,-6.29,止损-3%,82,A,breakout,hot
300998.SZ,2025-06-04,2025-06-05,22.08,2025-06-06,22.5545,1,2.15,回落35%(高3.3%),78,A,breakout,hot
301015.SZ,2025-06-04,2025-06-05,19.92,2025-06-06,18.9,1,-5.12,止损-3%,90,A,breakout,hot
301096.SZ,2025-06-04,2025-06-05,43.86,2025-06-09,46.042500000000004,2,4.98,回落25%(高6.6%),70,A,breakout,hot
301522.SZ,2025-06-04,2025-06-05,35.0,2025-06-06,37.1075,1,6.02,回落25%(高8.0%),76,A,breakout,hot
600054.SH,2025-06-04,2025-06-05,11.75,2025-06-09,11.74,2,-0.09,弱2d,84,A,breakout,hot
600062.SH,2025-06-04,2025-06-05,19.89,2025-06-09,19.77,2,-0.6,弱2d,73,A,breakout,hot
600132.SH,2025-06-04,2025-06-05,60.13,2025-06-06,57.95,1,-3.63,止损-3%,83,A,breakout,hot
600223.SH,2025-06-04,2025-06-05,8.5,2025-06-06,8.23,1,-3.18,止损-3%,79,A,ignition,hot
600250.SH,2025-06-04,2025-06-05,9.66,2025-06-06,10.275,1,6.37,回落25%(高8.5%),81,A,breakout,hot
600259.SH,2025-06-04,2025-06-05,54.1,2025-06-06,55.205,1,2.04,回落35%(高3.1%),85,A,breakout,hot
600273.SH,2025-06-04,2025-06-05,8.49,2025-06-09,8.39,2,-1.18,弱2d,75,A,breakout,hot
600352.SH,2025-06-04,2025-06-05,10.07,2025-06-09,10.49,2,4.17,回落25%(高5.6%),76,A,breakout,hot
600362.SH,2025-06-04,2025-06-05,22.05,2025-06-12,22.45,5,1.81,时间5d,80,A,breakout,hot
600380.SH,2025-06-04,2025-06-05,11.68,2025-06-12,11.89,5,1.8,时间5d,71,A,breakout,hot
600392.SH,2025-06-04,2025-06-05,12.63,2025-06-06,13.02,1,3.09,回落25%(高4.1%),73,A,ignition,hot
600416.SH,2025-06-04,2025-06-05,11.44,2025-06-09,11.713000000000001,2,2.39,回落35%(高3.7%),76,A,breakout,hot
600426.SH,2025-06-04,2025-06-05,21.08,2025-06-06,21.7475,1,3.17,回落25%(高4.2%),71,A,breakout,hot
600446.SH,2025-06-04,2025-06-05,16.2,2025-06-06,16.95,1,4.63,回落25%(高6.2%),75,A,breakout,hot
600673.SH,2025-06-04,2025-06-05,10.44,2025-06-09,9.95,2,-4.69,止损-3%,89,A,breakout,hot
600742.SH,2025-06-04,2025-06-05,10.24,2025-06-09,10.09,2,-1.46,弱2d,72,A,breakout,hot
600749.SH,2025-06-04,2025-06-05,11.59,2025-06-12,11.824,5,2.02,回落35%(高3.1%),77,A,breakout,hot
600774.SH,2025-06-04,2025-06-05,9.31,2025-06-06,8.78,1,-5.69,止损-3%,73,A,ignition,hot
600830.SH,2025-06-04,2025-06-05,9.74,2025-06-10,10.1,3,3.7,回落25%(高4.9%),94,A,breakout,hot
600846.SH,2025-06-04,2025-06-05,9.77,2025-06-09,10.190000000000001,2,4.3,回落25%(高5.7%),71,A,breakout,hot
600980.SH,2025-06-04,2025-06-05,17.14,2025-06-09,18.8,2,9.68,目标+8%,70,A,breakout,hot
600993.SH,2025-06-04,2025-06-05,31.1,2025-06-06,29.4,1,-5.47,止损-3%,80,A,breakout,hot
601555.SH,2025-06-04,2025-06-05,8.18,2025-06-06,8.465,1,3.48,回落25%(高4.6%),71,A,breakout,hot
601566.SH,2025-06-04,2025-06-05,9.63,2025-06-06,9.26,1,-3.84,止损-3%,88,A,breakout,hot
601577.SH,2025-06-04,2025-06-05,10.2,2025-06-09,10.18,2,-0.2,弱2d,72,A,breakout,hot
601825.SH,2025-06-04,2025-06-05,10.37,2025-06-06,10.0,1,-3.57,止损-3%,88,A,breakout,hot
601858.SH,2025-06-04,2025-06-05,20.18,2025-06-06,21.2,1,5.05,回落25%(高6.7%),91,A,breakout,hot
601890.SH,2025-06-04,2025-06-05,8.99,2025-06-10,8.94,3,-0.56,弱3d,73,A,momentum,hot
603017.SH,2025-06-04,2025-06-05,12.09,2025-06-09,12.3305,2,1.99,回落35%(高3.1%),84,A,breakout,hot
603020.SH,2025-06-04,2025-06-05,9.11,2025-06-09,8.91,2,-2.2,弱2d,70,A,breakout,hot
603056.SH,2025-06-04,2025-06-05,21.89,2025-06-06,18.19,1,-16.9,止损-3%,72,A,breakout,hot
603071.SH,2025-06-04,2025-06-05,12.87,2025-06-06,12.23,1,-4.97,止损-3%,79,A,breakout,hot
603093.SH,2025-06-04,2025-06-05,17.31,2025-06-06,18.607499999999998,1,7.5,回落25%(高10.0%),100,A,breakout,hot
603099.SH,2025-06-04,2025-06-05,36.19,2025-06-06,36.8985,1,1.96,回落35%(高3.0%),94,A,breakout,hot
603103.SH,2025-06-04,2025-06-05,16.2,2025-06-12,16.609499999999997,5,2.53,回落35%(高3.9%),88,A,breakout,hot
603123.SH,2025-06-04,2025-06-05,12.08,2025-06-06,13.07,1,8.2,目标+8%,76,A,breakout,hot
603136.SH,2025-06-04,2025-06-05,12.31,2025-06-06,12.76,1,3.66,回落25%(高4.9%),88,A,breakout,hot
603137.SH,2025-06-04,2025-06-05,13.65,2025-06-12,13.53,5,-0.88,弱5d,79,A,breakout,hot
603167.SH,2025-06-04,2025-06-05,9.9,2025-06-06,9.62,1,-2.83,止损-3%,87,A,breakout,hot
603170.SH,2025-06-04,2025-06-05,14.11,2025-06-06,13.53,1,-4.11,止损-3%,81,A,breakout,hot
603180.SH,2025-06-04,2025-06-05,19.37,2025-06-06,20.255,1,4.57,回落25%(高6.1%),74,A,breakout,hot
603208.SH,2025-06-04,2025-06-05,16.5,2025-06-10,16.8835,3,2.32,回落35%(高3.6%),94,A,breakout,hot
603221.SH,2025-06-04,2025-06-05,12.11,2025-06-06,11.44,1,-5.53,止损-3%,89,A,breakout,hot
603226.SH,2025-06-04,2025-06-05,9.42,2025-06-06,10.93,1,16.03,目标+8%,94,A,breakout,hot
603238.SH,2025-06-04,2025-06-05,18.7,2025-06-06,17.17,1,-8.18,止损-3%,77,A,breakout,hot
603256.SH,2025-06-04,2025-06-05,12.77,2025-06-06,11.62,1,-9.01,止损-3%,89,A,breakout,hot
603258.SH,2025-06-04,2025-06-05,21.8,2025-06-06,22.3265,1,2.42,回落35%(高3.7%),71,A,breakout,hot
603283.SH,2025-06-04,2025-06-05,44.11,2025-06-10,44.06,3,-0.11,弱3d,77,A,ignition,hot
603320.SH,2025-06-04,2025-06-05,17.94,2025-06-09,17.64,2,-1.67,弱2d,79,A,breakout,hot
603392.SH,2025-06-04,2025-06-05,78.36,2025-06-06,72.48,1,-7.5,止损-3%,71,A,breakout,hot
603444.SH,2025-06-04,2025-06-05,274.43,2025-06-09,266.98,2,-2.71,弱2d,71,A,breakout,hot
603477.SH,2025-06-04,2025-06-05,21.92,2025-06-06,22.61,1,3.15,回落25%(高4.2%),77,A,breakout,hot
603535.SH,2025-06-04,2025-06-05,11.49,2025-06-06,10.96,1,-4.61,止损-3%,90,A,breakout,hot
603536.SH,2025-06-04,2025-06-05,9.56,2025-06-06,9.18,1,-3.97,止损-3%,80,A,breakout,hot
603590.SH,2025-06-04,2025-06-05,32.9,2025-06-06,31.3,1,-4.86,止损-3%,78,A,breakout,hot
603709.SH,2025-06-04,2025-06-05,12.87,2025-06-09,13.156,2,2.22,回落35%(高3.4%),81,A,breakout,hot
603713.SH,2025-06-04,2025-06-05,52.68,2025-06-09,53.95399999999999,2,2.42,回落35%(高3.7%),86,A,breakout,hot
603766.SH,2025-06-04,2025-06-05,13.95,2025-06-06,14.5275,1,4.14,回落25%(高5.5%),88,A,breakout,hot
603900.SH,2025-06-04,2025-06-05,12.97,2025-06-06,11.1,1,-14.42,止损-3%,70,A,breakout,hot
605028.SH,2025-06-04,2025-06-05,17.66,2025-06-09,17.56,2,-0.57,弱2d,81,A,breakout,hot
605299.SH,2025-06-04,2025-06-05,9.01,2025-06-06,9.610000000000001,1,6.66,回落25%(高8.9%),81,A,breakout,hot
605567.SH,2025-06-04,2025-06-05,10.11,2025-06-09,10.03,2,-0.79,弱2d,75,A,breakout,hot
605577.SH,2025-06-04,2025-06-05,12.92,2025-06-10,13.482499999999998,3,4.35,回落25%(高5.8%),75,A,breakout,hot
688011.SH,2025-06-04,2025-06-05,20.85,2025-06-06,20.11,1,-3.55,止损-3%,72,A,breakout,hot
688046.SH,2025-06-04,2025-06-05,13.17,2025-06-06,12.63,1,-4.1,止损-3%,78,A,breakout,hot
688053.SH,2025-06-04,2025-06-05,28.7,2025-06-06,29.855,1,4.02,回落25%(高5.4%),72,A,momentum,hot
688073.SH,2025-06-04,2025-06-05,46.08,2025-06-10,49.79,3,8.05,目标+8%,73,A,breakout,hot
688077.SH,2025-06-04,2025-06-05,26.67,2025-06-09,28.335,2,6.24,回落25%(高8.3%),76,A,ignition,hot
688102.SH,2025-06-04,2025-06-05,14.53,2025-06-06,15.6175,1,7.48,回落25%(高10.0%),86,A,breakout,hot
688117.SH,2025-06-04,2025-06-05,41.65,2025-06-09,48.55,2,16.57,目标+8%,76,A,breakout,hot
688131.SH,2025-06-04,2025-06-05,48.02,2025-06-06,46.16,1,-3.87,止损-3%,85,A,breakout,hot
688155.SH,2025-06-04,2025-06-05,46.1,2025-06-06,48.44,1,5.08,回落25%(高6.8%),87,A,breakout,hot
688163.SH,2025-06-04,2025-06-05,20.01,2025-06-06,22.0,1,9.95,目标+8%,76,A,breakout,hot
688167.SH,2025-06-04,2025-06-05,70.71,2025-06-06,74.58749999999999,1,5.48,回落25%(高7.3%),75,A,breakout,hot
688175.SH,2025-06-04,2025-06-05,18.99,2025-06-10,18.79,3,-1.05,弱3d,86,A,breakout,hot
688180.SH,2025-06-04,2025-06-05,34.05,2025-06-06,33.09,1,-2.82,止损-3%,86,A,breakout,hot
688183.SH,2025-06-04,2025-06-05,31.76,2025-06-06,41.33,1,30.13,目标+8%,75,A,ignition,hot
688196.SH,2025-06-04,2025-06-05,45.95,2025-06-09,45.68,2,-0.59,弱2d,91,A,breakout,hot
688197.SH,2025-06-04,2025-06-05,41.3,2025-06-06,38.91,1,-5.79,止损-3%,81,A,breakout,hot
688201.SH,2025-06-04,2025-06-05,10.06,2025-06-06,10.3825,1,3.21,回落25%(高4.3%),83,A,breakout,hot
688202.SH,2025-06-04,2025-06-05,35.2,2025-06-06,33.7,1,-4.26,止损-3%,90,A,breakout,hot
688215.SH,2025-06-04,2025-06-05,33.75,2025-06-06,37.22,1,10.28,目标+8%,79,A,breakout,hot
688221.SH,2025-06-04,2025-06-05,9.97,2025-06-06,10.165,1,1.96,回落35%(高3.0%),74,A,breakout,hot
688230.SH,2025-06-04,2025-06-05,49.97,2025-06-09,49.68,2,-0.58,弱2d,71,A,breakout,hot
688265.SH,2025-06-04,2025-06-05,27.41,2025-06-12,28.2875,5,3.2,回落25%(高4.3%),78,A,breakout,hot
688276.SH,2025-06-04,2025-06-05,21.51,2025-06-10,21.39,3,-0.56,弱3d,71,A,breakout,hot
688289.SH,2025-06-04,2025-06-05,20.51,2025-06-09,20.36,2,-0.73,弱2d,71,A,breakout,hot
688321.SH,2025-06-04,2025-06-05,22.58,2025-06-09,24.0125,2,6.34,回落25%(高8.5%),74,A,breakout,hot
688328.SH,2025-06-04,2025-06-05,20.2,2025-06-06,21.174999999999997,1,4.83,回落25%(高6.4%),81,A,breakout,hot
688357.SH,2025-06-04,2025-06-05,26.05,2025-06-09,26.6025,2,2.12,回落35%(高3.3%),72,A,breakout,hot
688363.SH,2025-06-04,2025-06-05,55.67,2025-06-09,54.81,2,-1.54,弱2d,79,A,breakout,hot
688378.SH,2025-06-04,2025-06-05,19.46,2025-06-09,19.38,2,-0.41,弱2d,80,A,breakout,hot
688379.SH,2025-06-04,2025-06-05,32.85,2025-06-06,34.1625,1,4.0,回落25%(高5.3%),76,A,breakout,hot
688392.SH,2025-06-04,2025-06-05,53.0,2025-06-06,54.189499999999995,1,2.24,回落35%(高3.5%),95,A,breakout,hot
688428.SH,2025-06-04,2025-06-05,24.53,2025-06-09,27.0,2,10.07,目标+8%,70,A,breakout,hot
688443.SH,2025-06-04,2025-06-05,33.5,2025-06-06,30.12,1,-10.09,止损-3%,74,A,breakout,hot
688499.SH,2025-06-04,2025-06-05,28.88,2025-06-06,29.869999999999997,1,3.43,回落25%(高4.6%),71,A,breakout,hot
688639.SH,2025-06-04,2025-06-05,34.02,2025-06-10,34.852,3,2.45,回落35%(高3.8%),80,A,breakout,hot
688668.SH,2025-06-04,2025-06-05,52.87,2025-06-06,55.345,1,4.68,回落25%(高6.2%),89,A,breakout,hot
920017.BJ,2025-06-04,2025-06-05,20.4,2025-06-06,19.79,1,-2.99,止损-3%,70,A,breakout,hot
920748.BJ,2025-06-04,2025-06-05,43.0,2025-06-06,59.99,1,39.51,目标+8%,70,A,breakout,hot
000989.SZ,2025-06-04,2025-06-05,10.28,2025-06-06,9.68,1,-5.84,止损-3%,95,A,breakout,hot
000029.SZ,2025-06-05,2025-06-06,20.2,2025-06-10,20.912499999999998,2,3.53,回落25%(高4.7%),84,A,breakout,warmup
000506.SZ,2025-06-05,2025-06-06,7.95,2025-06-09,9.45,1,18.87,目标+8%,99,A,breakout,warmup
000555.SZ,2025-06-05,2025-06-06,12.66,2025-06-10,12.11,2,-4.34,止损-3%,77,A,breakout,warmup
000625.SZ,2025-06-05,2025-06-06,13.2,2025-06-10,12.8,2,-3.03,止损-3%,91,A,breakout,warmup
000676.SZ,2025-06-05,2025-06-06,8.98,2025-06-09,9.1685,1,2.1,回落35%(高3.2%),88,A,breakout,warmup
000680.SZ,2025-06-05,2025-06-06,9.26,2025-06-10,8.98,2,-3.02,止损-3%,77,A,breakout,warmup
000819.SZ,2025-06-05,2025-06-06,15.08,2025-06-10,15.815,2,4.87,回落25%(高6.5%),70,A,breakout,warmup
000831.SZ,2025-06-05,2025-06-06,35.42,2025-06-09,37.347500000000004,1,5.44,回落25%(高7.3%),75,A,breakout,warmup
000888.SZ,2025-06-05,2025-06-06,14.56,2025-06-10,14.28,2,-1.92,弱2d,73,A,breakout,warmup
000988.SZ,2025-06-05,2025-06-06,44.3,2025-06-09,45.262,1,2.17,回落35%(高3.3%),77,A,momentum,warmup
001203.SZ,2025-06-05,2025-06-06,9.23,2025-06-10,9.6125,2,4.14,回落25%(高5.5%),72,A,breakout,warmup
001236.SZ,2025-06-05,2025-06-06,10.42,2025-06-09,10.667000000000002,1,2.37,回落35%(高3.6%),70,A,breakout,warmup
001338.SZ,2025-06-05,2025-06-06,13.18,2025-06-09,12.74,1,-3.34,止损-3%,73,A,breakout,warmup
002015.SZ,2025-06-05,2025-06-06,8.45,2025-06-09,9.072499999999998,1,7.37,回落25%(高9.8%),81,A,breakout,warmup
002115.SZ,2025-06-05,2025-06-06,8.61,2025-06-12,9.0,4,4.53,回落25%(高6.0%),94,A,breakout,warmup
002130.SZ,2025-06-05,2025-06-06,20.9,2025-06-09,22.19,1,6.17,回落25%(高8.2%),80,A,breakout,warmup
002152.SZ,2025-06-05,2025-06-06,12.73,2025-06-10,12.29,2,-3.46,止损-3%,85,A,breakout,warmup
002189.SZ,2025-06-05,2025-06-06,20.81,2025-06-10,20.01,2,-3.84,止损-3%,79,A,breakout,warmup
002190.SZ,2025-06-05,2025-06-06,39.5,2025-06-09,36.22,1,-8.3,止损-3%,77,A,ignition,warmup
002230.SZ,2025-06-05,2025-06-06,48.55,2025-06-10,48.0,2,-1.13,弱2d,73,A,breakout,warmup
002241.SZ,2025-06-05,2025-06-06,22.15,2025-06-10,22.08,2,-0.32,弱2d,75,A,momentum,warmup
002250.SZ,2025-06-05,2025-06-06,12.0,2025-06-09,14.08,1,17.33,目标+8%,89,A,breakout,warmup
002275.SZ,2025-06-05,2025-06-06,15.75,2025-06-09,15.13,1,-3.94,止损-3%,72,A,breakout,warmup
002281.SZ,2025-06-05,2025-06-06,43.63,2025-06-09,44.514,1,2.03,回落35%(高3.1%),75,A,momentum,warmup
002335.SZ,2025-06-05,2025-06-06,42.97,2025-06-09,44.402499999999996,1,3.33,回落25%(高4.4%),80,A,ignition,warmup
002463.SZ,2025-06-05,2025-06-06,34.98,2025-06-09,36.585,1,4.59,回落25%(高6.1%),93,A,breakout,warmup
002517.SZ,2025-06-05,2025-06-06,17.05,2025-06-10,16.95,2,-0.59,弱2d,77,A,breakout,warmup
002537.SZ,2025-06-05,2025-06-06,8.4,2025-06-10,8.582,2,2.17,回落35%(高3.3%),74,A,breakout,warmup
002543.SZ,2025-06-05,2025-06-06,11.79,2025-06-10,11.74,2,-0.42,弱2d,82,A,breakout,warmup
002780.SZ,2025-06-05,2025-06-06,13.1,2025-06-09,13.76,1,5.04,回落25%(高6.7%),71,A,breakout,warmup
002841.SZ,2025-06-05,2025-06-06,34.87,2025-06-10,34.0,2,-2.49,弱2d,71,A,momentum,warmup
002878.SZ,2025-06-05,2025-06-06,18.8,2025-06-10,19.595,2,4.23,回落25%(高5.6%),74,A,breakout,warmup
002902.SZ,2025-06-05,2025-06-06,19.07,2025-06-10,18.99,2,-0.42,弱2d,85,A,trend,warmup
002927.SZ,2025-06-05,2025-06-06,14.95,2025-06-10,14.56,2,-2.61,弱2d,88,A,breakout,warmup
002961.SZ,2025-06-05,2025-06-06,17.7,2025-06-09,19.27,1,8.87,目标+8%,74,A,breakout,warmup
002986.SZ,2025-06-05,2025-06-06,11.12,2025-06-10,11.1,2,-0.18,弱2d,74,A,breakout,warmup
300003.SZ,2025-06-05,2025-06-06,13.02,2025-06-10,13.672500000000001,2,5.01,回落25%(高6.7%),71,A,breakout,warmup
300053.SZ,2025-06-05,2025-06-06,13.15,2025-06-10,12.95,2,-1.52,弱2d,85,A,breakout,warmup
300136.SZ,2025-06-05,2025-06-06,22.92,2025-06-10,22.09,2,-3.62,止损-3%,95,A,breakout,warmup
300308.SZ,2025-06-05,2025-06-06,102.0,2025-06-09,108.87,1,6.74,回落25%(高9.0%),87,A,breakout,warmup
300363.SZ,2025-06-05,2025-06-06,16.16,2025-06-09,17.0375,1,5.43,回落25%(高7.2%),70,A,breakout,warmup
300364.SZ,2025-06-05,2025-06-06,22.13,2025-06-09,22.630499999999998,1,2.26,回落35%(高3.5%),91,A,breakout,warmup
300394.SZ,2025-06-05,2025-06-06,87.4,2025-06-09,70.2,1,-19.68,止损-3%,70,A,breakout,warmup
300433.SZ,2025-06-05,2025-06-06,21.7,2025-06-09,22.3825,1,3.15,回落25%(高4.2%),78,A,ignition,warmup
300454.SZ,2025-06-05,2025-06-06,96.66,2025-06-09,100.1475,1,3.61,回落25%(高4.8%),70,A,momentum,warmup
300559.SZ,2025-06-05,2025-06-06,11.78,2025-06-10,11.73,2,-0.42,弱2d,71,A,breakout,warmup
300672.SZ,2025-06-05,2025-06-06,90.0,2025-06-09,81.54,1,-9.4,止损-3%,73,A,breakout,warmup
300674.SZ,2025-06-05,2025-06-06,25.57,2025-06-10,25.12,2,-1.76,弱2d,80,A,breakout,warmup
300739.SZ,2025-06-05,2025-06-06,13.59,2025-06-10,13.43,2,-1.18,弱2d,93,A,breakout,warmup
300741.SZ,2025-06-05,2025-06-06,19.13,2025-06-09,20.9225,1,9.37,回落25%(高12.5%),73,A,breakout,warmup
300773.SZ,2025-06-05,2025-06-06,23.98,2025-06-10,23.69,2,-1.21,弱2d,74,A,breakout,warmup
300790.SZ,2025-06-05,2025-06-06,20.75,2025-06-10,20.19,2,-2.7,弱2d,73,A,momentum,warmup
300854.SZ,2025-06-05,2025-06-06,19.22,2025-06-10,17.88,2,-6.97,止损-3%,87,A,breakout,warmup
300855.SZ,2025-06-05,2025-06-06,22.88,2025-06-09,23.367499999999996,1,2.13,回落35%(高3.3%),76,A,momentum,warmup
300894.SZ,2025-06-05,2025-06-06,13.05,2025-06-11,13.02,3,-0.23,弱3d,76,A,breakout,warmup
300998.SZ,2025-06-05,2025-06-06,22.4,2025-06-10,21.6,2,-3.57,止损-3%,71,A,breakout,warmup
301015.SZ,2025-06-05,2025-06-06,19.2,2025-06-10,21.11,2,9.95,目标+8%,71,A,breakout,warmup
301035.SZ,2025-06-05,2025-06-06,57.32,2025-06-09,59.18,1,3.24,回落25%(高4.3%),94,A,breakout,warmup
301041.SZ,2025-06-05,2025-06-06,23.41,2025-06-10,23.03,2,-1.62,弱2d,71,A,breakout,warmup
301096.SZ,2025-06-05,2025-06-06,44.66,2025-06-09,46.2425,1,3.54,回落25%(高4.7%),70,A,breakout,warmup
301098.SZ,2025-06-05,2025-06-06,8.88,2025-06-09,9.3825,1,5.66,回落25%(高7.5%),78,A,breakout,warmup
301263.SZ,2025-06-05,2025-06-06,31.31,2025-06-09,35.3,1,12.74,目标+8%,74,A,breakout,warmup
301338.SZ,2025-06-05,2025-06-06,38.57,2025-06-10,39.337,2,1.99,回落35%(高3.1%),70,A,breakout,warmup
301390.SZ,2025-06-05,2025-06-06,34.35,2025-06-10,35.565,2,3.54,回落25%(高4.7%),81,A,breakout,warmup
301522.SZ,2025-06-05,2025-06-06,37.6,2025-06-09,35.43,1,-5.77,止损-3%,82,A,breakout,warmup
600037.SH,2025-06-05,2025-06-06,8.41,2025-06-10,8.08,2,-3.92,止损-3%,94,A,breakout,warmup
600218.SH,2025-06-05,2025-06-06,9.19,2025-06-10,9.05,2,-1.52,弱2d,76,A,breakout,warmup
600250.SH,2025-06-05,2025-06-06,9.92,2025-06-09,11.17,1,12.6,目标+8%,82,A,breakout,warmup
600259.SH,2025-06-05,2025-06-06,55.8,2025-06-09,52.2,1,-6.45,止损-3%,85,A,breakout,warmup
600373.SH,2025-06-05,2025-06-06,10.72,2025-06-13,10.22,5,-4.66,止损-3%,73,A,breakout,warmup
600391.SH,2025-06-05,2025-06-06,27.64,2025-06-09,26.35,1,-4.67,止损-3%,76,A,breakout,warmup
600392.SH,2025-06-05,2025-06-06,12.94,2025-06-09,13.345,1,3.13,回落25%(高4.2%),82,A,breakout,warmup
600446.SH,2025-06-05,2025-06-06,16.82,2025-06-10,16.09,2,-4.34,止损-3%,86,A,breakout,warmup
600551.SH,2025-06-05,2025-06-06,8.9,2025-06-10,8.75,2,-1.69,弱2d,82,A,breakout,warmup
600570.SH,2025-06-05,2025-06-06,27.28,2025-06-10,26.3,2,-3.59,止损-3%,75,A,breakout,warmup
600571.SH,2025-06-05,2025-06-06,16.11,2025-06-10,15.86,2,-1.55,弱2d,70,A,momentum,warmup
600588.SH,2025-06-05,2025-06-06,13.62,2025-06-09,14.6475,1,7.54,回落25%(高10.1%),73,A,momentum,warmup
600621.SH,2025-06-05,2025-06-06,15.07,2025-06-10,14.92,2,-1.0,弱2d,94,A,breakout,warmup
600640.SH,2025-06-05,2025-06-06,11.94,2025-06-13,11.59,5,-2.93,止损-3%,70,A,breakout,warmup
600818.SH,2025-06-05,2025-06-06,11.55,2025-06-09,11.809999999999999,1,2.25,回落35%(高3.5%),90,A,breakout,warmup
600830.SH,2025-06-05,2025-06-06,9.6,2025-06-09,9.821,1,2.3,回落35%(高3.5%),72,A,breakout,warmup
600989.SH,2025-06-05,2025-06-06,16.25,2025-06-10,16.09,2,-0.98,弱2d,78,A,breakout,warmup
601007.SH,2025-06-05,2025-06-06,8.31,2025-06-10,8.752500000000001,2,5.32,回落25%(高7.1%),84,A,breakout,warmup
601155.SH,2025-06-05,2025-06-06,13.25,2025-06-12,13.737499999999999,4,3.68,回落25%(高4.9%),78,A,breakout,warmup
601208.SH,2025-06-05,2025-06-06,9.67,2025-06-10,9.29,2,-3.93,止损-3%,75,A,momentum,warmup
601211.SH,2025-06-05,2025-06-06,18.42,2025-06-13,18.2,5,-1.19,弱5d,81,A,breakout,warmup
601336.SH,2025-06-05,2025-06-06,54.05,2025-06-10,53.0,2,-1.94,弱2d,79,A,breakout,warmup
601555.SH,2025-06-05,2025-06-06,8.4,2025-06-10,8.35,2,-0.6,弱2d,85,A,breakout,warmup
601566.SH,2025-06-05,2025-06-06,9.46,2025-06-09,8.97,1,-5.18,止损-3%,73,A,breakout,warmup
601606.SH,2025-06-05,2025-06-06,13.96,2025-06-09,13.5,1,-3.3,止损-3%,78,A,ignition,warmup
601628.SH,2025-06-05,2025-06-06,39.7,2025-06-10,39.46,2,-0.6,弱2d,75,A,trend,warmup
601858.SH,2025-06-05,2025-06-06,20.81,2025-06-09,21.3235,1,2.47,回落35%(高3.8%),72,A,breakout,warmup
603017.SH,2025-06-05,2025-06-06,12.04,2025-06-09,12.313,1,2.27,回落35%(高3.5%),73,A,breakout,warmup
603071.SH,2025-06-05,2025-06-06,12.43,2025-06-10,12.26,2,-1.37,弱2d,76,A,breakout,warmup
603083.SH,2025-06-05,2025-06-06,41.83,2025-06-09,44.62,1,6.67,回落25%(高8.9%),80,A,ignition,warmup
603093.SH,2025-06-05,2025-06-06,17.9,2025-06-09,20.56,1,14.86,目标+8%,89,A,breakout,warmup
603099.SH,2025-06-05,2025-06-06,36.63,2025-06-10,37.501000000000005,2,2.38,回落35%(高3.7%),74,A,breakout,warmup
603118.SH,2025-06-05,2025-06-06,10.03,2025-06-10,9.77,2,-2.59,弱2d,83,A,breakout,warmup
603123.SH,2025-06-05,2025-06-06,14.0,2025-06-09,12.8,1,-8.57,止损-3%,94,A,breakout,warmup
603136.SH,2025-06-05,2025-06-06,12.74,2025-06-10,12.7,2,-0.31,弱2d,91,A,breakout,warmup
603180.SH,2025-06-05,2025-06-06,19.7,2025-06-09,20.1745,1,2.41,回落35%(高3.7%),79,A,breakout,warmup
603208.SH,2025-06-05,2025-06-06,16.2,2025-06-09,16.7625,1,3.47,回落25%(高4.6%),78,A,breakout,warmup
603221.SH,2025-06-05,2025-06-06,11.6,2025-06-10,11.25,2,-3.02,止损-3%,78,A,breakout,warmup
603226.SH,2025-06-05,2025-06-06,10.93,2025-06-09,12.02,1,9.97,目标+8%,84,A,breakout,warmup
603236.SH,2025-06-05,2025-06-06,75.32,2025-06-09,77.855,1,3.37,回落25%(高4.5%),75,A,momentum,warmup
603238.SH,2025-06-05,2025-06-06,18.15,2025-06-10,17.46,2,-3.8,止损-3%,77,A,breakout,warmup
603256.SH,2025-06-05,2025-06-06,12.3,2025-06-09,11.78,1,-4.23,止损-3%,70,A,breakout,warmup
603392.SH,2025-06-05,2025-06-06,80.0,2025-06-09,69.7,1,-12.87,止损-3%,89,A,breakout,warmup
603535.SH,2025-06-05,2025-06-06,11.22,2025-06-10,10.84,2,-3.39,止损-3%,72,A,breakout,warmup
603558.SH,2025-06-05,2025-06-06,9.29,2025-06-10,9.649999999999999,2,3.88,回落25%(高5.2%),73,A,breakout,warmup
603766.SH,2025-06-05,2025-06-06,14.47,2025-06-10,14.12,2,-2.42,弱2d,75,A,breakout,warmup
603899.SH,2025-06-05,2025-06-06,31.75,2025-06-09,34.35,1,8.19,目标+8%,86,A,breakout,warmup
603908.SH,2025-06-05,2025-06-06,24.62,2025-06-09,25.715,1,4.45,回落25%(高5.9%),75,A,breakout,warmup
603920.SH,2025-06-05,2025-06-06,26.98,2025-06-10,25.93,2,-3.89,止损-3%,79,A,momentum,warmup
605090.SH,2025-06-05,2025-06-06,27.48,2025-06-10,26.6,2,-3.2,止损-3%,77,A,breakout,warmup
605299.SH,2025-06-05,2025-06-06,9.61,2025-06-10,10.4275,2,8.51,回落25%(高11.3%),94,A,breakout,warmup
688002.SH,2025-06-05,2025-06-06,63.88,2025-06-10,61.81,2,-3.24,止损-3%,79,A,breakout,warmup
688008.SH,2025-06-05,2025-06-06,83.11,2025-06-10,81.81,2,-1.56,弱2d,83,A,breakout,warmup
688020.SH,2025-06-05,2025-06-06,34.46,2025-06-09,35.136,1,1.96,回落35%(高3.0%),78,A,breakout,warmup
688031.SH,2025-06-05,2025-06-06,48.0,2025-06-10,46.03,2,-4.1,止损-3%,74,A,ignition,warmup
688053.SH,2025-06-05,2025-06-06,29.6,2025-06-10,31.759999999999998,2,7.3,回落25%(高9.7%),85,A,breakout,warmup
688077.SH,2025-06-05,2025-06-06,26.9,2025-06-09,28.3925,1,5.55,回落25%(高7.4%),71,A,breakout,warmup
688079.SH,2025-06-05,2025-06-06,9.28,2025-06-09,9.4815,1,2.17,回落35%(高3.3%),80,A,breakout,warmup
688102.SH,2025-06-05,2025-06-06,15.43,2025-06-10,16.0675,2,4.13,回落25%(高5.5%),92,A,breakout,warmup
688129.SH,2025-06-05,2025-06-06,24.42,2025-06-10,24.16,2,-1.06,弱2d,74,A,breakout,warmup
688151.SH,2025-06-05,2025-06-06,18.82,2025-06-09,18.1,1,-3.83,止损-3%,82,A,breakout,warmup
688155.SH,2025-06-05,2025-06-06,47.0,2025-06-09,49.2575,1,4.8,回落25%(高6.4%),76,A,breakout,warmup
688158.SH,2025-06-05,2025-06-06,22.0,2025-06-09,23.455000000000002,1,6.61,回落25%(高8.8%),81,A,ignition,warmup
688163.SH,2025-06-05,2025-06-06,20.68,2025-06-09,21.8875,1,5.84,回落25%(高7.8%),78,A,breakout,warmup
688167.SH,2025-06-05,2025-06-06,74.7,2025-06-09,77.07750000000001,1,3.18,回落25%(高4.2%),88,A,breakout,warmup
688183.SH,2025-06-05,2025-06-06,38.5,2025-06-09,41.50749999999999,1,7.81,回落25%(高10.4%),83,A,breakout,warmup
688188.SH,2025-06-05,2025-06-06,199.0,2025-06-09,139.5,1,-29.9,止损-3%,78,A,breakout,warmup
688195.SH,2025-06-05,2025-06-06,42.23,2025-06-10,40.16,2,-4.9,止损-3%,75,A,momentum,warmup
688201.SH,2025-06-05,2025-06-06,10.11,2025-06-09,10.331,1,2.19,回落35%(高3.4%),73,A,breakout,warmup
688205.SH,2025-06-05,2025-06-06,62.65,2025-06-10,65.6725,2,4.82,回落25%(高6.4%),70,A,breakout,warmup
688212.SH,2025-06-05,2025-06-06,53.45,2025-06-09,56.01499999999999,1,4.8,回落25%(高6.4%),75,A,breakout,warmup
688213.SH,2025-06-05,2025-06-06,98.0,2025-06-10,92.45,2,-5.66,止损-3%,87,A,breakout,warmup
688215.SH,2025-06-05,2025-06-06,35.97,2025-06-09,36.789,1,2.28,回落35%(高3.5%),83,A,breakout,warmup
688219.SH,2025-06-05,2025-06-06,12.35,2025-06-10,11.8,2,-4.45,止损-3%,79,A,ignition,warmup
688221.SH,2025-06-05,2025-06-06,10.0,2025-06-09,10.435,1,4.35,回落25%(高5.8%),72,A,breakout,warmup
688231.SH,2025-06-05,2025-06-06,16.71,2025-06-09,17.654999999999998,1,5.66,回落25%(高7.5%),70,A,breakout,warmup
688247.SH,2025-06-05,2025-06-06,10.12,2025-06-09,10.5775,1,4.52,回落25%(高6.0%),76,A,breakout,warmup
688248.SH,2025-06-05,2025-06-06,29.39,2025-06-09,30.485000000000003,1,3.73,回落25%(高5.0%),77,A,breakout,warmup
688260.SH,2025-06-05,2025-06-06,15.2,2025-06-09,16.57,1,9.01,目标+8%,83,A,breakout,warmup
688276.SH,2025-06-05,2025-06-06,21.46,2025-06-10,21.39,2,-0.33,弱2d,75,A,breakout,warmup
688301.SH,2025-06-05,2025-06-06,132.98,2025-06-10,126.0,2,-5.25,止损-3%,77,A,breakout,warmup
688313.SH,2025-06-05,2025-06-06,32.03,2025-06-09,34.76,1,8.52,目标+8%,85,A,breakout,warmup
688316.SH,2025-06-05,2025-06-06,61.0,2025-06-09,68.5,1,12.3,目标+8%,90,A,ignition,warmup
688321.SH,2025-06-05,2025-06-06,23.05,2025-06-09,24.13,1,4.69,回落25%(高6.2%),84,A,breakout,warmup
688323.SH,2025-06-05,2025-06-06,13.88,2025-06-12,13.7,4,-1.3,弱4d,74,A,momentum,warmup
688327.SH,2025-06-05,2025-06-06,13.82,2025-06-10,13.21,2,-4.41,止损-3%,70,A,momentum,warmup
688328.SH,2025-06-05,2025-06-06,20.93,2025-06-10,20.19,2,-3.54,止损-3%,85,A,breakout,warmup
688330.SH,2025-06-05,2025-06-06,25.52,2025-06-10,25.46,2,-0.24,弱2d,70,A,breakout,warmup
688332.SH,2025-06-05,2025-06-06,94.85,2025-06-09,103.4,1,9.01,目标+8%,74,A,ignition,warmup
688333.SH,2025-06-05,2025-06-06,62.44,2025-06-09,58.96,1,-5.57,止损-3%,76,A,ignition,warmup
688336.SH,2025-06-05,2025-06-06,63.95,2025-06-09,65.276,1,2.07,回落35%(高3.2%),82,A,breakout,warmup
688379.SH,2025-06-05,2025-06-06,34.07,2025-06-09,32.88,1,-3.49,止损-3%,87,A,breakout,warmup
688392.SH,2025-06-05,2025-06-06,54.83,2025-06-10,54.23,2,-1.09,弱2d,77,A,breakout,warmup
688403.SH,2025-06-05,2025-06-06,9.63,2025-06-09,9.838000000000001,1,2.16,回落35%(高3.3%),71,A,momentum,warmup
688435.SH,2025-06-05,2025-06-06,31.08,2025-06-09,32.212500000000006,1,3.64,回落25%(高4.9%),73,A,momentum,warmup
688443.SH,2025-06-05,2025-06-06,31.34,2025-06-10,32.285,2,3.02,回落25%(高4.0%),76,A,breakout,warmup
688484.SH,2025-06-05,2025-06-06,35.02,2025-06-10,34.72,2,-0.86,弱2d,98,A,breakout,warmup
688489.SH,2025-06-05,2025-06-06,36.07,2025-06-10,34.4,2,-4.63,止损-3%,75,A,breakout,warmup
688498.SH,2025-06-05,2025-06-06,143.0,2025-06-09,151.95499999999998,1,6.26,回落25%(高8.3%),85,A,breakout,warmup
688520.SH,2025-06-05,2025-06-06,44.27,2025-06-09,47.787499999999994,1,7.95,回落25%(高10.6%),71,A,breakout,warmup
688536.SH,2025-06-05,2025-06-06,157.0,2025-06-09,149.51,1,-4.77,止损-3%,85,A,breakout,warmup
688616.SH,2025-06-05,2025-06-06,11.78,2025-06-10,12.2375,2,3.88,回落25%(高5.2%),76,A,breakout,warmup
688629.SH,2025-06-05,2025-06-06,53.19,2025-06-10,50.8,2,-4.49,止损-3%,78,A,ignition,warmup
688668.SH,2025-06-05,2025-06-06,54.9,2025-06-09,57.14999999999999,1,4.1,回落25%(高5.5%),81,A,breakout,warmup
920088.BJ,2025-06-05,2025-06-06,28.28,2025-06-09,29.8925,1,5.7,回落25%(高7.6%),78,A,breakout,warmup
920116.BJ,2025-06-05,2025-06-06,79.5,2025-06-09,75.76,1,-4.7,止损-3%,81,A,ignition,warmup
920227.BJ,2025-06-05,2025-06-06,61.05,2025-06-10,60.89,2,-0.26,弱2d,73,A,ignition,warmup
920357.BJ,2025-06-05,2025-06-06,25.0,2025-06-10,24.0,2,-4.0,止损-3%,90,A,breakout,warmup
920375.BJ,2025-06-05,2025-06-06,24.47,2025-06-09,23.69,1,-3.19,止损-3%,84,A,breakout,warmup
920493.BJ,2025-06-05,2025-06-06,154.64,2025-06-09,167.945,1,8.6,回落25%(高11.5%),77,A,ignition,warmup
920748.BJ,2025-06-05,2025-06-06,55.0,2025-06-09,77.98,1,41.78,目标+8%,89,A,breakout,warmup
000989.SZ,2025-06-05,2025-06-06,9.78,2025-06-09,10.38,1,6.13,回落25%(高8.2%),73,A,breakout,warmup
301227.SZ,2025-06-05,2025-06-06,19.72,2025-06-09,21.1375,1,7.19,回落25%(高9.6%),90,A,breakout,warmup
301366.SZ,2025-06-05,2025-06-06,36.94,2025-06-09,34.86,1,-5.63,止损-3%,85,A,breakout,warmup
605303.SH,2025-06-05,2025-06-06,11.0,2025-06-09,12.03,1,9.36,目标+8%,82,A,breakout,warmup
688501.SH,2025-06-05,2025-06-06,29.9,2025-06-09,31.669999999999998,1,5.92,回落25%(高7.9%),77,A,breakout,warmup
000045.SZ,2025-06-06,2025-06-09,11.4,2025-06-11,11.25,2,-1.32,弱2d,77,A,breakout,hot
000408.SZ,2025-06-06,2025-06-09,37.6,2025-06-11,39.55,2,5.19,回落25%(高6.9%),70,A,breakout,hot
000409.SZ,2025-06-06,2025-06-09,12.04,2025-06-11,12.505,2,3.86,回落25%(高5.1%),84,A,breakout,hot
000426.SZ,2025-06-06,2025-06-09,15.45,2025-06-10,16.23,1,5.05,回落25%(高6.7%),100,A,breakout,hot
000506.SZ,2025-06-06,2025-06-09,9.0,2025-06-10,9.2925,1,3.25,回落25%(高4.3%),94,A,breakout,hot
000525.SZ,2025-06-06,2025-06-09,8.0,2025-06-10,8.6375,1,7.97,回落25%(高10.6%),88,A,breakout,hot
000586.SZ,2025-06-06,2025-06-09,10.84,2025-06-11,10.71,2,-1.2,弱2d,75,A,breakout,hot
000625.SZ,2025-06-06,2025-06-09,12.86,2025-06-11,12.84,2,-0.16,弱2d,71,A,breakout,hot
000810.SZ,2025-06-06,2025-06-09,11.45,2025-06-10,11.900000000000002,1,3.93,回落25%(高5.2%),89,A,breakout,hot
000815.SZ,2025-06-06,2025-06-09,13.33,2025-06-11,13.23,2,-0.75,弱2d,90,A,ignition,hot
000988.SZ,2025-06-06,2025-06-09,45.0,2025-06-11,44.32,2,-1.51,弱2d,74,A,breakout,hot
001201.SZ,2025-06-06,2025-06-09,14.88,2025-06-11,15.682500000000001,2,5.39,回落25%(高7.2%),71,A,breakout,hot
001210.SZ,2025-06-06,2025-06-09,13.5,2025-06-11,13.45,2,-0.37,弱2d,72,A,breakout,hot
001234.SZ,2025-06-06,2025-06-09,23.36,2025-06-10,21.96,1,-5.99,止损-3%,71,A,breakout,hot
001268.SZ,2025-06-06,2025-06-09,24.64,2025-06-12,24.34,3,-1.22,弱3d,81,A,breakout,hot
001338.SZ,2025-06-06,2025-06-09,12.91,2025-06-11,12.64,2,-2.09,弱2d,70,A,breakout,hot
001360.SZ,2025-06-06,2025-06-09,13.61,2025-06-12,14.067500000000003,3,3.36,回落25%(高4.5%),72,A,breakout,hot
001368.SZ,2025-06-06,2025-06-09,23.1,2025-06-10,24.03,1,4.03,回落25%(高5.4%),79,A,breakout,hot
001387.SZ,2025-06-06,2025-06-09,13.65,2025-06-11,13.59,2,-0.44,弱2d,78,A,breakout,hot
002082.SZ,2025-06-06,2025-06-09,7.91,2025-06-10,8.54,1,7.96,回落25%(高10.6%),84,A,breakout,hot
002090.SZ,2025-06-06,2025-06-09,9.99,2025-06-11,9.64,2,-3.5,止损-3%,70,A,breakout,hot
002115.SZ,2025-06-06,2025-06-09,8.35,2025-06-10,8.558,1,2.49,回落35%(高3.8%),70,A,breakout,hot
002130.SZ,2025-06-06,2025-06-09,21.7,2025-06-11,21.45,2,-1.15,弱2d,70,A,breakout,hot
002205.SZ,2025-06-06,2025-06-09,10.5,2025-06-13,10.46,4,-0.38,弱4d,76,A,breakout,hot
002250.SZ,2025-06-06,2025-06-09,13.4,2025-06-10,14.8,1,10.45,目标+8%,83,A,breakout,hot
002317.SZ,2025-06-06,2025-06-09,15.1,2025-06-10,16.84,1,11.52,目标+8%,86,A,breakout,hot
002335.SZ,2025-06-06,2025-06-09,43.5,2025-06-11,42.82,2,-1.56,弱2d,71,A,momentum,hot
002407.SZ,2025-06-06,2025-06-09,11.78,2025-06-13,11.62,4,-1.36,弱4d,83,A,breakout,hot
002645.SZ,2025-06-06,2025-06-09,8.84,2025-06-10,9.215,1,4.24,回落25%(高5.7%),91,A,breakout,hot
002785.SZ,2025-06-06,2025-06-09,32.0,2025-06-11,31.49,2,-1.59,弱2d,79,A,breakout,hot
002827.SZ,2025-06-06,2025-06-09,30.75,2025-06-10,31.8225,1,3.49,回落25%(高4.7%),90,A,breakout,hot
002978.SZ,2025-06-06,2025-06-09,32.53,2025-06-11,32.21,2,-0.98,弱2d,90,A,breakout,hot
003002.SZ,2025-06-06,2025-06-09,27.77,2025-06-10,26.61,1,-4.18,止损-3%,85,A,breakout,hot
300053.SZ,2025-06-06,2025-06-09,13.21,2025-06-11,12.84,2,-2.8,止损-3%,71,A,breakout,hot
300191.SZ,2025-06-06,2025-06-09,19.0,2025-06-10,19.735000000000003,1,3.87,回落25%(高5.2%),81,A,breakout,hot
300196.SZ,2025-06-06,2025-06-09,12.51,2025-06-10,12.06,1,-3.6,止损-3%,73,A,breakout,hot
300199.SZ,2025-06-06,2025-06-09,14.75,2025-06-10,17.81,1,20.75,目标+8%,79,A,breakout,hot
300308.SZ,2025-06-06,2025-06-09,105.31,2025-06-10,108.62500000000001,1,3.15,回落25%(高4.2%),71,A,breakout,hot
300394.SZ,2025-06-06,2025-06-09,66.58,2025-06-10,68.8375,1,3.39,回落25%(高4.5%),70,A,breakout,hot
300494.SZ,2025-06-06,2025-06-09,12.92,2025-06-10,13.37,1,3.48,回落25%(高4.6%),71,A,breakout,hot
300672.SZ,2025-06-06,2025-06-09,85.0,2025-06-10,78.01,1,-8.22,止损-3%,72,A,breakout,hot
300678.SZ,2025-06-06,2025-06-09,36.18,2025-06-10,33.9,1,-6.3,止损-3%,70,A,breakout,hot
300741.SZ,2025-06-06,2025-06-09,18.65,2025-06-10,21.36,1,14.53,目标+8%,70,A,breakout,hot
301035.SZ,2025-06-06,2025-06-09,58.15,2025-06-10,59.4825,1,2.29,回落35%(高3.5%),83,A,breakout,hot
301063.SZ,2025-06-06,2025-06-09,27.24,2025-06-10,28.4475,1,4.43,回落25%(高5.9%),83,A,breakout,hot
301098.SZ,2025-06-06,2025-06-09,9.18,2025-06-10,9.997499999999999,1,8.91,回落25%(高11.9%),91,A,breakout,hot
301299.SZ,2025-06-06,2025-06-09,60.84,2025-06-12,63.6,3,4.54,回落25%(高6.0%),79,A,momentum,hot
301313.SZ,2025-06-06,2025-06-09,23.23,2025-06-11,22.89,2,-1.46,弱2d,70,A,breakout,hot
600037.SH,2025-06-06,2025-06-09,8.45,2025-06-10,8.08,1,-4.38,止损-3%,78,A,breakout,hot
600160.SH,2025-06-06,2025-06-09,27.07,2025-06-13,27.622500000000002,4,2.04,回落35%(高3.1%),78,A,breakout,hot
600250.SH,2025-06-06,2025-06-09,10.19,2025-06-10,11.64,1,14.23,目标+8%,79,A,breakout,hot
600326.SH,2025-06-06,2025-06-09,7.98,2025-06-11,7.93,2,-0.63,弱2d,76,A,breakout,hot
600352.SH,2025-06-06,2025-06-09,10.11,2025-06-10,10.4625,1,3.49,回落25%(高4.6%),75,A,breakout,hot
600362.SH,2025-06-06,2025-06-09,22.2,2025-06-16,22.23,5,0.14,时间5d,76,A,breakout,hot
600426.SH,2025-06-06,2025-06-09,21.9,2025-06-13,22.465500000000002,4,2.58,回落35%(高4.0%),88,A,breakout,hot
600818.SH,2025-06-06,2025-06-09,11.64,2025-06-13,11.33,4,-2.66,弱4d,83,A,breakout,hot
600830.SH,2025-06-06,2025-06-09,9.63,2025-06-10,10.0725,1,4.6,回落25%(高6.1%),71,A,breakout,hot
600846.SH,2025-06-06,2025-06-09,10.02,2025-06-10,10.254,1,2.34,回落35%(高3.6%),83,A,breakout,hot
600847.SH,2025-06-06,2025-06-09,10.35,2025-06-11,10.32,2,-0.29,弱2d,73,A,breakout,hot
601007.SH,2025-06-06,2025-06-09,8.02,2025-06-10,8.68,1,8.23,回落25%(高11.0%),70,A,breakout,hot
601666.SH,2025-06-06,2025-06-09,7.87,2025-06-11,7.69,2,-2.29,弱2d,77,A,breakout,hot
601858.SH,2025-06-06,2025-06-09,21.23,2025-06-10,20.53,1,-3.3,止损-3%,90,A,breakout,hot
603017.SH,2025-06-06,2025-06-09,11.8,2025-06-10,12.16,1,3.05,回落25%(高4.1%),94,A,breakout,hot
603083.SH,2025-06-06,2025-06-09,45.1,2025-06-11,43.7,2,-3.1,止损-3%,90,A,breakout,hot
603093.SH,2025-06-06,2025-06-09,17.95,2025-06-10,20.08,1,11.87,目标+8%,90,A,breakout,hot
603180.SH,2025-06-06,2025-06-09,20.42,2025-06-11,20.07,2,-1.71,弱2d,84,A,breakout,hot
603191.SH,2025-06-06,2025-06-09,12.36,2025-06-13,12.28,4,-0.65,弱4d,73,A,breakout,hot
603208.SH,2025-06-06,2025-06-09,16.33,2025-06-10,16.9,1,3.49,回落25%(高4.7%),81,A,breakout,hot
603209.SH,2025-06-06,2025-06-09,15.01,2025-06-11,14.95,2,-0.4,弱2d,70,A,momentum,hot
603236.SH,2025-06-06,2025-06-09,77.17,2025-06-10,74.82,1,-3.05,止损-3%,70,A,momentum,hot
603280.SH,2025-06-06,2025-06-09,25.7,2025-06-11,25.34,2,-1.4,弱2d,72,A,momentum,hot
603310.SH,2025-06-06,2025-06-09,20.1,2025-06-10,20.8875,1,3.92,回落25%(高5.2%),82,A,breakout,hot
603353.SH,2025-06-06,2025-06-09,16.51,2025-06-10,16.03,1,-2.91,止损-3%,81,A,breakout,hot
603392.SH,2025-06-06,2025-06-09,71.02,2025-06-10,67.56,1,-4.87,止损-3%,75,A,breakout,hot
603477.SH,2025-06-06,2025-06-09,22.1,2025-06-10,22.8875,1,3.56,回落25%(高4.8%),81,A,breakout,hot
603637.SH,2025-06-06,2025-06-09,10.86,2025-06-10,11.715,1,7.87,回落25%(高10.5%),90,A,breakout,hot
603680.SH,2025-06-06,2025-06-09,11.55,2025-06-10,13.16,1,13.94,目标+8%,86,A,breakout,hot
603713.SH,2025-06-06,2025-06-09,53.26,2025-06-11,54.312999999999995,2,1.98,回落35%(高3.0%),71,A,breakout,hot
603727.SH,2025-06-06,2025-06-09,14.69,2025-06-12,14.9825,3,1.99,回落35%(高3.1%),79,A,breakout,hot
603810.SH,2025-06-06,2025-06-09,16.34,2025-06-13,16.13,4,-1.29,弱4d,86,A,breakout,hot
603860.SH,2025-06-06,2025-06-09,30.47,2025-06-11,30.32,2,-0.49,弱2d,70,A,breakout,hot
603970.SH,2025-06-06,2025-06-09,14.8,2025-06-10,15.272499999999999,1,3.19,回落25%(高4.3%),78,A,trend,hot
603986.SH,2025-06-06,2025-06-09,123.0,2025-06-10,119.4,1,-2.93,止损-3%,72,A,breakout,hot
605020.SH,2025-06-06,2025-06-09,22.19,2025-06-11,22.03,2,-0.72,弱2d,85,A,breakout,hot
605122.SH,2025-06-06,2025-06-09,12.7,2025-06-10,12.07,1,-4.96,止损-3%,89,A,breakout,hot
605189.SH,2025-06-06,2025-06-09,15.17,2025-06-10,15.6275,1,3.02,回落25%(高4.0%),74,A,breakout,hot
605299.SH,2025-06-06,2025-06-09,9.45,2025-06-10,10.3875,1,9.92,回落25%(高13.2%),78,A,breakout,hot
605376.SH,2025-06-06,2025-06-09,34.59,2025-06-11,38.87,2,12.37,目标+8%,79,A,ignition,hot
688023.SH,2025-06-06,2025-06-09,48.88,2025-06-10,47.3,1,-3.23,止损-3%,70,A,breakout,hot
688025.SH,2025-06-06,2025-06-09,54.19,2025-06-10,57.2125,1,5.58,回落25%(高7.4%),91,A,breakout,hot
688057.SH,2025-06-06,2025-06-09,12.2,2025-06-11,12.17,2,-0.25,弱2d,78,A,breakout,hot
688062.SH,2025-06-06,2025-06-09,27.77,2025-06-10,30.7775,1,10.83,回落25%(高14.4%),80,A,breakout,hot
688080.SH,2025-06-06,2025-06-09,51.25,2025-06-10,48.69,1,-5.0,止损-3%,74,A,breakout,hot
688096.SH,2025-06-06,2025-06-09,18.21,2025-06-10,17.1,1,-6.1,止损-3%,76,A,ignition,hot
688152.SH,2025-06-06,2025-06-09,57.18,2025-06-10,55.4,1,-3.11,止损-3%,76,A,momentum,hot
688155.SH,2025-06-06,2025-06-09,47.2,2025-06-10,48.37,1,2.48,回落35%(高3.8%),73,A,breakout,hot
688158.SH,2025-06-06,2025-06-09,23.51,2025-06-10,22.85,1,-2.81,止损-3%,82,A,breakout,hot
688163.SH,2025-06-06,2025-06-09,22.0,2025-06-10,20.51,1,-6.77,止损-3%,86,A,breakout,hot
688166.SH,2025-06-06,2025-06-09,51.5,2025-06-11,53.135000000000005,2,3.17,回落25%(高4.2%),77,A,breakout,hot
688170.SH,2025-06-06,2025-06-09,21.88,2025-06-12,22.3155,3,1.99,回落35%(高3.1%),70,A,breakout,hot
688183.SH,2025-06-06,2025-06-09,40.5,2025-06-10,41.7375,1,3.06,回落25%(高4.1%),85,A,breakout,hot
688199.SH,2025-06-06,2025-06-09,18.85,2025-06-10,19.318,1,2.48,回落35%(高3.8%),81,A,breakout,hot
688212.SH,2025-06-06,2025-06-09,55.8,2025-06-10,53.88,1,-3.44,止损-3%,84,A,breakout,hot
688215.SH,2025-06-06,2025-06-09,37.22,2025-06-10,35.07,1,-5.78,止损-3%,79,A,breakout,hot
688229.SH,2025-06-06,2025-06-09,52.66,2025-06-11,50.88,2,-3.38,止损-3%,70,A,momentum,hot
688231.SH,2025-06-06,2025-06-09,17.81,2025-06-10,17.05,1,-4.27,止损-3%,81,A,breakout,hot
688248.SH,2025-06-06,2025-06-09,29.65,2025-06-10,31.0225,1,4.63,回落25%(高6.2%),77,A,breakout,hot
688249.SH,2025-06-06,2025-06-09,21.17,2025-06-11,20.82,2,-1.65,弱2d,73,A,breakout,hot
688260.SH,2025-06-06,2025-06-09,15.65,2025-06-10,16.5425,1,5.7,回落25%(高7.6%),83,A,breakout,hot
688298.SH,2025-06-06,2025-06-09,25.28,2025-06-10,26.8325,1,6.14,回落25%(高8.2%),79,A,breakout,hot
688309.SH,2025-06-06,2025-06-09,17.48,2025-06-12,17.45,3,-0.17,弱3d,77,A,breakout,hot
688310.SH,2025-06-06,2025-06-09,15.18,2025-06-10,15.945,1,5.04,回落25%(高6.7%),79,A,breakout,hot
688313.SH,2025-06-06,2025-06-09,35.59,2025-06-11,34.49,2,-3.09,止损-3%,90,A,breakout,hot
688316.SH,2025-06-06,2025-06-09,64.99,2025-06-10,68.6725,1,5.67,回落25%(高7.6%),86,A,breakout,hot
688321.SH,2025-06-06,2025-06-09,22.8,2025-06-10,23.602500000000003,1,3.52,回落25%(高4.7%),71,A,breakout,hot
688332.SH,2025-06-06,2025-06-09,99.82,2025-06-10,102.08200000000001,1,2.27,回落35%(高3.5%),84,A,breakout,hot
688377.SH,2025-06-06,2025-06-09,23.5,2025-06-13,24.325000000000003,4,3.51,回落25%(高4.7%),93,A,breakout,hot
688399.SH,2025-06-06,2025-06-09,74.51,2025-06-12,73.96,3,-0.74,弱3d,88,A,breakout,hot
688409.SH,2025-06-06,2025-06-09,54.19,2025-06-10,52.5,1,-3.12,止损-3%,81,A,breakout,hot
688410.SH,2025-06-06,2025-06-09,14.6,2025-06-10,14.13,1,-3.22,止损-3%,81,A,breakout,hot
688416.SH,2025-06-06,2025-06-09,38.98,2025-06-11,37.92,2,-2.72,弱2d,70,A,momentum,hot
688420.SH,2025-06-06,2025-06-09,23.06,2025-06-11,23.0,2,-0.26,弱2d,72,A,breakout,hot
688520.SH,2025-06-06,2025-06-09,45.98,2025-06-10,47.3975,1,3.08,回落25%(高4.1%),87,A,breakout,hot
688616.SH,2025-06-06,2025-06-09,11.9,2025-06-10,12.267500000000002,1,3.09,回落25%(高4.1%),74,A,breakout,hot
920088.BJ,2025-06-06,2025-06-09,29.86,2025-06-10,30.9325,1,3.59,回落25%(高4.8%),86,A,breakout,hot
920184.BJ,2025-06-06,2025-06-09,15.11,2025-06-10,14.65,1,-3.04,止损-3%,71,A,momentum,hot
920493.BJ,2025-06-06,2025-06-09,162.0,2025-06-10,170.23499999999999,1,5.08,回落25%(高6.8%),75,A,breakout,hot
920564.BJ,2025-06-06,2025-06-09,26.0,2025-06-10,26.9225,1,3.55,回落25%(高4.7%),71,A,momentum,hot
920992.BJ,2025-06-06,2025-06-09,22.3,2025-06-10,23.185000000000002,1,3.97,回落25%(高5.3%),74,A,breakout,hot
300474.SZ,2025-06-06,2025-06-09,71.82,2025-06-11,71.1,2,-1.0,弱2d,79,A,momentum,hot
300588.SZ,2025-06-06,2025-06-09,12.73,2025-06-10,14.36,1,12.8,目标+8%,71,A,trend,hot
301227.SZ,2025-06-06,2025-06-09,19.93,2025-06-10,21.6325,1,8.54,回落25%(高11.4%),91,A,breakout,hot
605303.SH,2025-06-06,2025-06-09,11.89,2025-06-10,12.422500000000001,1,4.48,回落25%(高6.0%),85,A,breakout,hot
920019.BJ,2025-06-06,2025-06-09,22.82,2025-06-11,23.63,2,3.55,回落25%(高4.7%),89,A,breakout,hot
920174.BJ,2025-06-06,2025-06-09,41.98,2025-06-10,43.6075,1,3.88,回落25%(高5.2%),72,A,trend,hot
920179.BJ,2025-06-06,2025-06-09,35.5,2025-06-10,33.9,1,-4.51,止损-3%,71,A,momentum,hot
000009.SZ,2025-06-09,2025-06-10,8.23,2025-06-12,8.18,2,-0.61,弱2d,75,A,breakout,hot
000020.SZ,2025-06-09,2025-06-10,12.93,2025-06-12,12.62,2,-2.4,弱2d,81,A,breakout,hot
000045.SZ,2025-06-09,2025-06-10,11.6,2025-06-11,11.25,1,-3.02,止损-3%,75,A,breakout,hot
000409.SZ,2025-06-09,2025-06-10,12.09,2025-06-11,12.517499999999998,1,3.54,回落25%(高4.7%),78,A,breakout,hot
000426.SZ,2025-06-09,2025-06-10,16.17,2025-06-12,16.5795,2,2.53,回落35%(高3.9%),82,A,breakout,hot
000506.SZ,2025-06-09,2025-06-10,9.27,2025-06-11,8.79,1,-5.18,止损-3%,84,A,breakout,hot
000525.SZ,2025-06-09,2025-06-10,8.54,2025-06-11,8.29,1,-2.93,止损-3%,82,A,breakout,hot
000551.SZ,2025-06-09,2025-06-10,12.64,2025-06-12,12.63,2,-0.08,弱2d,80,A,breakout,hot
000590.SZ,2025-06-09,2025-06-10,9.87,2025-06-12,9.61,2,-2.63,弱2d,71,A,breakout,hot
000625.SZ,2025-06-09,2025-06-10,13.0,2025-06-12,12.91,2,-0.69,弱2d,73,A,breakout,hot
000676.SZ,2025-06-09,2025-06-10,8.9,2025-06-12,8.67,2,-2.58,弱2d,83,A,breakout,hot
000766.SZ,2025-06-09,2025-06-10,23.49,2025-06-11,24.194999999999997,1,3.0,回落25%(高4.0%),72,A,breakout,hot
000768.SZ,2025-06-09,2025-06-10,25.65,2025-06-12,25.5,2,-0.58,弱2d,85,A,breakout,hot
000795.SZ,2025-06-09,2025-06-10,11.2,2025-06-11,12.16,1,8.57,回落25%(高11.4%),95,A,breakout,hot
000810.SZ,2025-06-09,2025-06-10,11.99,2025-06-11,11.65,1,-2.84,止损-3%,80,A,breakout,hot
000831.SZ,2025-06-09,2025-06-10,37.0,2025-06-11,38.14000000000001,1,3.08,回落25%(高4.1%),82,A,breakout,hot
000970.SZ,2025-06-09,2025-06-10,11.89,2025-06-11,12.557500000000001,1,5.61,回落25%(高7.5%),85,A,breakout,hot
001203.SZ,2025-06-09,2025-06-10,9.47,2025-06-11,10.0175,1,5.78,回落25%(高7.7%),71,A,breakout,hot
001236.SZ,2025-06-09,2025-06-10,10.45,2025-06-11,10.8475,1,3.8,回落25%(高5.1%),84,A,breakout,hot
001268.SZ,2025-06-09,2025-06-10,24.46,2025-06-12,24.34,2,-0.49,弱2d,71,A,breakout,hot
001335.SZ,2025-06-09,2025-06-10,38.15,2025-06-11,39.68750000000001,1,4.03,回落25%(高5.4%),76,A,breakout,hot
001360.SZ,2025-06-09,2025-06-10,13.75,2025-06-12,14.055500000000002,2,2.22,回落35%(高3.4%),70,A,breakout,hot
001368.SZ,2025-06-09,2025-06-10,23.17,2025-06-11,23.889999999999997,1,3.11,回落25%(高4.1%),78,A,breakout,hot
002007.SZ,2025-06-09,2025-06-10,16.33,2025-06-13,16.7135,3,2.35,回落35%(高3.6%),73,A,breakout,hot
002015.SZ,2025-06-09,2025-06-10,8.89,2025-06-11,8.62,1,-3.04,止损-3%,83,A,breakout,hot
002020.SZ,2025-06-09,2025-06-10,13.92,2025-06-16,13.7,4,-1.58,弱4d,91,A,breakout,hot
002082.SZ,2025-06-09,2025-06-10,8.6,2025-06-11,7.35,1,-14.53,止损-3%,88,A,breakout,hot
002088.SZ,2025-06-09,2025-06-10,12.12,2025-06-12,12.08,2,-0.33,弱2d,84,A,breakout,hot
002130.SZ,2025-06-09,2025-06-10,22.09,2025-06-11,21.45,1,-2.9,止损-3%,79,A,breakout,hot
002186.SZ,2025-06-09,2025-06-10,10.9,2025-06-12,10.77,2,-1.19,弱2d,86,A,breakout,hot
002202.SZ,2025-06-09,2025-06-10,9.47,2025-06-16,10.055,4,6.18,回落25%(高8.2%),75,A,breakout,hot
002221.SZ,2025-06-09,2025-06-10,8.82,2025-06-17,9.0475,5,2.58,回落35%(高4.0%),81,A,breakout,hot
002292.SZ,2025-06-09,2025-06-10,10.4,2025-06-11,10.797500000000001,1,3.82,回落25%(高5.1%),79,A,breakout,hot
002327.SZ,2025-06-09,2025-06-10,7.97,2025-06-12,7.73,2,-3.01,止损-3%,88,A,breakout,hot
002459.SZ,2025-06-09,2025-06-10,9.71,2025-06-11,10.002500000000001,1,3.01,回落25%(高4.0%),70,A,momentum,hot
002463.SZ,2025-06-09,2025-06-10,36.1,2025-06-11,37.0035,1,2.5,回落35%(高3.9%),70,A,breakout,hot
002532.SZ,2025-06-09,2025-06-10,8.06,2025-06-12,8.255,2,2.42,回落35%(高3.7%),84,A,breakout,hot
002623.SZ,2025-06-09,2025-06-10,15.16,2025-06-12,15.0,2,-1.06,弱2d,71,A,breakout,hot
002645.SZ,2025-06-09,2025-06-10,8.97,2025-06-11,10.01,1,11.59,目标+8%,89,A,breakout,hot
002674.SZ,2025-06-09,2025-06-10,10.05,2025-06-12,9.77,2,-2.79,弱2d,82,A,breakout,hot
002714.SZ,2025-06-09,2025-06-10,42.8,2025-06-11,44.135,1,3.12,回落25%(高4.2%),88,A,breakout,hot
002729.SZ,2025-06-09,2025-06-10,13.53,2025-06-12,13.46,2,-0.52,弱2d,88,A,breakout,hot
002739.SZ,2025-06-09,2025-06-10,11.64,2025-06-13,11.27,3,-3.18,止损-3%,83,A,breakout,hot
002773.SZ,2025-06-09,2025-06-10,32.01,2025-06-12,31.45,2,-1.75,弱2d,79,A,breakout,hot
002780.SZ,2025-06-09,2025-06-10,13.3,2025-06-12,13.09,2,-1.58,弱2d,79,A,breakout,hot
002827.SZ,2025-06-09,2025-06-10,32.0,2025-06-12,32.637,2,1.99,回落35%(高3.1%),86,A,breakout,hot
002864.SZ,2025-06-09,2025-06-10,29.56,2025-06-12,29.47,2,-0.3,弱2d,71,A,breakout,hot
002875.SZ,2025-06-09,2025-06-10,15.76,2025-06-11,16.435,1,4.28,回落25%(高5.7%),84,A,breakout,hot
002878.SZ,2025-06-09,2025-06-10,19.61,2025-06-11,20.352500000000003,1,3.79,回落25%(高5.0%),79,A,breakout,hot
002929.SZ,2025-06-09,2025-06-10,52.27,2025-06-11,50.35,1,-3.67,止损-3%,74,A,breakout,hot
002961.SZ,2025-06-09,2025-06-10,18.88,2025-06-11,18.06,1,-4.34,止损-3%,89,A,breakout,hot
300016.SZ,2025-06-09,2025-06-10,8.25,2025-06-11,8.8425,1,7.18,回落25%(高9.6%),77,A,breakout,hot
300037.SZ,2025-06-09,2025-06-10,32.73,2025-06-11,34.822500000000005,1,6.39,回落25%(高8.5%),87,A,breakout,hot
300122.SZ,2025-06-09,2025-06-10,20.3,2025-06-12,19.79,2,-2.51,弱2d,85,A,breakout,hot
300170.SZ,2025-06-09,2025-06-10,18.7,2025-06-11,17.9,1,-4.28,止损-3%,71,A,momentum,hot
300171.SZ,2025-06-09,2025-06-10,12.33,2025-06-12,12.31,2,-0.16,弱2d,82,A,breakout,hot
300191.SZ,2025-06-09,2025-06-10,19.86,2025-06-11,18.4,1,-7.35,止损-3%,81,A,breakout,hot
300199.SZ,2025-06-09,2025-06-10,16.2,2025-06-11,17.415,1,7.5,回落25%(高10.0%),90,A,breakout,hot
300253.SZ,2025-06-09,2025-06-10,9.88,2025-06-11,9.54,1,-3.44,止损-3%,71,A,momentum,hot
300254.SZ,2025-06-09,2025-06-10,10.33,2025-06-12,11.2825,2,9.22,回落25%(高12.3%),77,A,breakout,hot
300298.SZ,2025-06-09,2025-06-10,21.75,2025-06-11,22.6875,1,4.31,回落25%(高5.7%),71,A,momentum,hot
300308.SZ,2025-06-09,2025-06-10,108.1,2025-06-12,116.425,2,7.7,回落25%(高10.3%),81,A,breakout,hot
300357.SZ,2025-06-09,2025-06-10,20.96,2025-06-13,20.8,3,-0.76,弱3d,73,A,breakout,hot
300363.SZ,2025-06-09,2025-06-10,16.98,2025-06-12,16.96,2,-0.12,弱2d,84,A,breakout,hot
300364.SZ,2025-06-09,2025-06-10,23.29,2025-06-11,25.99,1,11.59,目标+8%,75,A,breakout,hot
300440.SZ,2025-06-09,2025-06-10,9.14,2025-06-11,9.334999999999999,1,2.13,回落35%(高3.3%),80,A,breakout,hot
300450.SZ,2025-06-09,2025-06-10,21.69,2025-06-12,21.49,2,-0.92,弱2d,91,A,breakout,hot
300457.SZ,2025-06-09,2025-06-10,17.81,2025-06-12,17.46,2,-1.97,弱2d,71,A,breakout,hot
300482.SZ,2025-06-09,2025-06-10,21.78,2025-06-12,21.66,2,-0.55,弱2d,71,A,breakout,hot
300494.SZ,2025-06-09,2025-06-10,13.28,2025-06-11,14.0675,1,5.93,回落25%(高7.9%),71,A,breakout,hot
300498.SZ,2025-06-09,2025-06-10,17.48,2025-06-11,18.080000000000002,1,3.43,回落25%(高4.6%),90,A,breakout,hot
300601.SZ,2025-06-09,2025-06-10,15.15,2025-06-12,15.0,2,-0.99,弱2d,89,A,breakout,hot
300654.SZ,2025-06-09,2025-06-10,10.41,2025-06-12,10.7325,2,3.1,回落25%(高4.1%),72,A,trend,hot
300685.SZ,2025-06-09,2025-06-10,21.36,2025-06-11,22.0275,1,3.12,回落25%(高4.2%),71,A,breakout,hot
300699.SZ,2025-06-09,2025-06-10,31.61,2025-06-12,30.69,2,-2.91,止损-3%,79,A,breakout,hot
300715.SZ,2025-06-09,2025-06-10,10.44,2025-06-11,10.03,1,-3.93,止损-3%,76,A,momentum,hot
300725.SZ,2025-06-09,2025-06-10,36.25,2025-06-13,35.11,3,-3.14,止损-3%,81,A,breakout,hot
300741.SZ,2025-06-09,2025-06-10,20.0,2025-06-11,20.7575,1,3.79,回落25%(高5.1%),82,A,breakout,hot
300759.SZ,2025-06-09,2025-06-10,24.72,2025-06-12,25.337500000000002,2,2.5,回落35%(高3.8%),71,A,breakout,hot
300816.SZ,2025-06-09,2025-06-10,34.5,2025-06-13,33.18,3,-3.83,止损-3%,71,A,breakout,hot
300839.SZ,2025-06-09,2025-06-10,10.98,2025-06-11,10.52,1,-4.19,止损-3%,71,A,breakout,hot
300855.SZ,2025-06-09,2025-06-10,23.07,2025-06-12,22.47,2,-2.6,弱2d,75,A,breakout,hot
300952.SZ,2025-06-09,2025-06-10,32.99,2025-06-11,29.7,1,-9.97,止损-3%,82,A,breakout,hot
300977.SZ,2025-06-09,2025-06-10,17.8,2025-06-11,18.177,1,2.12,回落35%(高3.3%),91,A,breakout,hot
301047.SZ,2025-06-09,2025-06-10,64.4,2025-06-11,65.934,1,2.38,回落35%(高3.7%),71,A,breakout,hot
301063.SZ,2025-06-09,2025-06-10,28.01,2025-06-12,27.86,2,-0.54,弱2d,90,A,breakout,hot
301098.SZ,2025-06-09,2025-06-10,9.71,2025-06-11,10.114999999999998,1,4.17,回落25%(高5.6%),95,A,breakout,hot
301126.SZ,2025-06-09,2025-06-10,11.2,2025-06-12,11.13,2,-0.62,弱2d,74,A,breakout,hot
301159.SZ,2025-06-09,2025-06-10,32.32,2025-06-12,32.13,2,-0.59,弱2d,71,A,breakout,hot
301171.SZ,2025-06-09,2025-06-10,26.77,2025-06-13,27.692500000000003,3,3.45,回落25%(高4.6%),71,A,momentum,hot
301263.SZ,2025-06-09,2025-06-10,35.03,2025-06-11,38.76,1,10.65,目标+8%,81,A,breakout,hot
301299.SZ,2025-06-09,2025-06-10,62.51,2025-06-12,63.816500000000005,2,2.09,回落35%(高3.2%),72,A,breakout,hot
301390.SZ,2025-06-09,2025-06-10,34.78,2025-06-11,35.5535,1,2.22,回落35%(高3.4%),75,A,breakout,hot
301622.SZ,2025-06-09,2025-06-10,70.62,2025-06-11,81.1,1,14.84,目标+8%,73,A,momentum,hot
600088.SH,2025-06-09,2025-06-10,16.48,2025-06-13,16.06,3,-2.55,弱3d,72,A,momentum,hot
600095.SH,2025-06-09,2025-06-10,8.45,2025-06-11,8.8475,1,4.7,回落25%(高6.3%),72,A,momentum,hot
600111.SH,2025-06-09,2025-06-10,24.87,2025-06-11,25.627499999999998,1,3.05,回落25%(高4.1%),74,A,momentum,hot
600128.SH,2025-06-09,2025-06-10,10.54,2025-06-12,10.870000000000001,2,3.13,回落25%(高4.2%),84,A,breakout,hot
600129.SH,2025-06-09,2025-06-10,21.69,2025-06-11,22.349999999999998,1,3.04,回落25%(高4.1%),85,A,breakout,hot
600196.SH,2025-06-09,2025-06-10,26.1,2025-06-12,25.92,2,-0.69,弱2d,86,A,breakout,hot
600250.SH,2025-06-09,2025-06-10,11.33,2025-06-11,12.8,1,12.97,目标+8%,89,A,breakout,hot
600272.SH,2025-06-09,2025-06-10,14.19,2025-06-12,13.9,2,-2.04,弱2d,80,A,trend,hot
600352.SH,2025-06-09,2025-06-10,10.57,2025-06-12,10.43,2,-1.32,弱2d,89,A,breakout,hot
600392.SH,2025-06-09,2025-06-10,13.19,2025-06-11,13.790000000000001,1,4.55,回落25%(高6.1%),71,A,breakout,hot
600418.SH,2025-06-09,2025-06-10,39.55,2025-06-11,42.2725,1,6.88,回落25%(高9.2%),72,A,breakout,hot
600420.SH,2025-06-09,2025-06-10,10.98,2025-06-13,10.83,3,-1.37,弱3d,80,A,breakout,hot
600456.SH,2025-06-09,2025-06-10,30.45,2025-06-12,29.9,2,-1.81,弱2d,71,A,momentum,hot
600520.SH,2025-06-09,2025-06-10,29.98,2025-06-11,28.74,1,-4.14,止损-3%,80,A,ignition,hot
600549.SH,2025-06-09,2025-06-10,20.53,2025-06-11,20.9915,1,2.25,回落35%(高3.5%),72,A,breakout,hot
600562.SH,2025-06-09,2025-06-10,28.0,2025-06-11,29.1175,1,3.99,回落25%(高5.3%),81,A,breakout,hot
600588.SH,2025-06-09,2025-06-10,14.44,2025-06-11,13.52,1,-6.37,止损-3%,79,A,breakout,hot
600749.SH,2025-06-09,2025-06-10,11.82,2025-06-12,11.8,2,-0.17,弱2d,80,A,breakout,hot
600760.SH,2025-06-09,2025-06-10,53.55,2025-06-12,53.28,2,-0.5,弱2d,87,A,breakout,hot
600763.SH,2025-06-09,2025-06-10,42.36,2025-06-13,41.47,3,-2.1,弱3d,70,A,breakout,hot
600818.SH,2025-06-09,2025-06-10,11.79,2025-06-13,11.33,3,-3.9,止损-3%,78,A,breakout,hot
600830.SH,2025-06-09,2025-06-10,9.83,2025-06-13,9.67,3,-1.63,弱3d,81,A,breakout,hot
600846.SH,2025-06-09,2025-06-10,10.34,2025-06-12,10.28,2,-0.58,弱2d,79,A,breakout,hot
600893.SH,2025-06-09,2025-06-10,35.62,2025-06-17,35.61,5,-0.03,弱5d,73,A,breakout,hot
600967.SH,2025-06-09,2025-06-10,12.5,2025-06-12,12.22,2,-2.24,弱2d,76,A,breakout,hot
600980.SH,2025-06-09,2025-06-10,20.68,2025-06-11,22.75,1,10.01,目标+8%,94,A,breakout,hot
601007.SH,2025-06-09,2025-06-10,8.28,2025-06-12,8.6325,2,4.26,回落25%(高5.7%),77,A,breakout,hot
601198.SH,2025-06-09,2025-06-10,10.83,2025-06-11,11.227500000000001,1,3.67,回落25%(高4.9%),86,A,breakout,hot
601360.SH,2025-06-09,2025-06-10,10.57,2025-06-12,10.17,2,-3.78,止损-3%,83,A,breakout,hot
601369.SH,2025-06-09,2025-06-10,8.78,2025-06-17,8.88,5,1.14,时间5d,73,A,breakout,hot
601607.SH,2025-06-09,2025-06-10,18.69,2025-06-12,18.54,2,-0.8,弱2d,74,A,breakout,hot
601808.SH,2025-06-09,2025-06-10,13.82,2025-06-12,13.73,2,-0.65,弱2d,77,A,breakout,hot
601858.SH,2025-06-09,2025-06-10,21.24,2025-06-11,20.42,1,-3.86,止损-3%,71,A,breakout,hot
603017.SH,2025-06-09,2025-06-10,11.8,2025-06-11,10.24,1,-13.22,止损-3%,77,A,breakout,hot
603041.SH,2025-06-09,2025-06-10,12.4,2025-06-12,12.24,2,-1.29,弱2d,72,A,breakout,hot
603090.SH,2025-06-09,2025-06-10,25.88,2025-06-11,24.79,1,-4.21,止损-3%,89,A,breakout,hot
603093.SH,2025-06-09,2025-06-10,20.44,2025-06-11,21.677500000000002,1,6.05,回落25%(高8.1%),89,A,breakout,hot
603099.SH,2025-06-09,2025-06-10,37.08,2025-06-13,35.23,3,-4.99,止损-3%,76,A,breakout,hot
603100.SH,2025-06-09,2025-06-10,20.84,2025-06-12,20.46,2,-1.82,弱2d,71,A,breakout,hot
603136.SH,2025-06-09,2025-06-10,12.75,2025-06-13,12.36,3,-3.06,止损-3%,70,A,breakout,hot
603191.SH,2025-06-09,2025-06-10,12.39,2025-06-13,12.28,3,-0.89,弱3d,71,A,breakout,hot
603208.SH,2025-06-09,2025-06-10,16.68,2025-06-11,17.505,1,4.95,回落25%(高6.6%),88,A,breakout,hot
603223.SH,2025-06-09,2025-06-10,11.3,2025-06-11,10.26,1,-9.2,止损-3%,71,A,breakout,hot
603313.SH,2025-06-09,2025-06-10,8.85,2025-06-11,8.57,1,-3.16,止损-3%,91,A,breakout,hot
603355.SH,2025-06-09,2025-06-10,22.62,2025-06-12,22.42,2,-0.88,弱2d,73,A,momentum,hot
603477.SH,2025-06-09,2025-06-10,22.81,2025-06-11,23.317,1,2.22,回落35%(高3.4%),73,A,breakout,hot
603590.SH,2025-06-09,2025-06-10,32.69,2025-06-11,33.6725,1,3.01,回落25%(高4.0%),91,A,breakout,hot
603619.SH,2025-06-09,2025-06-10,17.84,2025-06-12,18.92,2,6.05,回落25%(高8.1%),73,A,breakout,hot
603637.SH,2025-06-09,2025-06-10,11.91,2025-06-11,11.35,1,-4.7,止损-3%,90,A,breakout,hot
603680.SH,2025-06-09,2025-06-10,12.01,2025-06-11,13.01,1,8.33,目标+8%,90,A,breakout,hot
603713.SH,2025-06-09,2025-06-10,54.22,2025-06-12,55.2795,2,1.95,回落35%(高3.0%),74,A,breakout,hot
603729.SH,2025-06-09,2025-06-10,16.78,2025-06-11,17.305,1,3.13,回落25%(高4.2%),72,A,breakout,hot
603806.SH,2025-06-09,2025-06-10,12.9,2025-06-12,12.73,2,-1.32,弱2d,83,A,ignition,hot
603899.SH,2025-06-09,2025-06-10,34.75,2025-06-12,35.5625,2,2.34,回落35%(高3.6%),94,A,breakout,hot
603908.SH,2025-06-09,2025-06-10,25.51,2025-06-12,25.18,2,-1.29,弱2d,78,A,breakout,hot
603995.SH,2025-06-09,2025-06-10,19.55,2025-06-11,20.270000000000003,1,3.68,回落25%(高4.9%),94,A,breakout,hot
605122.SH,2025-06-09,2025-06-10,12.12,2025-06-12,11.83,2,-2.39,弱2d,83,A,breakout,hot
605299.SH,2025-06-09,2025-06-10,9.92,2025-06-11,10.94,1,10.28,目标+8%,83,A,breakout,hot
605580.SH,2025-06-09,2025-06-10,11.54,2025-06-12,11.42,2,-1.04,弱2d,74,A,breakout,hot
688006.SH,2025-06-09,2025-06-10,18.48,2025-06-11,17.93,1,-2.98,止损-3%,88,A,breakout,hot
688016.SH,2025-06-09,2025-06-10,89.58,2025-06-13,88.46,3,-1.25,弱3d,73,A,breakout,hot
688020.SH,2025-06-09,2025-06-10,35.4,2025-06-12,34.7,2,-1.98,弱2d,79,A,breakout,hot
688025.SH,2025-06-09,2025-06-10,55.74,2025-06-11,58.785,1,5.46,回落25%(高7.3%),88,A,breakout,hot
688026.SH,2025-06-09,2025-06-10,16.19,2025-06-12,15.96,2,-1.42,弱2d,73,A,breakout,hot
688036.SH,2025-06-09,2025-06-10,75.28,2025-06-12,78.5575,2,4.35,回落25%(高5.8%),83,A,ignition,hot
688038.SH,2025-06-09,2025-06-10,16.62,2025-06-11,16.01,1,-3.67,止损-3%,71,A,momentum,hot
688068.SH,2025-06-09,2025-06-10,158.0,2025-06-12,156.66,2,-0.85,弱2d,75,A,breakout,hot
688069.SH,2025-06-09,2025-06-10,19.09,2025-06-12,18.78,2,-1.62,弱2d,85,A,breakout,hot
688073.SH,2025-06-09,2025-06-10,46.27,2025-06-11,49.1275,1,6.18,回落25%(高8.2%),81,A,breakout,hot
688075.SH,2025-06-09,2025-06-10,39.41,2025-06-12,38.83,2,-1.47,弱2d,86,A,breakout,hot
688076.SH,2025-06-09,2025-06-10,55.02,2025-06-11,56.70750000000001,1,3.07,回落25%(高4.1%),86,A,breakout,hot
688077.SH,2025-06-09,2025-06-10,28.34,2025-06-11,31.16,1,9.95,目标+8%,79,A,breakout,hot
688088.SH,2025-06-09,2025-06-10,46.03,2025-06-12,46.01,2,-0.04,弱2d,74,A,breakout,hot
688091.SH,2025-06-09,2025-06-10,44.8,2025-06-11,46.510000000000005,1,3.82,回落25%(高5.1%),91,A,breakout,hot
688092.SH,2025-06-09,2025-06-10,22.01,2025-06-12,21.85,2,-0.73,弱2d,81,A,breakout,hot
688097.SH,2025-06-09,2025-06-10,25.9,2025-06-12,25.58,2,-1.24,弱2d,71,A,momentum,hot
688102.SH,2025-06-09,2025-06-10,15.7,2025-06-11,14.33,1,-8.73,止损-3%,70,A,breakout,hot
688103.SH,2025-06-09,2025-06-10,59.88,2025-06-12,61.2645,2,2.31,回落35%(高3.6%),79,A,breakout,hot
688105.SH,2025-06-09,2025-06-10,23.2,2025-06-12,22.98,2,-0.95,弱2d,94,A,breakout,hot
688109.SH,2025-06-09,2025-06-10,28.43,2025-06-13,29.39,3,3.38,回落25%(高4.5%),70,A,momentum,hot
688111.SH,2025-06-09,2025-06-10,292.5,2025-06-11,279.85,1,-4.32,止损-3%,70,A,momentum,hot
688117.SH,2025-06-09,2025-06-10,47.19,2025-06-12,48.824999999999996,2,3.46,回落25%(高4.6%),84,A,breakout,hot
688127.SH,2025-06-09,2025-06-10,23.66,2025-06-12,23.47,2,-0.8,弱2d,71,A,momentum,hot
688137.SH,2025-06-09,2025-06-10,37.45,2025-06-11,38.9575,1,4.03,回落25%(高5.4%),81,A,breakout,hot
688156.SH,2025-06-09,2025-06-10,15.18,2025-06-11,17.0,1,11.99,目标+8%,83,A,breakout,hot
688163.SH,2025-06-09,2025-06-10,21.2,2025-06-11,21.919999999999998,1,3.4,回落25%(高4.5%),70,A,breakout,hot
688166.SH,2025-06-09,2025-06-10,51.92,2025-06-11,53.064,1,2.2,回落35%(高3.4%),76,A,breakout,hot
688176.SH,2025-06-09,2025-06-10,9.44,2025-06-11,9.648,1,2.2,回落35%(高3.4%),76,A,breakout,hot
688177.SH,2025-06-09,2025-06-10,27.46,2025-06-11,28.110000000000003,1,2.37,回落35%(高3.6%),71,A,breakout,hot
688180.SH,2025-06-09,2025-06-10,34.6,2025-06-11,36.46,1,5.38,回落25%(高7.2%),74,A,breakout,hot
688183.SH,2025-06-09,2025-06-10,40.8,2025-06-11,41.71,1,2.23,回落35%(高3.4%),71,A,breakout,hot
688185.SH,2025-06-09,2025-06-10,61.77,2025-06-13,60.45,3,-2.14,弱3d,81,A,breakout,hot
688189.SH,2025-06-09,2025-06-10,8.08,2025-06-12,8.01,2,-0.87,弱2d,79,A,breakout,hot
688192.SH,2025-06-09,2025-06-10,64.2,2025-06-12,66.3075,2,3.28,回落25%(高4.4%),79,A,breakout,hot
688197.SH,2025-06-09,2025-06-10,42.89,2025-06-13,39.83,3,-7.13,止损-3%,89,A,breakout,hot
688202.SH,2025-06-09,2025-06-10,34.9,2025-06-13,36.085,3,3.4,回落25%(高4.5%),81,A,breakout,hot
688203.SH,2025-06-09,2025-06-10,10.5,2025-06-12,11.44,2,8.95,目标+8%,74,A,breakout,hot
688212.SH,2025-06-09,2025-06-10,56.52,2025-06-11,53.78,1,-4.85,止损-3%,76,A,breakout,hot
688221.SH,2025-06-09,2025-06-10,10.38,2025-06-13,10.14,3,-2.31,弱3d,78,A,breakout,hot
688231.SH,2025-06-09,2025-06-10,17.58,2025-06-11,17.06,1,-2.96,止损-3%,72,A,breakout,hot
688235.SH,2025-06-09,2025-06-10,251.0,2025-06-12,264.1025,2,5.22,回落25%(高7.0%),85,A,breakout,hot
688247.SH,2025-06-09,2025-06-10,10.72,2025-06-12,10.62,2,-0.93,弱2d,81,A,breakout,hot
688248.SH,2025-06-09,2025-06-10,30.77,2025-06-11,31.91,1,3.7,回落25%(高4.9%),88,A,breakout,hot
688258.SH,2025-06-09,2025-06-10,49.84,2025-06-11,46.15,1,-7.4,止损-3%,86,A,breakout,hot
688260.SH,2025-06-09,2025-06-10,16.59,2025-06-12,16.25,2,-2.05,弱2d,94,A,breakout,hot
688265.SH,2025-06-09,2025-06-10,27.55,2025-06-12,28.2195,2,2.43,回落35%(高3.7%),75,A,breakout,hot
688267.SH,2025-06-09,2025-06-10,27.1,2025-06-11,26.33,1,-2.84,止损-3%,71,A,trend,hot
688273.SH,2025-06-09,2025-06-10,30.0,2025-06-12,29.32,2,-2.27,弱2d,88,A,breakout,hot
688276.SH,2025-06-09,2025-06-10,21.64,2025-06-13,21.14,3,-2.31,弱3d,86,A,breakout,hot
688289.SH,2025-06-09,2025-06-10,20.3,2025-06-12,20.28,2,-0.1,弱2d,70,A,breakout,hot
688298.SH,2025-06-09,2025-06-10,26.67,2025-06-12,26.3,2,-1.39,弱2d,89,A,breakout,hot
688302.SH,2025-06-09,2025-06-10,58.39,2025-06-11,55.52,1,-4.92,止损-3%,89,A,breakout,hot
688309.SH,2025-06-09,2025-06-10,17.7,2025-06-12,17.45,2,-1.41,弱2d,80,A,breakout,hot
688310.SH,2025-06-09,2025-06-10,16.05,2025-06-11,15.45,1,-3.74,止损-3%,74,A,breakout,hot
688311.SH,2025-06-09,2025-06-10,40.49,2025-06-12,38.79,2,-4.2,止损-3%,80,A,trend,hot
688315.SH,2025-06-09,2025-06-10,14.35,2025-06-12,14.05,2,-2.09,弱2d,73,A,momentum,hot
688316.SH,2025-06-09,2025-06-10,69.15,2025-06-11,63.71,1,-7.87,止损-3%,70,A,breakout,hot
688321.SH,2025-06-09,2025-06-10,23.74,2025-06-11,22.41,1,-5.6,止损-3%,80,A,breakout,hot
688329.SH,2025-06-09,2025-06-10,17.58,2025-06-12,17.56,2,-0.11,弱2d,75,A,breakout,hot
688332.SH,2025-06-09,2025-06-10,103.3,2025-06-12,100.1,2,-3.1,止损-3%,80,A,breakout,hot
688338.SH,2025-06-09,2025-06-10,24.7,2025-06-12,24.33,2,-1.5,弱2d,74,A,breakout,hot
688345.SH,2025-06-09,2025-06-10,25.05,2025-06-11,24.21,1,-3.35,止损-3%,81,A,breakout,hot
688353.SH,2025-06-09,2025-06-10,22.5,2025-06-11,23.895,1,6.2,回落25%(高8.3%),79,A,breakout,hot
688358.SH,2025-06-09,2025-06-10,30.5,2025-06-11,29.5,1,-3.28,止损-3%,75,A,breakout,hot
688365.SH,2025-06-09,2025-06-10,14.1,2025-06-11,13.59,1,-3.62,止损-3%,85,A,breakout,hot
688367.SH,2025-06-09,2025-06-10,17.47,2025-06-12,17.35,2,-0.69,弱2d,74,A,breakout,hot
688382.SH,2025-06-09,2025-06-10,32.75,2025-06-11,33.7625,1,3.09,回落25%(高4.1%),76,A,breakout,hot
688388.SH,2025-06-09,2025-06-10,18.0,2025-06-11,17.46,1,-3.0,止损-3%,76,A,breakout,hot
688392.SH,2025-06-09,2025-06-10,54.51,2025-06-12,52.92,2,-2.92,止损-3%,85,A,breakout,hot
688399.SH,2025-06-09,2025-06-10,76.18,2025-06-12,73.96,2,-2.91,止损-3%,79,A,breakout,hot
688411.SH,2025-06-09,2025-06-10,74.71,2025-06-12,77.665,2,3.96,回落25%(高5.3%),88,A,breakout,hot
688426.SH,2025-06-09,2025-06-10,20.59,2025-06-11,21.019000000000002,1,2.08,回落35%(高3.2%),79,A,breakout,hot
688428.SH,2025-06-09,2025-06-10,27.0,2025-06-11,26.05,1,-3.52,止损-3%,76,A,breakout,hot
688435.SH,2025-06-09,2025-06-10,31.96,2025-06-12,31.21,2,-2.35,弱2d,70,A,breakout,hot
688450.SH,2025-06-09,2025-06-10,24.98,2025-06-12,24.67,2,-1.24,弱2d,70,A,breakout,hot
688478.SH,2025-06-09,2025-06-10,29.84,2025-06-12,29.45,2,-1.31,弱2d,76,A,momentum,hot
688486.SH,2025-06-09,2025-06-10,67.21,2025-06-11,64.18,1,-4.51,止损-3%,76,A,momentum,hot
688488.SH,2025-06-09,2025-06-10,14.6,2025-06-11,15.379999999999999,1,5.34,回落25%(高7.1%),72,A,breakout,hot
688498.SH,2025-06-09,2025-06-10,148.68,2025-06-12,153.42000000000002,2,3.19,回落25%(高4.3%),76,A,breakout,hot
688499.SH,2025-06-09,2025-06-10,32.18,2025-06-12,31.52,2,-2.05,弱2d,91,A,breakout,hot
688520.SH,2025-06-09,2025-06-10,46.69,2025-06-11,48.167500000000004,1,3.16,回落25%(高4.2%),73,A,breakout,hot
688616.SH,2025-06-09,2025-06-10,11.99,2025-06-13,11.9,3,-0.75,弱3d,74,A,breakout,hot
688685.SH,2025-06-09,2025-06-10,61.0,2025-06-11,54.77,1,-10.21,止损-3%,80,A,ignition,hot
688690.SH,2025-06-09,2025-06-10,22.69,2025-06-12,22.43,2,-1.15,弱2d,80,A,breakout,hot
920017.BJ,2025-06-09,2025-06-10,23.4,2025-06-11,24.135,1,3.14,回落25%(高4.2%),90,A,breakout,hot
920021.BJ,2025-06-09,2025-06-10,8.0,2025-06-11,7.7,1,-3.75,止损-3%,96,A,breakout,hot
920061.BJ,2025-06-09,2025-06-10,40.4,2025-06-11,47.15,1,16.71,目标+8%,79,A,ignition,hot
920088.BJ,2025-06-09,2025-06-10,29.72,2025-06-11,31.19,1,4.95,回落25%(高6.6%),70,A,breakout,hot
920199.BJ,2025-06-09,2025-06-10,31.66,2025-06-12,33.3775,2,5.42,回落25%(高7.2%),74,A,breakout,hot
920748.BJ,2025-06-09,2025-06-10,73.11,2025-06-11,80.3325,1,9.88,回落25%(高13.2%),89,A,breakout,hot
920992.BJ,2025-06-09,2025-06-10,23.11,2025-06-11,22.15,1,-4.15,止损-3%,80,A,breakout,hot
000989.SZ,2025-06-09,2025-06-10,10.19,2025-06-11,9.9,1,-2.85,止损-3%,80,A,breakout,hot
300143.SZ,2025-06-09,2025-06-10,9.53,2025-06-11,9.98,1,4.72,回落25%(高6.3%),79,A,breakout,hot
301227.SZ,2025-06-09,2025-06-10,21.31,2025-06-11,24.0,1,12.62,目标+8%,83,A,breakout,hot
301305.SZ,2025-06-09,2025-06-10,17.8,2025-06-12,17.79,2,-0.06,弱2d,71,A,breakout,hot
603351.SH,2025-06-09,2025-06-10,29.0,2025-06-12,28.61,2,-1.34,弱2d,81,A,breakout,hot
605303.SH,2025-06-09,2025-06-10,12.2,2025-06-12,12.09,2,-0.9,弱2d,72,A,breakout,hot
688513.SH,2025-06-09,2025-06-10,43.77,2025-06-11,45.442499999999995,1,3.82,回落25%(高5.1%),80,A,breakout,hot
920047.BJ,2025-06-09,2025-06-10,23.14,2025-06-13,20.94,3,-9.51,止损-3%,72,A,breakout,hot
000020.SZ,2025-06-10,2025-06-11,12.84,2025-06-13,12.38,2,-3.58,止损-3%,75,A,breakout,warmup
000028.SZ,2025-06-10,2025-06-11,26.0,2025-06-13,25.48,2,-2.0,弱2d,91,A,breakout,warmup
000408.SZ,2025-06-10,2025-06-11,38.48,2025-06-12,40.355,1,4.87,回落25%(高6.5%),72,A,breakout,warmup
000506.SZ,2025-06-10,2025-06-11,8.88,2025-06-13,9.4425,2,6.33,回落25%(高8.4%),70,A,breakout,warmup
000551.SZ,2025-06-10,2025-06-11,12.63,2025-06-13,12.37,2,-2.06,弱2d,75,A,breakout,warmup
000610.SZ,2025-06-10,2025-06-11,13.3,2025-06-12,12.91,1,-2.93,止损-3%,87,A,breakout,warmup
000795.SZ,2025-06-10,2025-06-11,11.15,2025-06-12,11.675,1,4.71,回落25%(高6.3%),83,A,breakout,warmup
000819.SZ,2025-06-10,2025-06-11,15.73,2025-06-13,15.48,2,-1.59,弱2d,81,A,breakout,warmup
000830.SZ,2025-06-10,2025-06-11,10.81,2025-06-13,10.61,2,-1.85,弱2d,72,A,breakout,warmup
000831.SZ,2025-06-10,2025-06-11,36.21,2025-06-13,35.89,2,-0.88,弱2d,73,A,breakout,warmup
000998.SZ,2025-06-10,2025-06-11,10.2,2025-06-13,9.95,2,-2.45,弱2d,77,A,breakout,warmup
001203.SZ,2025-06-10,2025-06-11,9.74,2025-06-12,9.967500000000001,1,2.34,回落35%(高3.6%),79,A,breakout,warmup
001268.SZ,2025-06-10,2025-06-11,24.59,2025-06-13,23.79,2,-3.25,止损-3%,78,A,breakout,warmup
001300.SZ,2025-06-10,2025-06-11,14.57,2025-06-13,13.87,2,-4.8,止损-3%,81,A,breakout,warmup
001368.SZ,2025-06-10,2025-06-11,23.22,2025-06-13,22.82,2,-1.72,弱2d,78,A,breakout,warmup
002007.SZ,2025-06-10,2025-06-11,16.29,2025-06-13,16.6995,2,2.51,回落35%(高3.9%),70,A,breakout,warmup
002020.SZ,2025-06-10,2025-06-11,13.99,2025-06-16,13.7,3,-2.07,弱3d,79,A,breakout,warmup
002041.SZ,2025-06-10,2025-06-11,10.0,2025-06-13,9.88,2,-1.2,弱2d,83,A,breakout,warmup
002088.SZ,2025-06-10,2025-06-11,12.04,2025-06-13,10.82,2,-10.13,止损-3%,72,A,breakout,warmup
002115.SZ,2025-06-10,2025-06-11,8.54,2025-06-12,8.9825,1,5.18,回落25%(高6.9%),86,A,breakout,warmup
002186.SZ,2025-06-10,2025-06-11,10.75,2025-06-13,10.46,2,-2.7,弱2d,75,A,breakout,warmup
002250.SZ,2025-06-10,2025-06-11,15.2,2025-06-12,12.87,1,-15.33,止损-3%,79,A,breakout,warmup
002290.SZ,2025-06-10,2025-06-11,36.23,2025-06-12,34.13,1,-5.8,止损-3%,70,A,breakout,warmup
002292.SZ,2025-06-10,2025-06-11,10.62,2025-06-12,11.34,1,6.78,回落25%(高9.0%),86,A,breakout,warmup
002543.SZ,2025-06-10,2025-06-11,11.65,2025-06-12,12.25,1,5.15,回落25%(高6.9%),79,A,breakout,warmup
002632.SZ,2025-06-10,2025-06-11,8.8,2025-06-13,8.59,2,-2.39,弱2d,89,A,breakout,warmup
002645.SZ,2025-06-10,2025-06-11,9.15,2025-06-12,9.89,1,8.09,目标+8%,81,A,breakout,warmup
002674.SZ,2025-06-10,2025-06-11,9.86,2025-06-13,9.68,2,-1.83,弱2d,76,A,breakout,warmup
002707.SZ,2025-06-10,2025-06-11,7.99,2025-06-13,7.67,2,-4.01,止损-3%,86,A,breakout,warmup
002729.SZ,2025-06-10,2025-06-11,13.38,2025-06-13,13.2,2,-1.35,弱2d,71,A,breakout,warmup
002747.SZ,2025-06-10,2025-06-11,20.5,2025-06-13,19.46,2,-5.07,止损-3%,77,A,momentum,warmup
002838.SZ,2025-06-10,2025-06-11,19.3,2025-06-13,17.98,2,-6.84,止损-3%,85,A,breakout,warmup
002875.SZ,2025-06-10,2025-06-11,15.7,2025-06-12,16.75,1,6.69,回落25%(高8.9%),73,A,breakout,warmup
002878.SZ,2025-06-10,2025-06-11,19.57,2025-06-12,22.66,1,15.79,目标+8%,70,A,breakout,warmup
002900.SZ,2025-06-10,2025-06-11,16.7,2025-06-12,16.16,1,-3.23,止损-3%,77,A,breakout,warmup
300003.SZ,2025-06-10,2025-06-11,13.34,2025-06-13,12.79,2,-4.12,止损-3%,87,A,breakout,warmup
300016.SZ,2025-06-10,2025-06-11,8.5,2025-06-12,9.0925,1,6.97,回落25%(高9.3%),74,A,breakout,warmup
300037.SZ,2025-06-10,2025-06-11,33.3,2025-06-12,34.7325,1,4.3,回落25%(高5.7%),80,A,breakout,warmup
300045.SZ,2025-06-10,2025-06-11,18.6,2025-06-13,17.8,2,-4.3,止损-3%,79,A,momentum,warmup
300087.SZ,2025-06-10,2025-06-11,9.38,2025-06-13,9.17,2,-2.24,弱2d,81,A,breakout,warmup
300199.SZ,2025-06-10,2025-06-11,17.52,2025-06-13,16.6,2,-5.25,止损-3%,92,A,breakout,warmup
300238.SZ,2025-06-10,2025-06-11,17.19,2025-06-13,16.22,2,-5.64,止损-3%,74,A,breakout,warmup
300265.SZ,2025-06-10,2025-06-11,8.97,2025-06-13,9.2625,2,3.26,回落25%(高4.3%),80,A,breakout,warmup
300347.SZ,2025-06-10,2025-06-11,52.58,2025-06-13,54.3125,2,3.29,回落25%(高4.4%),71,A,breakout,warmup
300364.SZ,2025-06-10,2025-06-11,25.0,2025-06-12,27.43,1,9.72,回落25%(高13.0%),92,A,breakout,warmup
300438.SZ,2025-06-10,2025-06-11,26.05,2025-06-13,25.27,2,-2.99,止损-3%,77,A,breakout,warmup
300450.SZ,2025-06-10,2025-06-11,21.4,2025-06-13,22.3,2,4.21,回落25%(高5.6%),74,A,breakout,warmup
300485.SZ,2025-06-10,2025-06-11,13.42,2025-06-12,12.69,1,-5.44,止损-3%,90,A,breakout,warmup
300642.SZ,2025-06-10,2025-06-11,14.28,2025-06-13,14.16,2,-0.84,弱2d,70,A,breakout,warmup
300654.SZ,2025-06-10,2025-06-11,10.43,2025-06-12,10.6965,1,2.56,回落35%(高3.9%),74,A,trend,warmup
300685.SZ,2025-06-10,2025-06-11,22.0,2025-06-13,21.59,2,-1.86,弱2d,81,A,breakout,warmup
300725.SZ,2025-06-10,2025-06-11,36.2,2025-06-13,35.11,2,-3.01,止损-3%,70,A,breakout,warmup
300741.SZ,2025-06-10,2025-06-11,20.7,2025-06-12,21.36,1,3.19,回落25%(高4.3%),85,A,breakout,warmup
300759.SZ,2025-06-10,2025-06-11,25.3,2025-06-13,24.84,2,-1.82,弱2d,83,A,breakout,warmup
300770.SZ,2025-06-10,2025-06-11,43.6,2025-06-13,41.02,2,-5.92,止损-3%,87,A,breakout,warmup
300788.SZ,2025-06-10,2025-06-11,30.99,2025-06-12,31.9575,1,3.12,回落25%(高4.2%),79,A,breakout,warmup
300829.SZ,2025-06-10,2025-06-11,20.09,2025-06-13,20.4865,2,1.97,回落35%(高3.0%),85,A,trend,warmup
300881.SZ,2025-06-10,2025-06-11,31.9,2025-06-13,30.42,2,-4.64,止损-3%,91,A,breakout,warmup
301015.SZ,2025-06-10,2025-06-11,22.72,2025-06-12,23.279,1,2.46,回落35%(高3.8%),92,A,breakout,warmup
301047.SZ,2025-06-10,2025-06-11,65.28,2025-06-13,63.66,2,-2.48,弱2d,73,A,breakout,warmup
301058.SZ,2025-06-10,2025-06-11,11.51,2025-06-13,10.98,2,-4.6,止损-3%,98,A,breakout,warmup
301063.SZ,2025-06-10,2025-06-11,26.9,2025-06-12,28.3625,1,5.44,回落25%(高7.2%),70,A,breakout,warmup
301098.SZ,2025-06-10,2025-06-11,9.47,2025-06-12,10.204999999999998,1,7.76,回落25%(高10.3%),70,A,breakout,warmup
301126.SZ,2025-06-10,2025-06-11,11.19,2025-06-13,10.86,2,-2.95,止损-3%,70,A,breakout,warmup
301263.SZ,2025-06-10,2025-06-11,38.99,2025-06-13,37.85,2,-2.92,止损-3%,89,A,breakout,warmup
301338.SZ,2025-06-10,2025-06-11,38.79,2025-06-12,39.5765,1,2.03,回落35%(高3.1%),70,A,breakout,warmup
301390.SZ,2025-06-10,2025-06-11,35.86,2025-06-13,35.08,2,-2.18,弱2d,83,A,breakout,warmup
301622.SZ,2025-06-10,2025-06-11,70.41,2025-06-12,97.32,1,38.22,目标+8%,71,A,momentum,warmup
600056.SH,2025-06-10,2025-06-11,10.62,2025-06-13,10.43,2,-1.79,弱2d,71,A,breakout,warmup
600095.SH,2025-06-10,2025-06-11,8.66,2025-06-13,8.9525,2,3.38,回落25%(高4.5%),72,A,momentum,warmup
600118.SH,2025-06-10,2025-06-11,27.38,2025-06-13,27.07,2,-1.13,弱2d,75,A,breakout,warmup
600138.SH,2025-06-10,2025-06-11,9.84,2025-06-13,9.68,2,-1.63,弱2d,71,A,breakout,warmup
600196.SH,2025-06-10,2025-06-11,25.98,2025-06-13,25.81,2,-0.65,弱2d,70,A,breakout,warmup
600250.SH,2025-06-10,2025-06-11,11.45,2025-06-12,14.08,1,22.97,目标+8%,71,A,breakout,warmup
600352.SH,2025-06-10,2025-06-11,10.35,2025-06-17,10.28,4,-0.68,弱4d,80,A,breakout,warmup
600373.SH,2025-06-10,2025-06-11,10.75,2025-06-13,10.22,2,-4.93,止损-3%,79,A,breakout,warmup
600392.SH,2025-06-10,2025-06-11,13.11,2025-06-12,13.4415,1,2.53,回落35%(高3.9%),70,A,breakout,warmup
600426.SH,2025-06-10,2025-06-11,22.2,2025-06-16,22.15,3,-0.23,弱3d,76,A,breakout,warmup
600530.SH,2025-06-10,2025-06-11,9.5,2025-06-12,10.67,1,12.32,目标+8%,95,A,breakout,warmup
600774.SH,2025-06-10,2025-06-11,9.17,2025-06-13,8.65,2,-5.67,止损-3%,79,A,breakout,warmup
600830.SH,2025-06-10,2025-06-11,9.9,2025-06-13,9.67,2,-2.32,弱2d,80,A,breakout,warmup
600846.SH,2025-06-10,2025-06-11,10.28,2025-06-16,10.955,3,6.57,回落25%(高8.8%),73,A,breakout,warmup
601083.SH,2025-06-10,2025-06-11,12.09,2025-06-12,11.67,1,-3.47,止损-3%,78,A,ignition,warmup
601155.SH,2025-06-10,2025-06-11,13.37,2025-06-12,13.714500000000001,1,2.58,回落35%(高4.0%),83,A,breakout,warmup
601369.SH,2025-06-10,2025-06-11,8.85,2025-06-16,8.83,3,-0.23,弱3d,80,A,breakout,warmup
603103.SH,2025-06-10,2025-06-11,16.39,2025-06-13,16.21,2,-1.1,弱2d,78,A,breakout,warmup
603136.SH,2025-06-10,2025-06-11,12.65,2025-06-12,12.9425,1,2.31,回落35%(高3.6%),72,A,breakout,warmup
603191.SH,2025-06-10,2025-06-11,12.46,2025-06-13,12.28,2,-1.44,弱2d,71,A,breakout,warmup
603230.SH,2025-06-10,2025-06-11,13.16,2025-06-13,13.05,2,-0.84,弱2d,72,A,breakout,warmup
603310.SH,2025-06-10,2025-06-11,19.83,2025-06-13,19.43,2,-2.02,弱2d,73,A,breakout,warmup
603536.SH,2025-06-10,2025-06-11,9.6,2025-06-13,9.48,2,-1.25,弱2d,81,A,breakout,warmup
603587.SH,2025-06-10,2025-06-11,12.6,2025-06-12,13.9,1,10.32,目标+8%,84,A,breakout,warmup
603590.SH,2025-06-10,2025-06-11,33.92,2025-06-13,32.42,2,-4.42,止损-3%,86,A,breakout,warmup
603659.SH,2025-06-10,2025-06-11,17.08,2025-06-13,16.66,2,-2.46,弱2d,82,A,ignition,warmup
603680.SH,2025-06-10,2025-06-11,12.7,2025-06-12,12.03,1,-5.28,止损-3%,90,A,breakout,warmup
603899.SH,2025-06-10,2025-06-11,35.0,2025-06-13,33.16,2,-5.26,止损-3%,71,A,breakout,warmup
603990.SH,2025-06-10,2025-06-11,16.35,2025-06-12,15.87,1,-2.94,止损-3%,84,A,momentum,warmup
605028.SH,2025-06-10,2025-06-11,17.65,2025-06-17,18.220000000000002,4,3.23,回落25%(高4.3%),70,A,breakout,warmup
605299.SH,2025-06-10,2025-06-11,10.0,2025-06-12,10.82,1,8.2,目标+8%,87,A,breakout,warmup
605376.SH,2025-06-10,2025-06-11,38.87,2025-06-12,41.787499999999994,1,7.51,回落25%(高10.0%),71,A,momentum,warmup
605577.SH,2025-06-10,2025-06-11,13.48,2025-06-12,13.759500000000001,1,2.07,回落35%(高3.2%),95,A,breakout,warmup
688006.SH,2025-06-10,2025-06-11,18.02,2025-06-13,17.84,2,-1.0,弱2d,70,A,breakout,warmup
688016.SH,2025-06-10,2025-06-11,90.43,2025-06-13,88.46,2,-2.18,弱2d,78,A,breakout,warmup
688025.SH,2025-06-10,2025-06-11,57.68,2025-06-12,63.51,1,10.11,目标+8%,86,A,breakout,warmup
688027.SH,2025-06-10,2025-06-11,277.5,2025-06-13,277.0,2,-0.18,弱2d,71,A,breakout,warmup
688053.SH,2025-06-10,2025-06-11,31.41,2025-06-12,29.63,1,-5.67,止损-3%,82,A,breakout,warmup
688069.SH,2025-06-10,2025-06-11,19.07,2025-06-13,19.805,2,3.85,回落25%(高5.1%),82,A,breakout,warmup
688073.SH,2025-06-10,2025-06-11,49.02,2025-06-12,51.629999999999995,1,5.32,回落25%(高7.1%),91,A,breakout,warmup
688076.SH,2025-06-10,2025-06-11,56.69,2025-06-12,40.42,1,-28.7,止损-3%,82,A,breakout,warmup
688087.SH,2025-06-10,2025-06-11,24.91,2025-06-12,25.4885,1,2.32,回落35%(高3.6%),78,A,breakout,warmup
688091.SH,2025-06-10,2025-06-11,45.58,2025-06-12,47.155,1,3.46,回落25%(高4.6%),81,A,breakout,warmup
688103.SH,2025-06-10,2025-06-11,60.72,2025-06-12,57.49,1,-5.32,止损-3%,77,A,breakout,warmup
688105.SH,2025-06-10,2025-06-11,22.95,2025-06-13,22.71,2,-1.05,弱2d,71,A,breakout,warmup
688131.SH,2025-06-10,2025-06-11,48.99,2025-06-12,50.1665,1,2.4,回落35%(高3.7%),89,A,breakout,warmup
688137.SH,2025-06-10,2025-06-11,38.48,2025-06-13,36.98,2,-3.9,止损-3%,86,A,breakout,warmup
688146.SH,2025-06-10,2025-06-11,28.85,2025-06-13,27.79,2,-3.67,止损-3%,71,A,breakout,warmup
688156.SH,2025-06-10,2025-06-11,16.09,2025-06-12,17.335,1,7.74,回落25%(高10.3%),93,A,breakout,warmup
688177.SH,2025-06-10,2025-06-11,28.27,2025-06-12,27.47,1,-2.83,止损-3%,75,A,breakout,warmup
688180.SH,2025-06-10,2025-06-11,36.99,2025-06-12,38.52,1,4.14,回落25%(高5.5%),91,A,breakout,warmup
688185.SH,2025-06-10,2025-06-11,61.61,2025-06-13,60.45,2,-1.88,弱2d,70,A,breakout,warmup
688222.SH,2025-06-10,2025-06-11,17.16,2025-06-13,16.28,2,-5.13,止损-3%,71,A,breakout,warmup
688225.SH,2025-06-10,2025-06-11,21.27,2025-06-13,21.01,2,-1.22,弱2d,80,A,momentum,warmup
688226.SH,2025-06-10,2025-06-11,31.01,2025-06-12,29.67,1,-4.32,止损-3%,79,A,breakout,warmup
688236.SH,2025-06-10,2025-06-11,17.58,2025-06-12,17.04,1,-3.07,止损-3%,82,A,breakout,warmup
688248.SH,2025-06-10,2025-06-11,30.38,2025-06-12,31.430000000000003,1,3.46,回落25%(高4.6%),71,A,breakout,warmup
688265.SH,2025-06-10,2025-06-11,27.95,2025-06-13,28.626,2,2.42,回落35%(高3.7%),70,A,breakout,warmup
688269.SH,2025-06-10,2025-06-11,33.82,2025-06-12,35.267500000000005,1,4.28,回落25%(高5.7%),75,A,momentum,warmup
688273.SH,2025-06-10,2025-06-11,29.81,2025-06-13,27.98,2,-6.14,止损-3%,70,A,breakout,warmup
688276.SH,2025-06-10,2025-06-11,21.39,2025-06-13,21.14,2,-1.17,弱2d,72,A,breakout,warmup
688298.SH,2025-06-10,2025-06-11,26.99,2025-06-13,25.64,2,-5.0,止损-3%,75,A,breakout,warmup
688302.SH,2025-06-10,2025-06-11,57.2,2025-06-13,52.27,2,-8.62,止损-3%,73,A,breakout,warmup
688316.SH,2025-06-10,2025-06-11,64.1,2025-06-13,59.5,2,-7.18,止损-3%,70,A,breakout,warmup
688332.SH,2025-06-10,2025-06-11,101.0,2025-06-12,103.60000000000001,1,2.57,回落35%(高4.0%),71,A,breakout,warmup
688345.SH,2025-06-10,2025-06-11,25.01,2025-06-12,24.02,1,-3.96,止损-3%,70,A,breakout,warmup
688353.SH,2025-06-10,2025-06-11,24.29,2025-06-12,25.047500000000003,1,3.12,回落25%(高4.2%),81,A,breakout,warmup
688399.SH,2025-06-10,2025-06-11,74.77,2025-06-13,48.7,2,-34.87,止损-3%,70,A,breakout,warmup
688443.SH,2025-06-10,2025-06-11,31.53,2025-06-13,29.85,2,-5.33,止损-3%,71,A,breakout,warmup
688488.SH,2025-06-10,2025-06-11,15.2,2025-06-13,14.22,2,-6.45,止损-3%,85,A,breakout,warmup
688499.SH,2025-06-10,2025-06-11,32.48,2025-06-12,31.52,1,-2.96,止损-3%,70,A,breakout,warmup
688616.SH,2025-06-10,2025-06-11,12.12,2025-06-13,11.9,2,-1.82,弱2d,83,A,breakout,warmup
688668.SH,2025-06-10,2025-06-11,58.31,2025-06-12,60.49999999999999,1,3.76,回落25%(高5.0%),76,A,breakout,warmup
688690.SH,2025-06-10,2025-06-11,22.74,2025-06-13,21.67,2,-4.71,止损-3%,75,A,breakout,warmup
688717.SH,2025-06-10,2025-06-11,55.38,2025-06-13,53.98,2,-2.53,弱2d,79,A,ignition,warmup
920002.BJ,2025-06-10,2025-06-11,216.44,2025-06-12,223.0625,1,3.06,回落25%(高4.1%),74,A,ignition,warmup
920061.BJ,2025-06-10,2025-06-11,39.86,2025-06-12,45.15,1,13.27,目标+8%,81,A,breakout,warmup
920087.BJ,2025-06-10,2025-06-11,19.51,2025-06-12,20.29,1,4.0,回落25%(高5.3%),77,A,breakout,warmup
920088.BJ,2025-06-10,2025-06-11,30.5,2025-06-12,33.275,1,9.1,回落25%(高12.1%),81,A,breakout,warmup
920351.BJ,2025-06-10,2025-06-11,38.22,2025-06-12,35.0,1,-8.42,止损-3%,76,A,ignition,warmup
920571.BJ,2025-06-10,2025-06-11,12.4,2025-06-12,11.57,1,-6.69,止损-3%,80,A,ignition,warmup
920719.BJ,2025-06-10,2025-06-11,15.5,2025-06-12,17.45,1,12.58,目标+8%,71,A,breakout,warmup
300143.SZ,2025-06-10,2025-06-11,9.98,2025-06-13,9.51,2,-4.71,止损-3%,87,A,breakout,warmup
300245.SZ,2025-06-10,2025-06-11,17.82,2025-06-12,19.39,1,8.81,目标+8%,79,A,breakout,warmup
300474.SZ,2025-06-10,2025-06-11,71.03,2025-06-13,73.325,2,3.23,回落25%(高4.3%),77,A,breakout,warmup
300588.SZ,2025-06-10,2025-06-11,14.22,2025-06-12,14.932500000000001,1,5.01,回落25%(高6.7%),92,A,breakout,warmup
301203.SZ,2025-06-10,2025-06-11,31.06,2025-06-18,31.15,5,0.29,时间5d,79,A,breakout,warmup
301227.SZ,2025-06-10,2025-06-11,21.49,2025-06-12,23.072499999999998,1,7.36,回落25%(高9.8%),76,A,breakout,warmup
688513.SH,2025-06-10,2025-06-11,44.62,2025-06-13,45.6535,2,2.32,回落35%(高3.6%),71,A,breakout,warmup
920019.BJ,2025-06-10,2025-06-11,23.13,2025-06-12,24.645,1,6.55,回落25%(高8.7%),73,A,breakout,warmup
920402.BJ,2025-06-10,2025-06-11,10.16,2025-06-13,9.52,2,-6.3,止损-3%,71,A,trend,warmup
920808.BJ,2025-06-10,2025-06-11,60.0,2025-06-12,61.410500000000006,1,2.35,回落35%(高3.6%),82,A,breakout,warmup
