evidence_id,profile_name,pattern_name,regime,n_oos_events,sample_label,oos_mean_return,oos_median_return,oos_win_rate,oos_mean_excess,mean_ci_lower,mean_ci_upper,win_rate_ci_lower,win_rate_ci_upper,excess_ci_lower,excess_ci_upper,stability,train_mean_return,val_mean_return,evidence_grade,theme_lifecycle,context_quality
divine_explorer|breakout|cooldown,divine_explorer,breakout,cooldown,43,medium,1.0267,1.98,55.81,1.5966,-1.0617,3.0649,41.8605,72.093,-0.4053,3.5927,INSUFFICIENT_DATA,,,INCONCLUSIVE,NOT_AVAILABLE,COMPLEX
divine_explorer|breakout|hot,divine_explorer,breakout,hot,107,large,-0.74,-1.36,33.64,-1.1691,-1.4018,-0.065,25.2336,42.0794,-1.741,-0.5554,INSUFFICIENT_DATA,,,INCONCLUSIVE,NOT_AVAILABLE,COMPLEX
divine_explorer|breakout|ice,divine_explorer,breakout,ice,18,small,1.29,0.0,44.44,-0.1513,-0.0481,2.6343,22.2222,66.6667,-1.749,1.5441,INSUFFICIENT_DATA,,,INCONCLUSIVE,NOT_AVAILABLE,COMPLEX
divine_explorer|breakout|warmup,divine_explorer,breakout,warmup,204,large,-0.086,-0.6375,45.59,-0.6289,-0.854,0.6085,38.223,52.4632,-1.3712,0.0629,INSUFFICIENT_DATA,,,INCONCLUSIVE,NOT_AVAILABLE,COMPLEX
divine_explorer|divine_explorer|cooldown,divine_explorer,divine_explorer,cooldown,112,large,0.1356,1.965,54.46,0.4472,-1.1669,1.4637,45.5357,63.3929,-0.8618,1.752,STABLE_POSITIVE,1.6651,0.6368,WEAK,NOT_AVAILABLE,COMPLEX
divine_explorer|divine_explorer|hot,divine_explorer,divine_explorer,hot,268,large,0.1176,-0.92,44.78,-0.3531,-0.4394,0.6516,38.7966,50.0093,-0.9282,0.2005,STABLE_POSITIVE,0.7511,1.621,WEAK,NOT_AVAILABLE,COMPLEX
divine_explorer|divine_explorer|ice,divine_explorer,divine_explorer,ice,53,medium,1.2546,0.19,50.94,0.6916,0.0619,2.6183,37.7358,64.1509,-0.5672,2.0952,STABLE_POSITIVE,1.9202,2.0412,MODERATE,NOT_AVAILABLE,MODERATE
divine_explorer|divine_explorer|warmup,divine_explorer,divine_explorer,warmup,476,large,-0.226,-0.1975,49.37,-0.7404,-0.6992,0.2698,45.1681,53.7815,-1.1704,-0.2744,SIGN_FLIP,1.1028,0.1879,INCONCLUSIVE,NOT_AVAILABLE,COMPLEX
divine_explorer|fake_yin|cooldown,divine_explorer,fake_yin,cooldown,19,small,0.995,1.98,57.89,1.6507,-1.1459,3.6796,36.8421,78.9474,-0.6995,4.8399,INSUFFICIENT_DATA,,,INCONCLUSIVE,NOT_AVAILABLE,COMPLEX
divine_explorer|fake_yin|hot,divine_explorer,fake_yin,hot,50,medium,0.0631,-0.8125,46.0,-0.3167,-0.9578,1.0702,32.0,60.0,-1.3751,0.727,INSUFFICIENT_DATA,,,INCONCLUSIVE,NOT_AVAILABLE,COMPLEX
divine_explorer|fake_yin|ice,divine_explorer,fake_yin,ice,15,small,0.7673,0.0,46.67,-0.176,-0.9385,2.5821,26.6667,73.3333,-2.2301,2.0878,INSUFFICIENT_DATA,,,INCONCLUSIVE,NOT_AVAILABLE,COMPLEX
divine_explorer|fake_yin|warmup,divine_explorer,fake_yin,warmup,62,medium,-0.4319,-1.16,41.94,-0.7172,-1.7303,0.8532,30.6452,53.2258,-2.0564,0.6676,INSUFFICIENT_DATA,,,INCONCLUSIVE,NOT_AVAILABLE,COMPLEX
divine_explorer|gap_proof|cooldown,divine_explorer,gap_proof,cooldown,45,medium,-0.9237,0.0,48.89,-0.1938,-2.4568,0.6137,33.3333,62.2222,-1.6409,1.2485,INSUFFICIENT_DATA,,,INCONCLUSIVE,NOT_AVAILABLE,COMPLEX
divine_explorer|gap_proof|hot,divine_explorer,gap_proof,hot,139,large,-0.0702,-1.0,41.01,-0.5672,-0.7275,0.5978,33.0935,48.9209,-1.2061,0.0642,INSUFFICIENT_DATA,,,INCONCLUSIVE,NOT_AVAILABLE,COMPLEX
divine_explorer|gap_proof|ice,divine_explorer,gap_proof,ice,20,small,0.6315,0.0,35.0,-1.0273,-0.5878,1.996,15.0,55.0,-2.4297,0.3789,INSUFFICIENT_DATA,,,INCONCLUSIVE,NOT_AVAILABLE,COMPLEX
divine_explorer|gap_proof|warmup,divine_explorer,gap_proof,warmup,223,large,-0.4853,-0.78,43.05,-1.0192,-1.1909,0.1701,36.7713,49.3274,-1.6667,-0.3759,INSUFFICIENT_DATA,,,INCONCLUSIVE,NOT_AVAILABLE,COMPLEX
divine_explorer|golden_cross|cooldown,divine_explorer,golden_cross,cooldown,3,small,-0.5733,2.06,66.67,0.2383,-8.86,5.08,0.0,100.0,-8.622,6.1028,INSUFFICIENT_DATA,,,INCONCLUSIVE,NOT_AVAILABLE,COMPLEX
divine_explorer|golden_cross|hot,divine_explorer,golden_cross,hot,13,small,-0.2904,2.08,53.85,-0.5857,-2.9318,2.0681,30.5769,76.9231,-3.1131,1.6164,INSUFFICIENT_DATA,,,INCONCLUSIVE,NOT_AVAILABLE,COMPLEX
divine_explorer|golden_cross|warmup,divine_explorer,golden_cross,warmup,17,small,-2.3185,-2.9,23.53,-2.872,-4.28,-0.3998,5.8824,41.1765,-4.5414,-1.1975,INSUFFICIENT_DATA,,,INCONCLUSIVE,NOT_AVAILABLE,COMPLEX
divine_explorer|ignition|cooldown,divine_explorer,ignition,cooldown,1,small,4.77,4.77,100.0,4.483,,,,,,,INSUFFICIENT_DATA,,,INCONCLUSIVE,NOT_AVAILABLE,COMPLEX
divine_explorer|ignition|hot,divine_explorer,ignition,hot,8,small,2.9038,3.8425,87.5,2.4247,-0.1339,5.0778,62.5,100.0,-0.76,4.879,INSUFFICIENT_DATA,,,INCONCLUSIVE,NOT_AVAILABLE,COMPLEX
divine_explorer|ignition|warmup,divine_explorer,ignition,warmup,16,small,-0.2694,3.39,56.25,-0.3851,-3.7217,3.1515,31.25,81.25,-3.3073,2.5376,INSUFFICIENT_DATA,,,INCONCLUSIVE,NOT_AVAILABLE,COMPLEX
divine_explorer|island_rev|cooldown,divine_explorer,island_rev,cooldown,1,small,7.26,7.26,100.0,4.7081,,,,,,,INSUFFICIENT_DATA,,,INCONCLUSIVE,NOT_AVAILABLE,COMPLEX
divine_explorer|island_rev|warmup,divine_explorer,island_rev,warmup,1,small,8.53,8.53,100.0,7.5607,,,,,,,INSUFFICIENT_DATA,,,INCONCLUSIVE,NOT_AVAILABLE,COMPLEX
divine_explorer|long_yang_seven|hot,divine_explorer,long_yang_seven,hot,2,small,2.215,2.215,50.0,0.0978,-0.87,5.3,0.0,100.0,-3.1307,3.3263,INSUFFICIENT_DATA,,,INCONCLUSIVE,NOT_AVAILABLE,COMPLEX
divine_explorer|long_yang_seven|ice,divine_explorer,long_yang_seven,ice,1,small,8.07,8.07,100.0,6.478,,,,,,,INSUFFICIENT_DATA,,,INCONCLUSIVE,NOT_AVAILABLE,COMPLEX
divine_explorer|long_yang_seven|warmup,divine_explorer,long_yang_seven,warmup,2,small,1.68,1.68,50.0,1.6786,-2.27,5.63,0.0,100.0,-1.3142,4.6715,INSUFFICIENT_DATA,,,INCONCLUSIVE,NOT_AVAILABLE,MODERATE
divine_explorer|lotus|warmup,divine_explorer,lotus,warmup,10,small,-0.748,-0.795,50.0,-1.029,-3.9821,2.662,20.0,80.0,-4.1357,2.4852,INSUFFICIENT_DATA,,,INCONCLUSIVE,NOT_AVAILABLE,COMPLEX
divine_explorer|lu_sniper|cooldown,divine_explorer,lu_sniper,cooldown,18,small,-0.2814,1.98,66.67,-0.3452,-2.894,1.7435,44.4444,88.8889,-2.9407,1.6344,INSUFFICIENT_DATA,,,INCONCLUSIVE,NOT_AVAILABLE,MODERATE
divine_explorer|lu_sniper|hot,divine_explorer,lu_sniper,hot,17,small,1.1562,1.73,52.94,0.5839,-1.125,3.4207,29.4118,76.4706,-1.6044,2.9011,INSUFFICIENT_DATA,,,INCONCLUSIVE,NOT_AVAILABLE,COMPLEX
divine_explorer|lu_sniper|ice,divine_explorer,lu_sniper,ice,4,small,-1.96,-0.73,50.0,-2.1402,-9.095,5.175,0.0,100.0,-8.7224,4.442,INSUFFICIENT_DATA,,,INCONCLUSIVE,NOT_AVAILABLE,COMPLEX
divine_explorer|lu_sniper|warmup,divine_explorer,lu_sniper,warmup,51,medium,-0.7522,1.75,52.94,-1.2962,-2.2271,0.6803,39.2157,64.7059,-2.6359,0.021,INSUFFICIENT_DATA,,,INCONCLUSIVE,NOT_AVAILABLE,COMPLEX
divine_explorer|ma5_monster|cooldown,divine_explorer,ma5_monster,cooldown,14,small,0.4079,0.205,50.0,-0.185,-4.0297,5.6939,28.3929,78.5714,-4.4822,4.8613,INSUFFICIENT_DATA,,,INCONCLUSIVE,NOT_AVAILABLE,COMPLEX
divine_explorer|ma5_monster|hot,divine_explorer,ma5_monster,hot,28,small,-0.0109,-1.03,39.29,-0.7836,-1.0734,1.096,21.4286,57.1429,-1.9129,0.438,INSUFFICIENT_DATA,,,INCONCLUSIVE,NOT_AVAILABLE,COMPLEX
divine_explorer|ma5_monster|ice,divine_explorer,ma5_monster,ice,6,small,0.245,-0.595,33.33,0.2651,-1.9307,3.0678,0.0,66.6667,-3.1694,4.0009,INSUFFICIENT_DATA,,,INCONCLUSIVE,NOT_AVAILABLE,MODERATE
divine_explorer|ma5_monster|warmup,divine_explorer,ma5_monster,warmup,50,medium,-0.0075,-0.475,42.0,-1.0377,-1.1649,0.9912,30.0,56.0,-2.2454,0.0349,INSUFFICIENT_DATA,,,INCONCLUSIVE,NOT_AVAILABLE,COMPLEX
divine_explorer|massive_vol|cooldown,divine_explorer,massive_vol,cooldown,1,small,2.06,2.06,100.0,3.2342,,,,,,,INSUFFICIENT_DATA,,,INCONCLUSIVE,NOT_AVAILABLE,COMPLEX
divine_explorer|massive_vol|hot,divine_explorer,massive_vol,hot,16,small,-0.6075,-0.995,37.5,-1.4329,-2.3726,1.3062,18.75,62.5,-3.0321,0.1663,INSUFFICIENT_DATA,,,INCONCLUSIVE,NOT_AVAILABLE,COMPLEX
divine_explorer|massive_vol|warmup,divine_explorer,massive_vol,warmup,10,small,-2.4155,-2.075,30.0,-2.815,-6.1322,1.0374,0.0,60.0,-6.8991,0.5194,INSUFFICIENT_DATA,,,INCONCLUSIVE,NOT_AVAILABLE,COMPLEX
divine_explorer|momentum|cooldown,divine_explorer,momentum,cooldown,3,small,1.6833,3.48,66.67,1.8459,-3.51,5.08,0.0,100.0,-4.858,6.1028,INSUFFICIENT_DATA,,,INCONCLUSIVE,NOT_AVAILABLE,COMPLEX
divine_explorer|momentum|hot,divine_explorer,momentum,hot,11,small,-0.8636,-0.65,36.36,-1.5841,-3.7807,2.3037,9.0909,63.6364,-4.1888,1.2951,INSUFFICIENT_DATA,,,INCONCLUSIVE,NOT_AVAILABLE,COMPLEX
divine_explorer|momentum|warmup,divine_explorer,momentum,warmup,9,small,-1.4861,-1.78,33.33,-2.5447,-3.42,0.4233,0.0,66.6667,-4.092,-0.9905,INSUFFICIENT_DATA,,,INCONCLUSIVE,NOT_AVAILABLE,COMPLEX
divine_explorer|old_duck|cooldown,divine_explorer,old_duck,cooldown,92,medium,0.0015,1.795,53.26,0.45,-1.613,1.5629,43.4783,64.1304,-1.1234,2.1468,INSUFFICIENT_DATA,,,INCONCLUSIVE,NOT_AVAILABLE,COMPLEX
divine_explorer|old_duck|hot,divine_explorer,old_duck,hot,199,large,0.0247,-0.98,42.71,-0.3986,-0.5777,0.6307,36.1809,49.7487,-1.0112,0.1907,INSUFFICIENT_DATA,,,INCONCLUSIVE,NOT_AVAILABLE,COMPLEX
divine_explorer|old_duck|ice,divine_explorer,old_duck,ice,44,medium,1.4401,0.095,50.0,1.0905,0.0094,3.191,34.0909,65.9091,-0.3628,2.8086,INSUFFICIENT_DATA,,,INCONCLUSIVE,NOT_AVAILABLE,MODERATE
divine_explorer|old_duck|warmup,divine_explorer,old_duck,warmup,366,large,-0.0758,-0.2975,48.91,-0.6442,-0.6337,0.4154,43.1694,53.8251,-1.1644,-0.1511,INSUFFICIENT_DATA,,,INCONCLUSIVE,NOT_AVAILABLE,COMPLEX
divine_explorer|single_yang|cooldown,divine_explorer,single_yang,cooldown,1,small,-3.27,-3.27,0.0,-2.9394,,,,,,,INSUFFICIENT_DATA,,,INCONCLUSIVE,NOT_AVAILABLE,COMPLEX
divine_explorer|single_yang|hot,divine_explorer,single_yang,hot,4,small,1.5575,0.2,50.0,-0.3262,-4.59,8.6175,0.0,100.0,-6.5804,6.853,INSUFFICIENT_DATA,,,INCONCLUSIVE,NOT_AVAILABLE,MODERATE
divine_explorer|single_yang|warmup,divine_explorer,single_yang,warmup,12,small,-1.2213,-2.2625,33.33,-1.4747,-4.1809,2.1773,8.3333,58.3333,-3.6615,1.2308,INSUFFICIENT_DATA,,,INCONCLUSIVE,NOT_AVAILABLE,COMPLEX
divine_explorer|t1_swing|cooldown,divine_explorer,t1_swing,cooldown,34,medium,-0.4143,1.355,52.94,0.5115,-2.0058,1.1953,35.2941,67.6471,-0.8944,1.9362,INSUFFICIENT_DATA,,,INCONCLUSIVE,NOT_AVAILABLE,COMPLEX
divine_explorer|t1_swing|hot,divine_explorer,t1_swing,hot,127,large,-0.501,-1.05,38.58,-1.0049,-1.1687,0.2346,29.9213,47.2638,-1.6639,-0.3288,INSUFFICIENT_DATA,,,INCONCLUSIVE,NOT_AVAILABLE,COMPLEX
divine_explorer|t1_swing|ice,divine_explorer,t1_swing,ice,15,small,0.9507,-0.33,40.0,-0.7884,-0.5039,2.8188,20.0,66.6667,-2.7837,1.4602,INSUFFICIENT_DATA,,,INCONCLUSIVE,NOT_AVAILABLE,COMPLEX
divine_explorer|t1_swing|warmup,divine_explorer,t1_swing,warmup,174,large,-0.3014,-0.83,41.95,-1.0255,-0.9868,0.3796,34.4828,48.8506,-1.6643,-0.3701,INSUFFICIENT_DATA,,,INCONCLUSIVE,NOT_AVAILABLE,COMPLEX
divine_explorer|three_horse|cooldown,divine_explorer,three_horse,cooldown,13,small,0.4485,1.08,53.85,1.0839,-1.8098,2.8755,30.7692,76.9231,-0.9799,3.3557,INSUFFICIENT_DATA,,,INCONCLUSIVE,NOT_AVAILABLE,COMPLEX
divine_explorer|three_horse|hot,divine_explorer,three_horse,hot,50,medium,-0.6337,-1.1975,36.0,-1.0088,-1.4918,0.1992,24.0,50.0,-1.8145,-0.2092,INSUFFICIENT_DATA,,,INCONCLUSIVE,NOT_AVAILABLE,COMPLEX
divine_explorer|three_horse|ice,divine_explorer,three_horse,ice,7,small,0.5529,-0.71,42.86,-1.0502,-1.4057,2.6374,14.2857,85.7143,-4.1364,2.4181,INSUFFICIENT_DATA,,,INCONCLUSIVE,NOT_AVAILABLE,COMPLEX
divine_explorer|three_horse|warmup,divine_explorer,three_horse,warmup,59,medium,-0.6559,-1.17,37.29,-1.2878,-2.0683,0.605,25.4237,49.1525,-2.6936,-0.0486,INSUFFICIENT_DATA,,,INCONCLUSIVE,NOT_AVAILABLE,COMPLEX
divine_explorer|trend|hot,divine_explorer,trend,hot,4,small,0.1325,2.355,75.0,0.2381,-4.89,2.9325,25.0,100.0,-3.4459,2.594,INSUFFICIENT_DATA,,,INCONCLUSIVE,NOT_AVAILABLE,COMPLEX
divine_explorer|trend|warmup,divine_explorer,trend,warmup,3,small,4.3667,2.08,66.67,3.0105,-2.14,13.16,0.0,100.0,-1.8391,12.3838,INSUFFICIENT_DATA,,,INCONCLUSIVE,NOT_AVAILABLE,COMPLEX
fairy_guide|breakout|cooldown,fairy_guide,breakout,cooldown,6,small,-0.2417,-1.44,50.0,-0.742,-5.7384,5.885,16.6667,83.3333,-6.4891,4.9461,INSUFFICIENT_DATA,,,INCONCLUSIVE,NOT_AVAILABLE,COMPLEX
fairy_guide|breakout|hot,fairy_guide,breakout,hot,30,medium,1.0977,3.1625,60.0,0.6969,-2.2343,4.5816,40.0,76.6667,-2.4302,4.1038,INSUFFICIENT_DATA,,,INCONCLUSIVE,NOT_AVAILABLE,COMPLEX
fairy_guide|breakout|ice,fairy_guide,breakout,ice,2,small,4.305,4.305,50.0,4.0829,0.0,8.61,0.0,100.0,0.6777,7.488,INSUFFICIENT_DATA,,,INCONCLUSIVE,NOT_AVAILABLE,COMPLEX
fairy_guide|breakout|warmup,fairy_guide,breakout,warmup,47,medium,3.7118,3.83,70.21,3.1921,0.5463,7.1605,57.4468,82.9787,0.0575,6.3488,INSUFFICIENT_DATA,,,INCONCLUSIVE,NOT_AVAILABLE,COMPLEX
fairy_guide|fairy_guide|cooldown,fairy_guide,fairy_guide,cooldown,8,small,0.5225,2.285,62.5,0.3789,-4.2272,5.0971,25.0,87.5,-4.5042,4.8855,INSUFFICIENT_DATA,5.1155,-2.3688,INCONCLUSIVE,NOT_AVAILABLE,COMPLEX
fairy_guide|fairy_guide|hot,fairy_guide,fairy_guide,hot,39,medium,1.0359,3.07,61.54,0.4828,-1.6245,3.5812,46.1538,76.9231,-2.0469,2.9336,STABLE_POSITIVE,3.7039,-2.753,WEAK,NOT_AVAILABLE,COMPLEX
fairy_guide|fairy_guide|ice,fairy_guide,fairy_guide,ice,3,small,5.0,6.39,66.67,3.8451,0.0,8.61,0.0,100.0,0.6777,7.488,INSUFFICIENT_DATA,6.9022,-3.93,INCONCLUSIVE,NOT_AVAILABLE,COMPLEX
fairy_guide|fairy_guide|warmup,fairy_guide,fairy_guide,warmup,53,medium,3.3452,3.43,67.92,2.7274,0.4333,6.4869,56.6038,79.2453,-0.1508,5.7715,STABLE_POSITIVE,1.8118,3.8882,MODERATE,NOT_AVAILABLE,COMPLEX
fairy_guide|gap_proof|cooldown,fairy_guide,gap_proof,cooldown,2,small,-0.91,-0.91,50.0,-0.2669,-5.33,3.51,0.0,100.0,-3.9971,3.4633,INSUFFICIENT_DATA,,,INCONCLUSIVE,NOT_AVAILABLE,COMPLEX
fairy_guide|gap_proof|hot,fairy_guide,gap_proof,hot,15,small,1.857,3.03,60.0,1.1338,-1.8468,5.7497,33.3333,80.0,-2.5944,5.1748,INSUFFICIENT_DATA,,,INCONCLUSIVE,NOT_AVAILABLE,COMPLEX
fairy_guide|gap_proof|ice,fairy_guide,gap_proof,ice,1,small,8.61,8.61,100.0,7.488,,,,,,,INSUFFICIENT_DATA,,,INCONCLUSIVE,NOT_AVAILABLE,COMPLEX
fairy_guide|gap_proof|warmup,fairy_guide,gap_proof,warmup,20,small,5.3368,3.1475,70.0,4.7059,1.4051,10.8681,50.0,90.0,0.8524,10.2585,INSUFFICIENT_DATA,,,INCONCLUSIVE,NOT_AVAILABLE,COMPLEX
fairy_guide|golden_cross|hot,fairy_guide,golden_cross,hot,3,small,2.6133,5.23,66.67,1.8498,-4.26,6.87,0.0,100.0,-5.7371,6.1788,INSUFFICIENT_DATA,,,INCONCLUSIVE,NOT_AVAILABLE,COMPLEX
fairy_guide|golden_cross|warmup,fairy_guide,golden_cross,warmup,2,small,5.77,5.77,100.0,5.2568,3.08,8.46,100.0,100.0,5.0979,5.4157,INSUFFICIENT_DATA,,,INCONCLUSIVE,NOT_AVAILABLE,MODERATE
fairy_guide|ignition|hot,fairy_guide,ignition,hot,5,small,0.326,2.46,60.0,-0.4728,-5.1525,5.332,20.0,100.0,-6.3389,4.8256,INSUFFICIENT_DATA,,,INCONCLUSIVE,NOT_AVAILABLE,COMPLEX
fairy_guide|ignition|ice,fairy_guide,ignition,ice,1,small,6.39,6.39,100.0,3.3696,,,,,,,INSUFFICIENT_DATA,,,INCONCLUSIVE,NOT_AVAILABLE,MODERATE
fairy_guide|ignition|warmup,fairy_guide,ignition,warmup,4,small,2.5525,2.835,75.0,1.1357,-0.39,5.2125,25.0,100.0,-2.6796,5.7583,INSUFFICIENT_DATA,,,INCONCLUSIVE,NOT_AVAILABLE,COMPLEX
fairy_guide|island_rev|hot,fairy_guide,island_rev,hot,4,small,4.16,6.44,75.0,3.4985,-1.655,7.695,25.0,100.0,-1.0046,5.9641,INSUFFICIENT_DATA,,,INCONCLUSIVE,NOT_AVAILABLE,COMPLEX
fairy_guide|long_yang_seven|hot,fairy_guide,long_yang_seven,hot,3,small,3.19,3.03,100.0,2.0473,2.37,4.17,100.0,100.0,1.744,2.5552,INSUFFICIENT_DATA,,,INCONCLUSIVE,NOT_AVAILABLE,COMPLEX
fairy_guide|long_yang_seven|warmup,fairy_guide,long_yang_seven,warmup,1,small,8.87,8.87,100.0,8.4644,,,,,,,INSUFFICIENT_DATA,,,INCONCLUSIVE,NOT_AVAILABLE,COMPLEX
fairy_guide|lotus|cooldown,fairy_guide,lotus,cooldown,3,small,2.0233,2.45,66.67,1.73,-5.33,8.95,0.0,100.0,-3.9971,5.7956,INSUFFICIENT_DATA,,,INCONCLUSIVE,NOT_AVAILABLE,COMPLEX
fairy_guide|lotus|hot,fairy_guide,lotus,hot,11,small,-0.6573,3.12,54.55,-1.2937,-5.3087,3.3595,27.2727,81.8182,-5.8625,2.6632,INSUFFICIENT_DATA,,,INCONCLUSIVE,NOT_AVAILABLE,COMPLEX
fairy_guide|lotus|ice,fairy_guide,lotus,ice,1,small,8.61,8.61,100.0,7.488,,,,,,,INSUFFICIENT_DATA,,,INCONCLUSIVE,NOT_AVAILABLE,COMPLEX
fairy_guide|lotus|warmup,fairy_guide,lotus,warmup,19,small,1.4826,3.19,57.89,0.7823,-3.8064,6.8867,36.8421,78.9474,-4.0727,6.0268,INSUFFICIENT_DATA,,,INCONCLUSIVE,NOT_AVAILABLE,COMPLEX
fairy_guide|lu_sniper|warmup,fairy_guide,lu_sniper,warmup,3,small,-4.0733,-4.59,0.0,-3.7587,-6.24,-1.39,0.0,0.0,-7.3287,-1.8596,INSUFFICIENT_DATA,,,INCONCLUSIVE,NOT_AVAILABLE,COMPLEX
fairy_guide|massive_vol|cooldown,fairy_guide,massive_vol,cooldown,1,small,3.51,3.51,100.0,3.4633,,,,,,,INSUFFICIENT_DATA,,,INCONCLUSIVE,NOT_AVAILABLE,COMPLEX
fairy_guide|massive_vol|hot,fairy_guide,massive_vol,hot,6,small,-3.3558,-3.995,33.33,-2.9595,-11.2567,3.7617,0.0,66.6667,-11.0749,3.5744,INSUFFICIENT_DATA,,,INCONCLUSIVE,NOT_AVAILABLE,COMPLEX
fairy_guide|massive_vol|ice,fairy_guide,massive_vol,ice,1,small,0.0,0.0,0.0,0.6777,,,,,,,INSUFFICIENT_DATA,,,INCONCLUSIVE,NOT_AVAILABLE,COMPLEX
fairy_guide|massive_vol|warmup,fairy_guide,massive_vol,warmup,5,small,-4.689,2.43,60.0,-4.9627,-14.8868,4.573,20.0,100.0,-15.5746,3.0002,INSUFFICIENT_DATA,,,INCONCLUSIVE,NOT_AVAILABLE,COMPLEX
fairy_guide|momentum|hot,fairy_guide,momentum,hot,2,small,-1.99,-1.99,50.0,-2.948,-7.05,3.07,0.0,100.0,-8.2974,2.4013,INSUFFICIENT_DATA,,,INCONCLUSIVE,NOT_AVAILABLE,COMPLEX
fairy_guide|momentum|warmup,fairy_guide,momentum,warmup,1,small,-1.13,-1.13,0.0,-2.6918,,,,,,,INSUFFICIENT_DATA,,,INCONCLUSIVE,NOT_AVAILABLE,COMPLEX
fairy_guide|old_duck|cooldown,fairy_guide,old_duck,cooldown,7,small,0.2943,2.45,57.14,-0.1412,-5.2683,5.673,14.2857,85.7143,-5.7287,5.3369,INSUFFICIENT_DATA,,,INCONCLUSIVE,NOT_AVAILABLE,COMPLEX
fairy_guide|old_duck|hot,fairy_guide,old_duck,hot,28,small,1.625,3.1175,60.71,1.2861,-1.3268,4.9787,42.8571,78.5714,-1.4865,4.4156,INSUFFICIENT_DATA,,,INCONCLUSIVE,NOT_AVAILABLE,COMPLEX
fairy_guide|old_duck|ice,fairy_guide,old_duck,ice,2,small,4.305,4.305,50.0,4.0829,0.0,8.61,0.0,100.0,0.6777,7.488,INSUFFICIENT_DATA,,,INCONCLUSIVE,NOT_AVAILABLE,COMPLEX
fairy_guide|old_duck|warmup,fairy_guide,old_duck,warmup,41,medium,3.7022,3.83,68.29,2.9315,0.3064,6.926,53.6585,82.9268,-0.3258,6.0293,INSUFFICIENT_DATA,,,INCONCLUSIVE,NOT_AVAILABLE,COMPLEX
fairy_guide|single_yang|hot,fairy_guide,single_yang,hot,2,small,1.615,1.615,50.0,1.0006,-3.95,7.18,0.0,100.0,-3.042,5.0431,INSUFFICIENT_DATA,,,INCONCLUSIVE,NOT_AVAILABLE,COMPLEX
fairy_guide|single_yang|warmup,fairy_guide,single_yang,warmup,2,small,1.185,1.185,50.0,1.4773,-5.23,7.6,0.0,100.0,-2.4645,5.4192,INSUFFICIENT_DATA,,,INCONCLUSIVE,NOT_AVAILABLE,COMPLEX
fairy_guide|t1_swing|cooldown,fairy_guide,t1_swing,cooldown,6,small,-1.1483,-1.44,50.0,-1.1307,-6.2867,4.044,16.6667,83.3333,-6.8076,4.5538,INSUFFICIENT_DATA,,,INCONCLUSIVE,NOT_AVAILABLE,COMPLEX
fairy_guide|t1_swing|hot,fairy_guide,t1_swing,hot,31,medium,0.8187,3.07,61.29,0.3061,-2.4445,3.928,45.0806,77.4194,-2.7552,3.3059,INSUFFICIENT_DATA,,,INCONCLUSIVE,NOT_AVAILABLE,COMPLEX
fairy_guide|t1_swing|ice,fairy_guide,t1_swing,ice,2,small,4.305,4.305,50.0,4.0829,0.0,8.61,0.0,100.0,0.6777,7.488,INSUFFICIENT_DATA,,,INCONCLUSIVE,NOT_AVAILABLE,COMPLEX
fairy_guide|t1_swing|warmup,fairy_guide,t1_swing,warmup,42,medium,4.1152,4.36,71.43,3.4827,0.5461,7.7933,57.1429,85.7143,-0.0305,7.0912,INSUFFICIENT_DATA,,,INCONCLUSIVE,NOT_AVAILABLE,COMPLEX
fairy_guide|three_horse|cooldown,fairy_guide,three_horse,cooldown,4,small,3.2075,5.7,75.0,2.0643,-5.86,9.7825,25.0,100.0,-7.7251,9.3246,INSUFFICIENT_DATA,,,INCONCLUSIVE,NOT_AVAILABLE,COMPLEX
fairy_guide|three_horse|hot,fairy_guide,three_horse,hot,17,small,-1.1694,2.37,52.94,-1.617,-5.2959,2.5872,29.4118,76.4706,-5.5732,2.0092,INSUFFICIENT_DATA,,,INCONCLUSIVE,NOT_AVAILABLE,COMPLEX
fairy_guide|three_horse|ice,fairy_guide,three_horse,ice,1,small,0.0,0.0,0.0,0.6777,,,,,,,INSUFFICIENT_DATA,,,INCONCLUSIVE,NOT_AVAILABLE,COMPLEX
fairy_guide|three_horse|warmup,fairy_guide,three_horse,warmup,22,small,0.9684,4.36,68.18,0.0968,-4.4743,5.8335,45.4545,86.3636,-5.0966,4.767,INSUFFICIENT_DATA,,,INCONCLUSIVE,NOT_AVAILABLE,COMPLEX
fairy_guide|trend|cooldown,fairy_guide,trend,cooldown,1,small,3.51,3.51,100.0,3.4633,,,,,,,INSUFFICIENT_DATA,,,INCONCLUSIVE,NOT_AVAILABLE,COMPLEX
fake_yin|breakout|cooldown,fake_yin,breakout,cooldown,171,large,0.7335,2.06,56.14,0.885,-0.1125,1.5494,48.538,63.7427,-0.024,1.7337,INSUFFICIENT_DATA,,,INCONCLUSIVE,NOT_AVAILABLE,COMPLEX
fake_yin|breakout|hot,fake_yin,breakout,hot,684,large,0.3647,-0.5425,46.35,0.0821,-0.011,0.7026,42.5439,50.0,-0.2749,0.4097,INSUFFICIENT_DATA,,,INCONCLUSIVE,NOT_AVAILABLE,COMPLEX
fake_yin|breakout|ice,fake_yin,breakout,ice,113,large,1.0116,0.0,43.36,0.1281,0.416,1.6215,33.6283,53.0973,-0.555,0.7939,INSUFFICIENT_DATA,,,INCONCLUSIVE,NOT_AVAILABLE,COMPLEX
fake_yin|breakout|warmup,fake_yin,breakout,warmup,667,large,0.3402,-0.18,49.78,-0.2897,-0.0862,0.7573,46.0232,53.6769,-0.6945,0.1187,INSUFFICIENT_DATA,,,INCONCLUSIVE,NOT_AVAILABLE,COMPLEX
fake_yin|divine_explorer|cooldown,fake_yin,divine_explorer,cooldown,19,small,0.995,1.98,57.89,1.6507,-1.1459,3.6796,36.8421,78.9474,-0.6995,4.8399,INSUFFICIENT_DATA,,,INCONCLUSIVE,NOT_AVAILABLE,COMPLEX
fake_yin|divine_explorer|hot,fake_yin,divine_explorer,hot,50,medium,0.0631,-0.8125,46.0,-0.3167,-0.9578,1.0702,32.0,60.0,-1.3751,0.727,INSUFFICIENT_DATA,,,INCONCLUSIVE,NOT_AVAILABLE,COMPLEX
fake_yin|divine_explorer|ice,fake_yin,divine_explorer,ice,15,small,0.7673,0.0,46.67,-0.176,-0.9385,2.5821,26.6667,73.3333,-2.2301,2.0878,INSUFFICIENT_DATA,,,INCONCLUSIVE,NOT_AVAILABLE,COMPLEX
fake_yin|divine_explorer|warmup,fake_yin,divine_explorer,warmup,62,medium,-0.4319,-1.16,41.94,-0.7172,-1.7303,0.8532,30.6452,53.2258,-2.0564,0.6676,INSUFFICIENT_DATA,,,INCONCLUSIVE,NOT_AVAILABLE,COMPLEX
fake_yin|fake_yin|cooldown,fake_yin,fake_yin,cooldown,335,large,0.9307,2.06,55.82,0.9782,0.2701,1.5474,50.7463,60.8955,0.3246,1.6043,STABLE_POSITIVE,1.4257,0.27,STRONG,NOT_AVAILABLE,COMPLEX
fake_yin|fake_yin|hot,fake_yin,fake_yin,hot,1232,large,0.4076,-0.3725,48.13,0.109,0.1167,0.6949,45.1278,50.8929,-0.1761,0.3936,STABLE_POSITIVE,0.6422,1.6693,MODERATE,NOT_AVAILABLE,COMPLEX
fake_yin|fake_yin|ice,fake_yin,fake_yin,ice,209,large,1.0204,0.0,44.5,0.2348,0.5307,1.5363,38.2656,50.7297,-0.2684,0.775,STABLE_POSITIVE,1.2609,0.9819,MODERATE,NOT_AVAILABLE,COMPLEX
fake_yin|fake_yin|warmup,fake_yin,fake_yin,warmup,1364,large,0.6838,2.01,53.45,0.1649,0.3827,0.984,50.8065,56.0136,-0.1418,0.4624,STABLE_POSITIVE,0.6958,0.2287,MODERATE,NOT_AVAILABLE,COMPLEX
fake_yin|gap_proof|cooldown,fake_yin,gap_proof,cooldown,125,large,0.168,0.77,51.2,0.3216,-0.6304,0.979,42.4,60.0,-0.4646,1.1553,INSUFFICIENT_DATA,,,INCONCLUSIVE,NOT_AVAILABLE,COMPLEX
fake_yin|gap_proof|hot,fake_yin,gap_proof,hot,557,large,-0.0052,-0.79,41.65,-0.2597,-0.393,0.3926,37.1634,45.781,-0.6164,0.0899,INSUFFICIENT_DATA,,,INCONCLUSIVE,NOT_AVAILABLE,COMPLEX
fake_yin|gap_proof|ice,fake_yin,gap_proof,ice,107,large,0.5275,0.0,36.45,-0.4537,-0.0329,1.0988,28.0374,45.7944,-1.0619,0.1392,INSUFFICIENT_DATA,,,INCONCLUSIVE,NOT_AVAILABLE,COMPLEX
fake_yin|gap_proof|warmup,fake_yin,gap_proof,warmup,538,large,0.2571,-0.49,48.51,-0.2521,-0.2167,0.7382,44.052,52.974,-0.719,0.2367,INSUFFICIENT_DATA,,,INCONCLUSIVE,NOT_AVAILABLE,COMPLEX
fake_yin|golden_cross|cooldown,fake_yin,golden_cross,cooldown,1,small,-6.09,-6.09,0.0,-2.7022,,,,,,,INSUFFICIENT_DATA,,,INCONCLUSIVE,NOT_AVAILABLE,COMPLEX
fake_yin|golden_cross|hot,fake_yin,golden_cross,hot,2,small,-2.315,-2.315,0.0,-3.1303,-3.35,-1.28,0.0,0.0,-4.6089,-1.6518,INSUFFICIENT_DATA,,,INCONCLUSIVE,NOT_AVAILABLE,COMPLEX
fake_yin|golden_cross|ice,fake_yin,golden_cross,ice,3,small,0.8833,0.1,66.67,0.2828,0.0,2.55,0.0,100.0,-0.642,1.7423,INSUFFICIENT_DATA,,,INCONCLUSIVE,NOT_AVAILABLE,COMPLEX
fake_yin|golden_cross|warmup,fake_yin,golden_cross,warmup,3,small,-1.2283,-3.52,33.33,0.763,-4.155,3.99,0.0,100.0,-2.415,4.6884,INSUFFICIENT_DATA,,,INCONCLUSIVE,NOT_AVAILABLE,COMPLEX
fake_yin|ignition|cooldown,fake_yin,ignition,cooldown,1,small,2.36,2.36,100.0,3.5309,,,,,,,INSUFFICIENT_DATA,,,INCONCLUSIVE,NOT_AVAILABLE,COMPLEX
fake_yin|ignition|hot,fake_yin,ignition,hot,1,small,-9.05,-9.05,0.0,-9.5043,,,,,,,INSUFFICIENT_DATA,,,INCONCLUSIVE,NOT_AVAILABLE,COMPLEX
fake_yin|ignition|ice,fake_yin,ignition,ice,1,small,-5.58,-5.58,0.0,-7.812,,,,,,,INSUFFICIENT_DATA,,,INCONCLUSIVE,NOT_AVAILABLE,MODERATE
fake_yin|ignition|warmup,fake_yin,ignition,warmup,10,small,-0.8875,-1.0775,50.0,-1.9796,-3.7363,1.9427,20.0,80.0,-4.8839,0.982,INSUFFICIENT_DATA,,,INCONCLUSIVE,NOT_AVAILABLE,COMPLEX
fake_yin|island_rev|hot,fake_yin,island_rev,hot,4,small,0.0425,0.71,50.0,0.619,-5.425,5.685,0.0,100.0,-3.2939,4.8416,INSUFFICIENT_DATA,,,INCONCLUSIVE,NOT_AVAILABLE,COMPLEX
fake_yin|island_rev|warmup,fake_yin,island_rev,warmup,4,small,0.93,-1.135,25.0,-0.0901,-2.69,6.615,0.0,75.0,-4.6069,6.1838,INSUFFICIENT_DATA,,,INCONCLUSIVE,NOT_AVAILABLE,COMPLEX
fake_yin|long_yang_seven|cooldown,fake_yin,long_yang_seven,cooldown,3,small,2.67,2.35,100.0,2.9641,2.06,3.6,100.0,100.0,1.659,4.7738,INSUFFICIENT_DATA,,,INCONCLUSIVE,NOT_AVAILABLE,COMPLEX
fake_yin|long_yang_seven|hot,fake_yin,long_yang_seven,hot,20,small,-0.886,-2.49,40.0,-0.7252,-2.4449,0.7985,20.0,60.0,-2.113,0.6995,INSUFFICIENT_DATA,,,INCONCLUSIVE,NOT_AVAILABLE,COMPLEX
fake_yin|long_yang_seven|ice,fake_yin,long_yang_seven,ice,1,small,0.0,0.0,0.0,0.6777,,,,,,,INSUFFICIENT_DATA,,,INCONCLUSIVE,NOT_AVAILABLE,COMPLEX
fake_yin|long_yang_seven|warmup,fake_yin,long_yang_seven,warmup,10,small,1.562,2.94,70.0,2.7257,-1.9055,4.6264,40.0,100.0,-0.2387,5.5618,INSUFFICIENT_DATA,,,INCONCLUSIVE,NOT_AVAILABLE,COMPLEX
fake_yin|lotus|cooldown,fake_yin,lotus,cooldown,3,small,-4.53,-4.71,33.33,-4.3885,-11.23,2.35,0.0,100.0,-12.8144,2.4594,INSUFFICIENT_DATA,,,INCONCLUSIVE,NOT_AVAILABLE,COMPLEX
fake_yin|lotus|hot,fake_yin,lotus,hot,4,small,3.8225,3.72,100.0,2.8544,2.57,5.1775,100.0,100.0,2.0015,3.4237,INSUFFICIENT_DATA,,,INCONCLUSIVE,NOT_AVAILABLE,COMPLEX
fake_yin|lotus|ice,fake_yin,lotus,ice,1,small,-2.7,-2.7,0.0,-5.1045,,,,,,,INSUFFICIENT_DATA,,,INCONCLUSIVE,NOT_AVAILABLE,COMPLEX
fake_yin|lotus|warmup,fake_yin,lotus,warmup,7,small,-0.54,-1.6,42.86,-2.5403,-4.673,3.9736,14.2857,85.7143,-6.433,1.4982,INSUFFICIENT_DATA,,,INCONCLUSIVE,NOT_AVAILABLE,COMPLEX
fake_yin|lu_sniper|cooldown,fake_yin,lu_sniper,cooldown,29,small,2.8007,3.84,75.86,2.1747,0.7862,4.7538,58.6207,89.6552,0.0982,4.1573,INSUFFICIENT_DATA,,,INCONCLUSIVE,NOT_AVAILABLE,COMPLEX
fake_yin|lu_sniper|hot,fake_yin,lu_sniper,hot,77,medium,1.8956,2.58,63.64,1.9304,0.3965,3.4961,53.2468,75.3247,0.525,3.589,INSUFFICIENT_DATA,,,INCONCLUSIVE,NOT_AVAILABLE,COMPLEX
fake_yin|lu_sniper|ice,fake_yin,lu_sniper,ice,17,small,2.3253,0.0,47.06,2.0565,0.1699,4.4913,23.5294,70.5882,-0.0514,4.1789,INSUFFICIENT_DATA,,,INCONCLUSIVE,NOT_AVAILABLE,COMPLEX
fake_yin|lu_sniper|warmup,fake_yin,lu_sniper,warmup,143,large,1.0389,2.98,62.94,0.7438,0.0068,2.1457,55.2448,70.6294,-0.225,1.8107,INSUFFICIENT_DATA,,,INCONCLUSIVE,NOT_AVAILABLE,COMPLEX
fake_yin|ma5_monster|cooldown,fake_yin,ma5_monster,cooldown,56,medium,0.7699,2.045,57.14,0.6688,-0.3894,1.9182,44.6429,69.6429,-0.5316,1.8981,INSUFFICIENT_DATA,,,INCONCLUSIVE,NOT_AVAILABLE,COMPLEX
fake_yin|ma5_monster|hot,fake_yin,ma5_monster,hot,185,large,0.4333,0.15,50.27,-0.1296,-0.2554,1.0781,42.1486,57.8378,-0.803,0.4975,INSUFFICIENT_DATA,,,INCONCLUSIVE,NOT_AVAILABLE,COMPLEX
fake_yin|ma5_monster|ice,fake_yin,ma5_monster,ice,28,small,-0.1807,0.0,32.14,-0.0418,-1.582,1.0705,14.2857,50.0,-1.3698,1.2113,INSUFFICIENT_DATA,,,INCONCLUSIVE,NOT_AVAILABLE,COMPLEX
fake_yin|ma5_monster|warmup,fake_yin,ma5_monster,warmup,179,large,0.9512,2.01,51.4,0.1048,0.01,1.8847,43.5754,58.6592,-0.9111,1.0844,INSUFFICIENT_DATA,,,INCONCLUSIVE,NOT_AVAILABLE,COMPLEX
fake_yin|massive_vol|cooldown,fake_yin,massive_vol,cooldown,25,small,1.9542,2.94,72.0,1.8654,-0.2623,4.0168,52.0,88.0,-0.5929,4.2358,INSUFFICIENT_DATA,,,INCONCLUSIVE,NOT_AVAILABLE,COMPLEX
fake_yin|massive_vol|hot,fake_yin,massive_vol,hot,123,large,0.144,-0.57,44.72,-0.1465,-0.7583,1.1039,35.752,53.6585,-1.052,0.7264,INSUFFICIENT_DATA,,,INCONCLUSIVE,NOT_AVAILABLE,COMPLEX
fake_yin|massive_vol|ice,fake_yin,massive_vol,ice,14,small,0.3007,0.0,35.71,-0.0114,-1.1541,1.638,14.2857,57.1429,-1.7183,1.4041,INSUFFICIENT_DATA,,,INCONCLUSIVE,NOT_AVAILABLE,COMPLEX
fake_yin|massive_vol|warmup,fake_yin,massive_vol,warmup,92,medium,0.1978,-0.03,50.0,-0.1423,-0.9466,1.3904,40.2174,60.8696,-1.2629,0.9767,INSUFFICIENT_DATA,,,INCONCLUSIVE,NOT_AVAILABLE,COMPLEX
fake_yin|momentum|cooldown,fake_yin,momentum,cooldown,7,small,-1.1814,-2.39,28.57,-0.8892,-4.5174,2.5571,0.0,71.4286,-3.312,2.1084,INSUFFICIENT_DATA,,,INCONCLUSIVE,NOT_AVAILABLE,COMPLEX
fake_yin|momentum|hot,fake_yin,momentum,hot,54,medium,0.0948,-0.405,46.3,-0.344,-0.9526,1.1682,33.3333,59.2593,-1.1494,0.4948,INSUFFICIENT_DATA,,,INCONCLUSIVE,NOT_AVAILABLE,COMPLEX
fake_yin|momentum|ice,fake_yin,momentum,ice,11,small,-0.1227,0.0,18.18,-0.3308,-0.7882,0.5618,0.0,45.4545,-1.4806,0.5368,INSUFFICIENT_DATA,,,INCONCLUSIVE,NOT_AVAILABLE,COMPLEX
fake_yin|momentum|warmup,fake_yin,momentum,warmup,44,medium,0.0894,1.86,52.27,-0.7358,-1.2827,1.4676,38.5795,68.1818,-1.9482,0.7032,INSUFFICIENT_DATA,,,INCONCLUSIVE,NOT_AVAILABLE,COMPLEX
fake_yin|old_duck|cooldown,fake_yin,old_duck,cooldown,236,large,1.004,2.12,57.63,1.0382,0.2445,1.7381,50.8475,63.9831,0.2244,1.7846,INSUFFICIENT_DATA,,,INCONCLUSIVE,NOT_AVAILABLE,COMPLEX
fake_yin|old_duck|hot,fake_yin,old_duck,hot,973,large,0.4216,-0.36,48.3,0.1453,0.0989,0.7656,45.2184,51.593,-0.1751,0.482,INSUFFICIENT_DATA,,,INCONCLUSIVE,NOT_AVAILABLE,COMPLEX
fake_yin|old_duck|ice,fake_yin,old_duck,ice,176,large,1.1711,0.0,46.02,0.4553,0.6789,1.6857,38.6364,52.8409,-0.0948,0.9832,INSUFFICIENT_DATA,,,INCONCLUSIVE,NOT_AVAILABLE,COMPLEX
fake_yin|old_duck|warmup,fake_yin,old_duck,warmup,1105,large,0.6123,1.99,52.13,0.1401,0.2914,0.9371,49.1403,54.9321,-0.1656,0.4679,INSUFFICIENT_DATA,,,INCONCLUSIVE,NOT_AVAILABLE,COMPLEX
fake_yin|single_yang|cooldown,fake_yin,single_yang,cooldown,15,small,2.4747,3.78,66.67,2.6597,-0.5457,5.3782,46.6667,86.6667,-0.8572,6.0766,INSUFFICIENT_DATA,,,INCONCLUSIVE,NOT_AVAILABLE,COMPLEX
fake_yin|single_yang|hot,fake_yin,single_yang,hot,50,medium,1.9709,2.735,66.0,1.5634,0.311,3.462,52.0,78.0,-0.0076,3.0241,INSUFFICIENT_DATA,,,INCONCLUSIVE,NOT_AVAILABLE,COMPLEX
fake_yin|single_yang|ice,fake_yin,single_yang,ice,3,small,1.4667,0.0,33.33,1.7045,0.0,4.4,0.0,100.0,0.6777,3.758,INSUFFICIENT_DATA,,,INCONCLUSIVE,NOT_AVAILABLE,COMPLEX
fake_yin|single_yang|warmup,fake_yin,single_yang,warmup,29,small,1.9184,3.49,62.07,1.625,-0.1536,4.0282,44.7414,79.3103,-0.1951,3.5257,INSUFFICIENT_DATA,,,INCONCLUSIVE,NOT_AVAILABLE,COMPLEX
fake_yin|t1_swing|cooldown,fake_yin,t1_swing,cooldown,123,large,0.842,2.05,56.91,1.2376,0.0165,1.7924,48.7805,65.0407,0.3695,2.1804,INSUFFICIENT_DATA,,,INCONCLUSIVE,NOT_AVAILABLE,COMPLEX
fake_yin|t1_swing|hot,fake_yin,t1_swing,hot,587,large,0.0557,-0.7,42.76,-0.2711,-0.3149,0.4089,38.8416,46.678,-0.6174,0.0667,INSUFFICIENT_DATA,,,INCONCLUSIVE,NOT_AVAILABLE,COMPLEX
fake_yin|t1_swing|ice,fake_yin,t1_swing,ice,108,large,0.4404,0.0,34.26,-0.4508,-0.064,0.9379,25.0,42.5926,-1.0128,0.1498,INSUFFICIENT_DATA,,,INCONCLUSIVE,NOT_AVAILABLE,COMPLEX
fake_yin|t1_swing|warmup,fake_yin,t1_swing,warmup,496,large,0.3284,-0.49,47.58,-0.194,-0.1453,0.783,42.7419,51.8196,-0.6494,0.2529,INSUFFICIENT_DATA,,,INCONCLUSIVE,NOT_AVAILABLE,COMPLEX
fake_yin|three_horse|cooldown,fake_yin,three_horse,cooldown,104,large,1.3209,2.28,59.62,1.6677,0.217,2.4259,50.0,69.2308,0.5899,2.7224,INSUFFICIENT_DATA,,,INCONCLUSIVE,NOT_AVAILABLE,COMPLEX
fake_yin|three_horse|hot,fake_yin,three_horse,hot,476,large,0.3045,-0.565,46.85,0.034,-0.1689,0.7772,42.437,51.2658,-0.4223,0.4993,INSUFFICIENT_DATA,,,INCONCLUSIVE,NOT_AVAILABLE,COMPLEX
fake_yin|three_horse|ice,fake_yin,three_horse,ice,63,medium,1.0775,0.0,42.86,0.0913,0.1902,2.2108,30.1587,55.5556,-0.9146,1.2934,INSUFFICIENT_DATA,,,INCONCLUSIVE,NOT_AVAILABLE,COMPLEX
fake_yin|three_horse|warmup,fake_yin,three_horse,warmup,473,large,0.1439,-0.355,49.26,-0.3548,-0.3774,0.6495,44.6089,53.6998,-0.8353,0.1247,INSUFFICIENT_DATA,,,INCONCLUSIVE,NOT_AVAILABLE,COMPLEX
fake_yin|trend|cooldown,fake_yin,trend,cooldown,3,small,0.9967,2.2,66.67,0.0408,-4.38,5.17,0.0,100.0,-5.9434,3.1216,INSUFFICIENT_DATA,,,INCONCLUSIVE,NOT_AVAILABLE,COMPLEX
fake_yin|trend|hot,fake_yin,trend,hot,21,small,0.2098,-0.365,47.62,-0.0618,-1.5993,2.0846,28.5714,66.6667,-1.5381,1.6273,INSUFFICIENT_DATA,,,INCONCLUSIVE,NOT_AVAILABLE,COMPLEX
fake_yin|trend|ice,fake_yin,trend,ice,2,small,2.355,2.355,100.0,-0.059,2.27,2.44,100.0,100.0,-0.138,0.02,INSUFFICIENT_DATA,,,INCONCLUSIVE,NOT_AVAILABLE,COMPLEX
fake_yin|trend|warmup,fake_yin,trend,warmup,12,small,0.2458,-0.665,41.67,-0.7558,-1.7705,2.1495,16.6667,66.6667,-2.9468,1.5091,INSUFFICIENT_DATA,,,INCONCLUSIVE,NOT_AVAILABLE,COMPLEX
gap_proof|breakout|cooldown,gap_proof,breakout,cooldown,1328,large,0.4128,1.755,53.16,1.1988,0.0752,0.7308,50.2993,55.6476,0.8823,1.5026,INSUFFICIENT_DATA,,,INCONCLUSIVE,NOT_AVAILABLE,COMPLEX
gap_proof|breakout|hot,gap_proof,breakout,hot,5965,large,0.4917,-0.11,49.61,0.1594,0.3435,0.6247,48.3319,50.78,0.0248,0.2846,INSUFFICIENT_DATA,,,INCONCLUSIVE,NOT_AVAILABLE,COMPLEX
gap_proof|breakout|ice,gap_proof,breakout,ice,369,large,1.7057,0.805,52.03,0.5879,1.2691,2.1566,47.1477,57.4526,0.121,1.0845,INSUFFICIENT_DATA,,,INCONCLUSIVE,NOT_AVAILABLE,COMPLEX
gap_proof|breakout|warmup,gap_proof,breakout,warmup,6338,large,0.5869,1.74,53.79,-0.0948,0.4321,0.7356,52.5718,54.9708,-0.2406,0.0493,INSUFFICIENT_DATA,,,INCONCLUSIVE,NOT_AVAILABLE,COMPLEX
gap_proof|divine_explorer|cooldown,gap_proof,divine_explorer,cooldown,45,medium,-0.9237,0.0,48.89,-0.1938,-2.4568,0.6137,33.3333,62.2222,-1.6409,1.2485,INSUFFICIENT_DATA,,,INCONCLUSIVE,NOT_AVAILABLE,COMPLEX
gap_proof|divine_explorer|hot,gap_proof,divine_explorer,hot,139,large,-0.0702,-1.0,41.01,-0.5672,-0.7275,0.5978,33.0935,48.9209,-1.2061,0.0642,INSUFFICIENT_DATA,,,INCONCLUSIVE,NOT_AVAILABLE,COMPLEX
gap_proof|divine_explorer|ice,gap_proof,divine_explorer,ice,20,small,0.6315,0.0,35.0,-1.0273,-0.5878,1.996,15.0,55.0,-2.4297,0.3789,INSUFFICIENT_DATA,,,INCONCLUSIVE,NOT_AVAILABLE,COMPLEX
gap_proof|divine_explorer|warmup,gap_proof,divine_explorer,warmup,223,large,-0.4853,-0.78,43.05,-1.0192,-1.1909,0.1701,36.7713,49.3274,-1.6667,-0.3759,INSUFFICIENT_DATA,,,INCONCLUSIVE,NOT_AVAILABLE,COMPLEX
gap_proof|fairy_guide|cooldown,gap_proof,fairy_guide,cooldown,2,small,-0.91,-0.91,50.0,-0.2669,-5.33,3.51,0.0,100.0,-3.9971,3.4633,INSUFFICIENT_DATA,,,INCONCLUSIVE,NOT_AVAILABLE,COMPLEX
gap_proof|fairy_guide|hot,gap_proof,fairy_guide,hot,15,small,1.857,3.03,60.0,1.1338,-1.8468,5.7497,33.3333,80.0,-2.5944,5.1748,INSUFFICIENT_DATA,,,INCONCLUSIVE,NOT_AVAILABLE,COMPLEX
gap_proof|fairy_guide|ice,gap_proof,fairy_guide,ice,1,small,8.61,8.61,100.0,7.488,,,,,,,INSUFFICIENT_DATA,,,INCONCLUSIVE,NOT_AVAILABLE,COMPLEX
gap_proof|fairy_guide|warmup,gap_proof,fairy_guide,warmup,20,small,5.3368,3.1475,70.0,4.7059,1.4051,10.8681,50.0,90.0,0.8524,10.2585,INSUFFICIENT_DATA,,,INCONCLUSIVE,NOT_AVAILABLE,COMPLEX
gap_proof|fake_yin|cooldown,gap_proof,fake_yin,cooldown,125,large,0.168,0.77,51.2,0.3216,-0.6304,0.979,42.4,60.0,-0.4646,1.1553,INSUFFICIENT_DATA,,,INCONCLUSIVE,NOT_AVAILABLE,COMPLEX
gap_proof|fake_yin|hot,gap_proof,fake_yin,hot,557,large,-0.0052,-0.79,41.65,-0.2597,-0.393,0.3926,37.1634,45.781,-0.6164,0.0899,INSUFFICIENT_DATA,,,INCONCLUSIVE,NOT_AVAILABLE,COMPLEX
gap_proof|fake_yin|ice,gap_proof,fake_yin,ice,107,large,0.5275,0.0,36.45,-0.4537,-0.0329,1.0988,28.0374,45.7944,-1.0619,0.1392,INSUFFICIENT_DATA,,,INCONCLUSIVE,NOT_AVAILABLE,COMPLEX
gap_proof|fake_yin|warmup,gap_proof,fake_yin,warmup,538,large,0.2571,-0.49,48.51,-0.2521,-0.2167,0.7382,44.052,52.974,-0.719,0.2367,INSUFFICIENT_DATA,,,INCONCLUSIVE,NOT_AVAILABLE,COMPLEX
gap_proof|gap_proof|cooldown,gap_proof,gap_proof,cooldown,4016,large,0.0602,1.2,53.91,0.7035,-0.1246,0.2468,52.3406,55.4793,0.5295,0.8899,STABLE_POSITIVE,1.2945,-0.2204,WEAK,NOT_AVAILABLE,MODERATE
gap_proof|gap_proof|hot,gap_proof,gap_proof,hot,22585,large,0.3754,0.96,52.31,0.0014,0.3073,0.4392,51.6845,52.9555,-0.0609,0.0625,STABLE_POSITIVE,0.6266,0.9776,MODERATE,NOT_AVAILABLE,MODERATE
gap_proof|gap_proof|ice,gap_proof,gap_proof,ice,1056,large,1.1937,0.0,45.17,0.3596,0.9381,1.4294,41.9508,48.2008,0.1012,0.6029,STABLE_POSITIVE,1.4243,1.1357,STRONG,NOT_AVAILABLE,COMPLEX
gap_proof|gap_proof|warmup,gap_proof,gap_proof,warmup,22278,large,0.5091,1.31,57.13,-0.281,0.4372,0.58,56.4638,57.7836,-0.3515,-0.211,STABLE_POSITIVE,0.4316,0.2481,MODERATE,NOT_AVAILABLE,MODERATE
gap_proof|golden_cross|cooldown,gap_proof,golden_cross,cooldown,168,large,-0.0149,1.645,51.19,0.9931,-0.893,0.8811,43.4524,58.3333,0.1245,1.8728,INSUFFICIENT_DATA,,,INCONCLUSIVE,NOT_AVAILABLE,COMPLEX
gap_proof|golden_cross|hot,gap_proof,golden_cross,hot,749,large,0.8326,1.03,52.2,0.6251,0.4313,1.2488,48.7316,55.5441,0.2348,1.0142,INSUFFICIENT_DATA,,,INCONCLUSIVE,NOT_AVAILABLE,COMPLEX
gap_proof|golden_cross|ice,gap_proof,golden_cross,ice,35,medium,1.0636,0.14,54.29,0.1239,0.0159,2.2278,37.1429,71.4286,-0.9574,1.2678,INSUFFICIENT_DATA,,,INCONCLUSIVE,NOT_AVAILABLE,COMPLEX
gap_proof|golden_cross|warmup,gap_proof,golden_cross,warmup,670,large,0.6953,1.93,55.07,0.1461,0.247,1.1781,51.4925,58.9552,-0.2659,0.5937,INSUFFICIENT_DATA,,,INCONCLUSIVE,NOT_AVAILABLE,COMPLEX
gap_proof|ignition|cooldown,gap_proof,ignition,cooldown,102,large,0.3656,2.31,55.88,0.5089,-0.8817,1.5712,46.0784,65.6863,-0.711,1.7098,INSUFFICIENT_DATA,,,INCONCLUSIVE,NOT_AVAILABLE,COMPLEX
gap_proof|ignition|hot,gap_proof,ignition,hot,702,large,1.2668,2.01,60.97,0.604,0.8886,1.6705,57.5499,64.5299,0.2204,1.002,INSUFFICIENT_DATA,,,INCONCLUSIVE,NOT_AVAILABLE,COMPLEX
gap_proof|ignition|ice,gap_proof,ignition,ice,31,medium,2.2281,2.11,61.29,0.4397,0.3705,3.9212,41.9355,77.4194,-1.4683,2.1694,INSUFFICIENT_DATA,,,INCONCLUSIVE,NOT_AVAILABLE,COMPLEX
gap_proof|ignition|warmup,gap_proof,ignition,warmup,829,large,0.7822,2.1,60.68,0.0457,0.3456,1.2114,57.2979,64.1737,-0.3425,0.437,INSUFFICIENT_DATA,,,INCONCLUSIVE,NOT_AVAILABLE,COMPLEX
gap_proof|island_rev|cooldown,gap_proof,island_rev,cooldown,2,small,-9.58,-9.58,0.0,-8.1313,-11.76,-7.4,0.0,0.0,-10.2006,-6.062,INSUFFICIENT_DATA,,,INCONCLUSIVE,NOT_AVAILABLE,COMPLEX
gap_proof|island_rev|hot,gap_proof,island_rev,hot,69,medium,0.0933,-1.59,46.38,-0.2986,-1.1934,1.4227,34.7826,59.4203,-1.5165,1.0016,INSUFFICIENT_DATA,,,INCONCLUSIVE,NOT_AVAILABLE,COMPLEX
gap_proof|island_rev|warmup,gap_proof,island_rev,warmup,48,medium,0.1933,-0.19,47.92,-0.3851,-0.9942,1.4175,33.3333,62.5,-1.6124,0.9325,INSUFFICIENT_DATA,,,INCONCLUSIVE,NOT_AVAILABLE,COMPLEX
gap_proof|long_yang_seven|cooldown,gap_proof,long_yang_seven,cooldown,69,medium,0.7634,2.3,57.97,1.581,-1.1033,2.7357,46.3768,69.5652,-0.1255,3.4301,INSUFFICIENT_DATA,,,INCONCLUSIVE,NOT_AVAILABLE,COMPLEX
gap_proof|long_yang_seven|hot,gap_proof,long_yang_seven,hot,316,large,1.0147,2.27,56.65,0.625,0.3964,1.6332,51.2658,61.4003,0.0408,1.2199,INSUFFICIENT_DATA,,,INCONCLUSIVE,NOT_AVAILABLE,COMPLEX
gap_proof|long_yang_seven|ice,gap_proof,long_yang_seven,ice,17,small,6.2988,6.005,76.47,5.0029,2.6004,10.3712,52.9412,94.1176,1.6367,8.6714,INSUFFICIENT_DATA,,,INCONCLUSIVE,NOT_AVAILABLE,COMPLEX
gap_proof|long_yang_seven|warmup,gap_proof,long_yang_seven,warmup,341,large,0.5897,2.26,55.13,0.0804,-0.1274,1.3316,49.846,60.4106,-0.5782,0.7925,INSUFFICIENT_DATA,,,INCONCLUSIVE,NOT_AVAILABLE,COMPLEX
gap_proof|lotus|cooldown,gap_proof,lotus,cooldown,168,large,1.0276,2.56,61.31,1.2574,0.0064,1.9372,54.1518,68.4524,0.329,2.1754,INSUFFICIENT_DATA,,,INCONCLUSIVE,NOT_AVAILABLE,COMPLEX
gap_proof|lotus|hot,gap_proof,lotus,hot,601,large,0.9226,2.05,53.91,0.7118,0.4666,1.3899,50.2496,58.0699,0.2666,1.1741,INSUFFICIENT_DATA,,,INCONCLUSIVE,NOT_AVAILABLE,COMPLEX
gap_proof|lotus|ice,gap_proof,lotus,ice,49,medium,2.9052,2.415,61.22,1.7155,1.38,4.4958,48.9796,73.4694,0.2521,3.3073,INSUFFICIENT_DATA,,,INCONCLUSIVE,NOT_AVAILABLE,COMPLEX
gap_proof|lotus|warmup,gap_proof,lotus,warmup,807,large,0.9059,2.21,58.36,0.2491,0.4227,1.3521,54.7708,61.834,-0.2213,0.6989,INSUFFICIENT_DATA,,,INCONCLUSIVE,NOT_AVAILABLE,COMPLEX
gap_proof|lu_sniper|cooldown,gap_proof,lu_sniper,cooldown,100,large,0.7665,1.645,54.0,0.9755,-0.6829,2.2961,44.0,64.0,-0.5478,2.5002,INSUFFICIENT_DATA,,,INCONCLUSIVE,NOT_AVAILABLE,MODERATE
gap_proof|lu_sniper|hot,gap_proof,lu_sniper,hot,321,large,0.9933,1.925,60.75,0.5254,0.3654,1.6134,55.4517,66.3551,-0.0864,1.1324,INSUFFICIENT_DATA,,,INCONCLUSIVE,NOT_AVAILABLE,MODERATE
gap_proof|lu_sniper|ice,gap_proof,lu_sniper,ice,15,small,0.1453,0.0,46.67,-0.734,-3.4481,3.2714,20.0,73.3333,-4.212,2.4174,INSUFFICIENT_DATA,,,INCONCLUSIVE,NOT_AVAILABLE,COMPLEX
gap_proof|lu_sniper|warmup,gap_proof,lu_sniper,warmup,558,large,0.5941,1.8,57.89,0.1554,0.0319,1.1321,53.9427,61.6487,-0.4067,0.6944,INSUFFICIENT_DATA,,,INCONCLUSIVE,NOT_AVAILABLE,MODERATE
gap_proof|ma5_monster|cooldown,gap_proof,ma5_monster,cooldown,110,large,0.7285,1.725,55.45,0.7574,0.0518,1.4681,46.3636,63.6364,0.0173,1.5083,INSUFFICIENT_DATA,,,INCONCLUSIVE,NOT_AVAILABLE,COMPLEX
gap_proof|ma5_monster|hot,gap_proof,ma5_monster,hot,535,large,0.0424,-0.59,40.0,-0.5154,-0.2839,0.3792,35.8879,43.7383,-0.8156,-0.2028,INSUFFICIENT_DATA,,,INCONCLUSIVE,NOT_AVAILABLE,COMPLEX
gap_proof|ma5_monster|ice,gap_proof,ma5_monster,ice,61,medium,0.8072,0.0,44.26,0.6057,0.1595,1.561,32.7869,57.377,-0.1482,1.4654,INSUFFICIENT_DATA,,,INCONCLUSIVE,NOT_AVAILABLE,COMPLEX
gap_proof|ma5_monster|warmup,gap_proof,ma5_monster,warmup,528,large,0.6264,0.655,50.95,-0.3832,0.2291,1.0124,46.7803,55.1136,-0.7686,0.0044,INSUFFICIENT_DATA,,,INCONCLUSIVE,NOT_AVAILABLE,COMPLEX
gap_proof|massive_vol|cooldown,gap_proof,massive_vol,cooldown,149,large,-0.1572,2.02,53.02,0.3121,-1.0929,0.7549,45.6208,60.4027,-0.632,1.1937,INSUFFICIENT_DATA,,,INCONCLUSIVE,NOT_AVAILABLE,COMPLEX
gap_proof|massive_vol|hot,gap_proof,massive_vol,hot,1107,large,0.251,-0.48,46.7,-0.0926,-0.0707,0.5474,43.6314,49.7742,-0.384,0.1831,INSUFFICIENT_DATA,,,INCONCLUSIVE,NOT_AVAILABLE,COMPLEX
gap_proof|massive_vol|ice,gap_proof,massive_vol,ice,46,medium,1.6546,0.0,45.65,0.7861,0.4975,2.9631,30.4348,60.8696,-0.2715,1.9524,INSUFFICIENT_DATA,,,INCONCLUSIVE,NOT_AVAILABLE,COMPLEX
gap_proof|massive_vol|warmup,gap_proof,massive_vol,warmup,855,large,0.4821,0.07,50.06,-0.0214,0.0743,0.8737,46.9006,53.3333,-0.3928,0.351,INSUFFICIENT_DATA,,,INCONCLUSIVE,NOT_AVAILABLE,COMPLEX
gap_proof|momentum|cooldown,gap_proof,momentum,cooldown,180,large,-0.3249,0.6275,51.11,0.5103,-1.0261,0.3677,44.4444,57.7917,-0.1711,1.2218,INSUFFICIENT_DATA,,,INCONCLUSIVE,NOT_AVAILABLE,COMPLEX
gap_proof|momentum|hot,gap_proof,momentum,hot,978,large,0.4923,0.78,51.64,0.0207,0.2012,0.7886,48.5685,55.0102,-0.2482,0.3115,INSUFFICIENT_DATA,,,INCONCLUSIVE,NOT_AVAILABLE,COMPLEX
gap_proof|momentum|ice,gap_proof,momentum,ice,62,medium,0.7115,0.0,41.94,-0.3757,-0.3031,1.7695,29.0323,54.8387,-1.3219,0.5523,INSUFFICIENT_DATA,,,INCONCLUSIVE,NOT_AVAILABLE,COMPLEX
gap_proof|momentum|warmup,gap_proof,momentum,warmup,937,large,0.8078,1.68,57.84,0.0593,0.4936,1.1587,54.8533,60.9418,-0.2406,0.4036,INSUFFICIENT_DATA,,,INCONCLUSIVE,NOT_AVAILABLE,COMPLEX
gap_proof|old_duck|cooldown,gap_proof,old_duck,cooldown,1307,large,0.3738,1.87,53.56,1.0154,0.0503,0.7301,51.0329,56.2376,0.7059,1.3599,INSUFFICIENT_DATA,,,INCONCLUSIVE,NOT_AVAILABLE,COMPLEX
gap_proof|old_duck|hot,gap_proof,old_duck,hot,6025,large,0.6062,0.13,50.16,0.2891,0.4599,0.7411,48.8461,51.3693,0.1474,0.4202,INSUFFICIENT_DATA,,,INCONCLUSIVE,NOT_AVAILABLE,COMPLEX
gap_proof|old_duck|ice,gap_proof,old_duck,ice,416,large,1.4988,0.0,48.32,0.4714,1.084,1.9546,43.5096,53.125,0.0292,0.9,INSUFFICIENT_DATA,,,INCONCLUSIVE,NOT_AVAILABLE,COMPLEX
gap_proof|old_duck|warmup,gap_proof,old_duck,warmup,6392,large,0.5629,1.7325,53.3,-0.114,0.4198,0.7027,52.112,54.49,-0.248,0.0283,INSUFFICIENT_DATA,,,INCONCLUSIVE,NOT_AVAILABLE,COMPLEX
gap_proof|single_yang|cooldown,gap_proof,single_yang,cooldown,121,large,-0.7344,-1.22,44.63,-0.2638,-1.8166,0.2765,35.5372,52.8926,-1.3162,0.7112,INSUFFICIENT_DATA,,,INCONCLUSIVE,NOT_AVAILABLE,COMPLEX
gap_proof|single_yang|hot,gap_proof,single_yang,hot,489,large,1.114,2.165,57.26,0.4634,0.5223,1.6864,52.7607,61.7587,-0.0781,1.0003,INSUFFICIENT_DATA,,,INCONCLUSIVE,NOT_AVAILABLE,COMPLEX
gap_proof|single_yang|ice,gap_proof,single_yang,ice,15,small,0.7913,0.0,40.0,-0.2637,-1.6115,3.4304,20.0,66.6667,-2.9201,2.7771,INSUFFICIENT_DATA,,,INCONCLUSIVE,NOT_AVAILABLE,COMPLEX
gap_proof|single_yang|warmup,gap_proof,single_yang,warmup,448,large,0.8826,2.235,55.8,0.2926,0.2887,1.4364,51.3337,60.0446,-0.2853,0.8329,INSUFFICIENT_DATA,,,INCONCLUSIVE,NOT_AVAILABLE,COMPLEX
gap_proof|t1_swing|cooldown,gap_proof,t1_swing,cooldown,2383,large,0.1258,1.13,53.46,0.9123,-0.085,0.3293,51.4058,55.3095,0.6983,1.1174,INSUFFICIENT_DATA,,,INCONCLUSIVE,NOT_AVAILABLE,COMPLEX
gap_proof|t1_swing|hot,gap_proof,t1_swing,hot,13749,large,0.2788,0.265,50.72,-0.0395,0.1887,0.3624,49.7851,51.5748,-0.1223,0.0397,INSUFFICIENT_DATA,,,INCONCLUSIVE,NOT_AVAILABLE,COMPLEX
gap_proof|t1_swing|ice,gap_proof,t1_swing,ice,621,large,1.0255,0.0,43.0,0.0069,0.7257,1.3573,39.1304,46.6989,-0.2961,0.3227,INSUFFICIENT_DATA,,,INCONCLUSIVE,NOT_AVAILABLE,COMPLEX
gap_proof|t1_swing|warmup,gap_proof,t1_swing,warmup,12547,large,0.5537,1.21,56.45,-0.2561,0.462,0.6508,55.5589,57.4241,-0.3474,-0.1664,INSUFFICIENT_DATA,,,INCONCLUSIVE,NOT_AVAILABLE,COMPLEX
gap_proof|three_horse|cooldown,gap_proof,three_horse,cooldown,467,large,0.6155,1.3,51.61,1.4418,0.0579,1.2099,46.8951,56.7452,0.8826,2.0121,INSUFFICIENT_DATA,,,INCONCLUSIVE,NOT_AVAILABLE,COMPLEX
gap_proof|three_horse|hot,gap_proof,three_horse,hot,2316,large,0.3878,-0.565,47.45,0.0403,0.158,0.6082,45.639,49.6125,-0.1716,0.2517,INSUFFICIENT_DATA,,,INCONCLUSIVE,NOT_AVAILABLE,COMPLEX
gap_proof|three_horse|ice,gap_proof,three_horse,ice,143,large,1.3979,0.0,43.36,0.1361,0.6962,2.1884,34.965,51.049,-0.6227,0.9083,INSUFFICIENT_DATA,,,INCONCLUSIVE,NOT_AVAILABLE,COMPLEX
gap_proof|three_horse|warmup,gap_proof,three_horse,warmup,2268,large,0.3097,-0.17,49.6,-0.3541,0.0636,0.5579,47.6179,51.7637,-0.595,-0.112,INSUFFICIENT_DATA,,,INCONCLUSIVE,NOT_AVAILABLE,COMPLEX
gap_proof|trend|cooldown,gap_proof,trend,cooldown,32,medium,1.1033,1.9225,62.5,1.028,-0.505,2.8112,46.875,78.125,-0.5645,2.7612,INSUFFICIENT_DATA,,,INCONCLUSIVE,NOT_AVAILABLE,COMPLEX
gap_proof|trend|hot,gap_proof,trend,hot,198,large,0.3621,-0.38,46.46,-0.3064,-0.2458,1.0147,39.8864,54.0404,-0.8599,0.316,INSUFFICIENT_DATA,,,INCONCLUSIVE,NOT_AVAILABLE,COMPLEX
gap_proof|trend|ice,gap_proof,trend,ice,17,small,2.0432,2.02,64.71,-0.0021,0.2585,4.174,41.1765,88.2353,-1.4654,1.645,INSUFFICIENT_DATA,,,INCONCLUSIVE,NOT_AVAILABLE,COMPLEX
gap_proof|trend|warmup,gap_proof,trend,warmup,120,large,0.9495,1.44,53.33,0.1507,0.1275,1.8562,44.1667,61.6875,-0.672,1.1295,INSUFFICIENT_DATA,,,INCONCLUSIVE,NOT_AVAILABLE,COMPLEX
gap_proof_v2|breakout|cooldown,gap_proof_v2,breakout,cooldown,738,large,0.1566,0.685,50.41,1.0229,-0.2706,0.5703,46.748,54.065,0.5945,1.4264,INSUFFICIENT_DATA,,,INCONCLUSIVE,NOT_AVAILABLE,COMPLEX
gap_proof_v2|breakout|hot,gap_proof_v2,breakout,hot,3060,large,0.1671,-0.595,46.57,-0.2177,-0.0105,0.3598,44.8039,48.3668,-0.382,-0.0381,INSUFFICIENT_DATA,,,INCONCLUSIVE,NOT_AVAILABLE,COMPLEX
gap_proof_v2|breakout|ice,gap_proof_v2,breakout,ice,221,large,1.347,0.0,49.77,0.3556,0.8802,1.8854,43.4389,56.1086,-0.1457,0.9157,INSUFFICIENT_DATA,,,INCONCLUSIVE,NOT_AVAILABLE,COMPLEX
gap_proof_v2|breakout|warmup,gap_proof_v2,breakout,warmup,3470,large,0.4562,1.5075,52.91,-0.1962,0.272,0.6483,51.268,54.5821,-0.3805,-0.0137,INSUFFICIENT_DATA,,,INCONCLUSIVE,NOT_AVAILABLE,COMPLEX
gap_proof_v2|divine_explorer|cooldown,gap_proof_v2,divine_explorer,cooldown,25,small,-2.3892,-3.09,36.0,-1.7265,-4.6139,-0.2279,20.0,56.0,-3.7615,0.2879,INSUFFICIENT_DATA,,,INCONCLUSIVE,NOT_AVAILABLE,COMPLEX
gap_proof_v2|divine_explorer|hot,gap_proof_v2,divine_explorer,hot,88,medium,-0.5261,-1.365,35.23,-1.1497,-1.2665,0.4301,26.1364,45.4545,-1.8814,-0.2078,INSUFFICIENT_DATA,,,INCONCLUSIVE,NOT_AVAILABLE,COMPLEX
gap_proof_v2|divine_explorer|ice,gap_proof_v2,divine_explorer,ice,13,small,0.46,-0.81,30.77,-1.5252,-1.3337,2.5782,7.6923,61.5385,-3.4762,0.647,INSUFFICIENT_DATA,,,INCONCLUSIVE,NOT_AVAILABLE,COMPLEX
gap_proof_v2|divine_explorer|warmup,gap_proof_v2,divine_explorer,warmup,142,large,-0.4722,-1.08,40.14,-0.992,-1.223,0.303,31.6901,48.5915,-1.7387,-0.2622,INSUFFICIENT_DATA,,,INCONCLUSIVE,NOT_AVAILABLE,COMPLEX
gap_proof_v2|fairy_guide|cooldown,gap_proof_v2,fairy_guide,cooldown,2,small,-0.91,-0.91,50.0,-0.2669,-5.33,3.51,0.0,100.0,-3.9971,3.4633,INSUFFICIENT_DATA,,,INCONCLUSIVE,NOT_AVAILABLE,COMPLEX
gap_proof_v2|fairy_guide|hot,gap_proof_v2,fairy_guide,hot,7,small,3.2807,2.46,57.14,2.3316,-3.0679,11.1764,14.2857,100.0,-4.1049,10.3072,INSUFFICIENT_DATA,,,INCONCLUSIVE,NOT_AVAILABLE,COMPLEX
gap_proof_v2|fairy_guide|warmup,gap_proof_v2,fairy_guide,warmup,12,small,4.5038,2.2525,58.33,4.4535,-0.8428,11.7878,33.3333,83.3333,-0.6476,11.6318,INSUFFICIENT_DATA,,,INCONCLUSIVE,NOT_AVAILABLE,COMPLEX
gap_proof_v2|fake_yin|cooldown,gap_proof_v2,fake_yin,cooldown,71,medium,-0.0134,-0.69,49.3,0.1022,-1.0411,1.0634,38.0282,61.9718,-0.9381,1.2584,INSUFFICIENT_DATA,,,INCONCLUSIVE,NOT_AVAILABLE,COMPLEX
gap_proof_v2|fake_yin|hot,gap_proof_v2,fake_yin,hot,306,large,-0.5969,-1.4,35.62,-0.863,-1.1225,-0.0944,30.3922,40.8497,-1.3445,-0.392,INSUFFICIENT_DATA,,,INCONCLUSIVE,NOT_AVAILABLE,COMPLEX
gap_proof_v2|fake_yin|ice,gap_proof_v2,fake_yin,ice,64,medium,0.1698,0.0,32.81,-0.7792,-0.4389,0.8236,21.875,43.75,-1.5439,-0.0166,INSUFFICIENT_DATA,,,INCONCLUSIVE,NOT_AVAILABLE,COMPLEX
gap_proof_v2|fake_yin|warmup,gap_proof_v2,fake_yin,warmup,285,large,-0.2404,-0.75,45.61,-0.8699,-0.7669,0.3065,40.0,51.5789,-1.3987,-0.3302,INSUFFICIENT_DATA,,,INCONCLUSIVE,NOT_AVAILABLE,COMPLEX
gap_proof_v2|gap_proof|cooldown,gap_proof_v2,gap_proof,cooldown,1959,large,-0.0568,0.955,51.61,0.6021,-0.2855,0.1759,49.413,53.8553,0.3664,0.8469,SIGN_FLIP,1.1068,-0.2508,INCONCLUSIVE,NOT_AVAILABLE,COMPLEX
gap_proof_v2|gap_proof|hot,gap_proof_v2,gap_proof,hot,10214,large,0.1563,-0.07,49.84,-0.2668,0.0665,0.2437,48.8545,50.7639,-0.3551,-0.184,STABLE_POSITIVE,0.7522,1.1263,MODERATE,NOT_AVAILABLE,MODERATE
gap_proof_v2|gap_proof|ice,gap_proof_v2,gap_proof,ice,558,large,1.1836,0.26,50.72,0.1736,0.8861,1.5225,46.595,54.8432,-0.1495,0.5397,STABLE_POSITIVE,1.4898,1.2951,MODERATE,NOT_AVAILABLE,COMPLEX
gap_proof_v2|gap_proof|warmup,gap_proof_v2,gap_proof,warmup,10459,large,0.3385,1.34,55.01,-0.4167,0.2377,0.4473,54.0298,55.9905,-0.5139,-0.315,STABLE_POSITIVE,0.4671,0.1762,MODERATE,NOT_AVAILABLE,MODERATE
gap_proof_v2|golden_cross|cooldown,gap_proof_v2,golden_cross,cooldown,104,large,0.581,1.94,54.81,1.3679,-0.4706,1.617,45.1923,63.4615,0.3024,2.3019,INSUFFICIENT_DATA,,,INCONCLUSIVE,NOT_AVAILABLE,COMPLEX
gap_proof_v2|golden_cross|hot,gap_proof_v2,golden_cross,hot,401,large,0.292,-0.37,48.13,0.002,-0.2396,0.7542,43.1421,52.8678,-0.4617,0.4384,INSUFFICIENT_DATA,,,INCONCLUSIVE,NOT_AVAILABLE,COMPLEX
gap_proof_v2|golden_cross|ice,gap_proof_v2,golden_cross,ice,27,small,0.9309,0.2,55.56,-0.026,-0.4245,2.2125,37.037,74.0741,-1.5018,1.3456,INSUFFICIENT_DATA,,,INCONCLUSIVE,NOT_AVAILABLE,COMPLEX
gap_proof_v2|golden_cross|warmup,gap_proof_v2,golden_cross,warmup,384,large,0.4026,1.235,52.6,-0.1255,-0.1756,0.9948,47.9167,57.2917,-0.6762,0.4178,INSUFFICIENT_DATA,,,INCONCLUSIVE,NOT_AVAILABLE,COMPLEX
gap_proof_v2|ignition|cooldown,gap_proof_v2,ignition,cooldown,57,medium,1.4049,3.32,61.4,1.3456,-0.122,2.8934,49.0789,73.6842,-0.0798,2.8619,INSUFFICIENT_DATA,,,INCONCLUSIVE,NOT_AVAILABLE,COMPLEX
gap_proof_v2|ignition|hot,gap_proof_v2,ignition,hot,376,large,0.7579,1.7575,57.18,0.1078,0.2425,1.2895,52.1277,61.9681,-0.3932,0.6459,INSUFFICIENT_DATA,,,INCONCLUSIVE,NOT_AVAILABLE,COMPLEX
gap_proof_v2|ignition|ice,gap_proof_v2,ignition,ice,23,small,2.7378,2.385,60.87,1.0695,0.6728,4.9351,39.1304,78.3696,-0.8891,3.3663,INSUFFICIENT_DATA,,,INCONCLUSIVE,NOT_AVAILABLE,COMPLEX
gap_proof_v2|ignition|warmup,gap_proof_v2,ignition,warmup,457,large,0.4392,2.0,59.08,-0.2747,-0.1555,1.072,54.6991,63.895,-0.8332,0.3238,INSUFFICIENT_DATA,,,INCONCLUSIVE,NOT_AVAILABLE,COMPLEX
gap_proof_v2|island_rev|cooldown,gap_proof_v2,island_rev,cooldown,2,small,-9.58,-9.58,0.0,-8.1313,-11.76,-7.4,0.0,0.0,-10.2006,-6.062,INSUFFICIENT_DATA,,,INCONCLUSIVE,NOT_AVAILABLE,COMPLEX
gap_proof_v2|island_rev|hot,gap_proof_v2,island_rev,hot,46,medium,-0.8024,-2.65,36.96,-1.2666,-2.2611,0.5361,21.7391,50.0,-2.5234,-0.0646,INSUFFICIENT_DATA,,,INCONCLUSIVE,NOT_AVAILABLE,COMPLEX
gap_proof_v2|island_rev|warmup,gap_proof_v2,island_rev,warmup,36,medium,0.0942,-0.645,41.67,-0.4663,-1.3866,1.5448,25.0,58.3333,-1.9977,1.1835,INSUFFICIENT_DATA,,,INCONCLUSIVE,NOT_AVAILABLE,COMPLEX
gap_proof_v2|long_yang_seven|cooldown,gap_proof_v2,long_yang_seven,cooldown,36,medium,-0.3938,-0.005,50.0,0.4906,-3.3002,2.557,33.3333,66.6667,-2.0056,2.9067,INSUFFICIENT_DATA,,,INCONCLUSIVE,NOT_AVAILABLE,COMPLEX
gap_proof_v2|long_yang_seven|hot,gap_proof_v2,long_yang_seven,hot,141,large,0.7472,2.17,56.74,0.2513,-0.1908,1.7761,48.9362,64.539,-0.6623,1.1975,INSUFFICIENT_DATA,,,INCONCLUSIVE,NOT_AVAILABLE,COMPLEX
gap_proof_v2|long_yang_seven|ice,gap_proof_v2,long_yang_seven,ice,10,small,6.512,6.1125,90.0,5.213,3.9335,9.867,70.0,100.0,2.95,8.2362,INSUFFICIENT_DATA,,,INCONCLUSIVE,NOT_AVAILABLE,COMPLEX
gap_proof_v2|long_yang_seven|warmup,gap_proof_v2,long_yang_seven,warmup,183,large,0.254,1.2,50.27,-0.4465,-0.69,1.2276,43.1694,58.4699,-1.3112,0.4024,INSUFFICIENT_DATA,,,INCONCLUSIVE,NOT_AVAILABLE,COMPLEX
gap_proof_v2|lotus|cooldown,gap_proof_v2,lotus,cooldown,88,medium,1.2206,2.525,59.09,1.2233,-0.0964,2.433,47.7273,69.3182,-0.0701,2.404,INSUFFICIENT_DATA,,,INCONCLUSIVE,NOT_AVAILABLE,COMPLEX
gap_proof_v2|lotus|hot,gap_proof_v2,lotus,hot,283,large,0.0431,-0.48,48.76,-0.115,-0.5704,0.6687,42.7562,54.7703,-0.7205,0.5074,INSUFFICIENT_DATA,,,INCONCLUSIVE,NOT_AVAILABLE,COMPLEX
gap_proof_v2|lotus|ice,gap_proof_v2,lotus,ice,26,small,3.1483,2.4225,61.54,2.167,1.3641,5.3158,42.3077,77.0192,0.1155,4.3786,INSUFFICIENT_DATA,,,INCONCLUSIVE,NOT_AVAILABLE,COMPLEX
gap_proof_v2|lotus|warmup,gap_proof_v2,lotus,warmup,391,large,0.7188,2.2,58.57,-0.0274,0.057,1.3682,53.7084,63.1714,-0.6797,0.6289,INSUFFICIENT_DATA,,,INCONCLUSIVE,NOT_AVAILABLE,COMPLEX
gap_proof_v2|lu_sniper|cooldown,gap_proof_v2,lu_sniper,cooldown,58,medium,0.9305,1.5325,53.45,0.9714,-1.1235,2.8578,41.3793,65.5172,-1.0764,2.9044,INSUFFICIENT_DATA,,,INCONCLUSIVE,NOT_AVAILABLE,COMPLEX
gap_proof_v2|lu_sniper|hot,gap_proof_v2,lu_sniper,hot,200,large,0.5839,1.815,57.5,0.1385,-0.1294,1.3614,51.0,64.5,-0.5348,0.9044,INSUFFICIENT_DATA,,,INCONCLUSIVE,NOT_AVAILABLE,COMPLEX
gap_proof_v2|lu_sniper|ice,gap_proof_v2,lu_sniper,ice,6,small,-2.9133,-1.595,33.33,-3.2738,-9.2497,2.9472,0.0,66.6667,-8.7028,2.0107,INSUFFICIENT_DATA,,,INCONCLUSIVE,NOT_AVAILABLE,COMPLEX
gap_proof_v2|lu_sniper|warmup,gap_proof_v2,lu_sniper,warmup,318,large,0.1663,1.6675,53.46,-0.416,-0.4702,0.831,47.7987,58.805,-1.0366,0.2201,INSUFFICIENT_DATA,,,INCONCLUSIVE,NOT_AVAILABLE,COMPLEX
gap_proof_v2|ma5_monster|cooldown,gap_proof_v2,ma5_monster,cooldown,53,medium,0.2046,-0.86,41.51,0.0899,-1.1177,1.504,28.3019,54.717,-1.2139,1.4221,INSUFFICIENT_DATA,,,INCONCLUSIVE,NOT_AVAILABLE,COMPLEX
gap_proof_v2|ma5_monster|hot,gap_proof_v2,ma5_monster,hot,307,large,-0.1815,-0.79,36.16,-0.76,-0.6305,0.2732,30.9446,41.702,-1.1832,-0.3265,INSUFFICIENT_DATA,,,INCONCLUSIVE,NOT_AVAILABLE,COMPLEX
gap_proof_v2|ma5_monster|ice,gap_proof_v2,ma5_monster,ice,36,medium,1.1826,0.07,50.0,1.1501,0.3168,2.1641,36.1111,66.6667,0.054,2.3625,INSUFFICIENT_DATA,,,INCONCLUSIVE,NOT_AVAILABLE,COMPLEX
gap_proof_v2|ma5_monster|warmup,gap_proof_v2,ma5_monster,warmup,300,large,0.2732,-0.285,46.67,-0.6303,-0.2179,0.7456,41.325,52.3333,-1.0575,-0.1841,INSUFFICIENT_DATA,,,INCONCLUSIVE,NOT_AVAILABLE,COMPLEX
gap_proof_v2|massive_vol|cooldown,gap_proof_v2,massive_vol,cooldown,84,medium,0.101,1.465,51.19,0.5753,-1.153,1.3453,40.4762,61.9048,-0.6125,1.7445,INSUFFICIENT_DATA,,,INCONCLUSIVE,NOT_AVAILABLE,COMPLEX
gap_proof_v2|massive_vol|hot,gap_proof_v2,massive_vol,hot,567,large,0.0409,-0.83,43.21,-0.4308,-0.378,0.4507,39.1534,47.2663,-0.8223,-0.0594,INSUFFICIENT_DATA,,,INCONCLUSIVE,NOT_AVAILABLE,COMPLEX
gap_proof_v2|massive_vol|ice,gap_proof_v2,massive_vol,ice,31,medium,2.0606,0.0,45.16,1.2773,0.4767,3.6826,25.8065,64.5161,-0.1347,2.671,INSUFFICIENT_DATA,,,INCONCLUSIVE,NOT_AVAILABLE,COMPLEX
gap_proof_v2|massive_vol|warmup,gap_proof_v2,massive_vol,warmup,487,large,0.2291,-0.41,48.25,-0.2331,-0.2878,0.7262,43.9374,52.5667,-0.7244,0.2773,INSUFFICIENT_DATA,,,INCONCLUSIVE,NOT_AVAILABLE,COMPLEX
gap_proof_v2|momentum|cooldown,gap_proof_v2,momentum,cooldown,119,large,-0.8768,-1.47,47.9,-0.0327,-1.7248,0.0013,38.6555,56.3235,-0.9336,0.847,INSUFFICIENT_DATA,,,INCONCLUSIVE,NOT_AVAILABLE,COMPLEX
gap_proof_v2|momentum|hot,gap_proof_v2,momentum,hot,566,large,0.2493,0.4225,50.88,-0.2885,-0.1214,0.5974,46.6431,54.7747,-0.6394,0.0426,INSUFFICIENT_DATA,,,INCONCLUSIVE,NOT_AVAILABLE,COMPLEX
gap_proof_v2|momentum|ice,gap_proof_v2,momentum,ice,40,medium,0.4916,0.0,42.5,-0.575,-0.5571,1.644,27.5,57.5,-1.687,0.5788,INSUFFICIENT_DATA,,,INCONCLUSIVE,NOT_AVAILABLE,COMPLEX
gap_proof_v2|momentum|warmup,gap_proof_v2,momentum,warmup,558,large,0.4246,1.475,56.63,-0.1696,0.0131,0.8015,52.3297,60.5735,-0.5515,0.1829,INSUFFICIENT_DATA,,,INCONCLUSIVE,NOT_AVAILABLE,COMPLEX
gap_proof_v2|old_duck|cooldown,gap_proof_v2,old_duck,cooldown,742,large,0.1794,0.845,50.81,0.8689,-0.242,0.5931,47.1698,54.4474,0.451,1.2694,INSUFFICIENT_DATA,,,INCONCLUSIVE,NOT_AVAILABLE,COMPLEX
gap_proof_v2|old_duck|hot,gap_proof_v2,old_duck,hot,3171,large,0.2269,-0.55,47.05,-0.1458,0.0514,0.4085,45.4746,48.8489,-0.3147,0.022,INSUFFICIENT_DATA,,,INCONCLUSIVE,NOT_AVAILABLE,COMPLEX
gap_proof_v2|old_duck|ice,gap_proof_v2,old_duck,ice,236,large,1.0761,0.0,46.61,0.1696,0.5394,1.6073,39.8305,53.3898,-0.3942,0.7502,INSUFFICIENT_DATA,,,INCONCLUSIVE,NOT_AVAILABLE,COMPLEX
gap_proof_v2|old_duck|warmup,gap_proof_v2,old_duck,warmup,3511,large,0.3608,1.11,51.84,-0.301,0.1629,0.5509,50.099,53.4897,-0.4872,-0.1121,INSUFFICIENT_DATA,,,INCONCLUSIVE,NOT_AVAILABLE,COMPLEX
gap_proof_v2|single_yang|cooldown,gap_proof_v2,single_yang,cooldown,72,medium,-0.2644,-1.005,47.22,0.4003,-1.504,1.0216,36.1111,58.3681,-0.788,1.6283,INSUFFICIENT_DATA,,,INCONCLUSIVE,NOT_AVAILABLE,COMPLEX
gap_proof_v2|single_yang|hot,gap_proof_v2,single_yang,hot,238,large,0.2824,-0.085,49.58,-0.2628,-0.4801,1.0902,43.2773,56.3025,-1.0009,0.5098,INSUFFICIENT_DATA,,,INCONCLUSIVE,NOT_AVAILABLE,COMPLEX
gap_proof_v2|single_yang|ice,gap_proof_v2,single_yang,ice,10,small,0.421,-1.255,40.0,-0.5362,-2.466,3.7247,10.0,70.0,-4.0845,3.2736,INSUFFICIENT_DATA,,,INCONCLUSIVE,NOT_AVAILABLE,COMPLEX
gap_proof_v2|single_yang|warmup,gap_proof_v2,single_yang,warmup,262,large,0.7622,2.125,54.58,0.2696,0.0018,1.5808,48.4733,61.0687,-0.4215,1.0581,INSUFFICIENT_DATA,,,INCONCLUSIVE,NOT_AVAILABLE,COMPLEX
gap_proof_v2|t1_swing|cooldown,gap_proof_v2,t1_swing,cooldown,1289,large,-0.1066,0.83,50.97,0.6574,-0.378,0.1665,48.2545,53.5299,0.3895,0.9416,INSUFFICIENT_DATA,,,INCONCLUSIVE,NOT_AVAILABLE,COMPLEX
gap_proof_v2|t1_swing|hot,gap_proof_v2,t1_swing,hot,6640,large,0.1126,-0.365,48.99,-0.2851,-0.0087,0.2363,47.8163,50.2259,-0.3962,-0.1697,INSUFFICIENT_DATA,,,INCONCLUSIVE,NOT_AVAILABLE,COMPLEX
gap_proof_v2|t1_swing|ice,gap_proof_v2,t1_swing,ice,343,large,0.9579,0.0,46.06,-0.1776,0.5626,1.3525,40.8163,51.312,-0.6031,0.2391,INSUFFICIENT_DATA,,,INCONCLUSIVE,NOT_AVAILABLE,COMPLEX
gap_proof_v2|t1_swing|warmup,gap_proof_v2,t1_swing,warmup,6432,large,0.4306,1.28,55.22,-0.3362,0.2978,0.5561,53.9486,56.4214,-0.4619,-0.2158,INSUFFICIENT_DATA,,,INCONCLUSIVE,NOT_AVAILABLE,COMPLEX
gap_proof_v2|three_horse|cooldown,gap_proof_v2,three_horse,cooldown,253,large,-0.0543,-0.95,44.66,0.8548,-0.7161,0.6153,38.7352,50.9881,0.2066,1.5332,INSUFFICIENT_DATA,,,INCONCLUSIVE,NOT_AVAILABLE,COMPLEX
gap_proof_v2|three_horse|hot,gap_proof_v2,three_horse,hot,1107,large,-0.1061,-1.05,42.64,-0.4747,-0.4062,0.2002,39.8374,45.4404,-0.769,-0.1888,INSUFFICIENT_DATA,,,INCONCLUSIVE,NOT_AVAILABLE,COMPLEX
gap_proof_v2|three_horse|ice,gap_proof_v2,three_horse,ice,87,medium,1.2127,0.0,43.68,-0.0201,0.3559,2.2048,33.3333,54.023,-0.9559,0.9772,INSUFFICIENT_DATA,,,INCONCLUSIVE,NOT_AVAILABLE,COMPLEX
gap_proof_v2|three_horse|warmup,gap_proof_v2,three_horse,warmup,1208,large,0.0969,-0.6175,47.52,-0.5609,-0.2088,0.4126,44.5364,50.1676,-0.8619,-0.2641,INSUFFICIENT_DATA,,,INCONCLUSIVE,NOT_AVAILABLE,COMPLEX
gap_proof_v2|trend|cooldown,gap_proof_v2,trend,cooldown,26,small,0.8785,1.8625,57.69,0.7132,-0.9253,2.8252,38.4615,76.9231,-1.0518,2.4868,INSUFFICIENT_DATA,,,INCONCLUSIVE,NOT_AVAILABLE,COMPLEX
gap_proof_v2|trend|hot,gap_proof_v2,trend,hot,105,large,-0.1046,-0.78,45.71,-0.7577,-0.8709,0.6904,36.1905,55.2381,-1.4957,-0.0393,INSUFFICIENT_DATA,,,INCONCLUSIVE,NOT_AVAILABLE,COMPLEX
gap_proof_v2|trend|ice,gap_proof_v2,trend,ice,6,small,1.7017,1.7425,83.33,-0.5439,-0.4763,3.9231,50.0,100.0,-2.5955,1.2966,INSUFFICIENT_DATA,,,INCONCLUSIVE,NOT_AVAILABLE,COMPLEX
gap_proof_v2|trend|warmup,gap_proof_v2,trend,warmup,73,medium,1.3245,1.6,56.16,0.4415,0.12,2.4798,43.8356,67.1233,-0.6914,1.5502,INSUFFICIENT_DATA,,,INCONCLUSIVE,NOT_AVAILABLE,COMPLEX
golden_cross|breakout|cooldown,golden_cross,breakout,cooldown,122,large,-0.1545,1.415,50.82,1.2717,-1.3845,1.1374,41.8033,59.0164,0.1148,2.5248,INSUFFICIENT_DATA,,,INCONCLUSIVE,NOT_AVAILABLE,COMPLEX
golden_cross|breakout|hot,golden_cross,breakout,hot,394,large,0.6685,-0.225,48.73,0.5539,0.0387,1.3005,43.9086,53.5533,0.0212,1.1478,INSUFFICIENT_DATA,,,INCONCLUSIVE,NOT_AVAILABLE,COMPLEX
golden_cross|breakout|ice,golden_cross,breakout,ice,7,small,-1.1657,0.0,28.57,-0.7997,-6.1457,2.7574,0.0,57.1429,-5.4857,3.3578,INSUFFICIENT_DATA,,,INCONCLUSIVE,NOT_AVAILABLE,COMPLEX
golden_cross|breakout|warmup,golden_cross,breakout,warmup,408,large,1.0991,2.0975,56.86,0.4373,0.4647,1.7463,52.2059,61.7647,-0.1438,1.0615,INSUFFICIENT_DATA,,,INCONCLUSIVE,NOT_AVAILABLE,COMPLEX
golden_cross|divine_explorer|cooldown,golden_cross,divine_explorer,cooldown,3,small,-0.5733,2.06,66.67,0.2383,-8.86,5.08,0.0,100.0,-8.622,6.1028,INSUFFICIENT_DATA,,,INCONCLUSIVE,NOT_AVAILABLE,COMPLEX
golden_cross|divine_explorer|hot,golden_cross,divine_explorer,hot,13,small,-0.2904,2.08,53.85,-0.5857,-2.9318,2.0681,30.5769,76.9231,-3.1131,1.6164,INSUFFICIENT_DATA,,,INCONCLUSIVE,NOT_AVAILABLE,COMPLEX
golden_cross|divine_explorer|warmup,golden_cross,divine_explorer,warmup,17,small,-2.3185,-2.9,23.53,-2.872,-4.28,-0.3998,5.8824,41.1765,-4.5414,-1.1975,INSUFFICIENT_DATA,,,INCONCLUSIVE,NOT_AVAILABLE,COMPLEX
golden_cross|fairy_guide|hot,golden_cross,fairy_guide,hot,3,small,2.6133,5.23,66.67,1.8498,-4.26,6.87,0.0,100.0,-5.7371,6.1788,INSUFFICIENT_DATA,,,INCONCLUSIVE,NOT_AVAILABLE,COMPLEX
golden_cross|fairy_guide|warmup,golden_cross,fairy_guide,warmup,2,small,5.77,5.77,100.0,5.2568,3.08,8.46,100.0,100.0,5.0979,5.4157,INSUFFICIENT_DATA,,,INCONCLUSIVE,NOT_AVAILABLE,MODERATE
golden_cross|fake_yin|cooldown,golden_cross,fake_yin,cooldown,1,small,-6.09,-6.09,0.0,-2.7022,,,,,,,INSUFFICIENT_DATA,,,INCONCLUSIVE,NOT_AVAILABLE,COMPLEX
golden_cross|fake_yin|hot,golden_cross,fake_yin,hot,2,small,-2.315,-2.315,0.0,-3.1303,-3.35,-1.28,0.0,0.0,-4.6089,-1.6518,INSUFFICIENT_DATA,,,INCONCLUSIVE,NOT_AVAILABLE,COMPLEX
golden_cross|fake_yin|ice,golden_cross,fake_yin,ice,3,small,0.8833,0.1,66.67,0.2828,0.0,2.55,0.0,100.0,-0.642,1.7423,INSUFFICIENT_DATA,,,INCONCLUSIVE,NOT_AVAILABLE,COMPLEX
golden_cross|fake_yin|warmup,golden_cross,fake_yin,warmup,3,small,-1.2283,-3.52,33.33,0.763,-4.155,3.99,0.0,100.0,-2.415,4.6884,INSUFFICIENT_DATA,,,INCONCLUSIVE,NOT_AVAILABLE,COMPLEX
golden_cross|gap_proof|cooldown,golden_cross,gap_proof,cooldown,168,large,-0.0149,1.645,51.19,0.9931,-0.893,0.8811,43.4524,58.3333,0.1245,1.8728,INSUFFICIENT_DATA,,,INCONCLUSIVE,NOT_AVAILABLE,COMPLEX
golden_cross|gap_proof|hot,golden_cross,gap_proof,hot,749,large,0.8326,1.03,52.2,0.6251,0.4313,1.2488,48.7316,55.5441,0.2348,1.0142,INSUFFICIENT_DATA,,,INCONCLUSIVE,NOT_AVAILABLE,COMPLEX
golden_cross|gap_proof|ice,golden_cross,gap_proof,ice,35,medium,1.0636,0.14,54.29,0.1239,0.0159,2.2278,37.1429,71.4286,-0.9574,1.2678,INSUFFICIENT_DATA,,,INCONCLUSIVE,NOT_AVAILABLE,COMPLEX
golden_cross|gap_proof|warmup,golden_cross,gap_proof,warmup,670,large,0.6953,1.93,55.07,0.1461,0.247,1.1781,51.4925,58.9552,-0.2659,0.5937,INSUFFICIENT_DATA,,,INCONCLUSIVE,NOT_AVAILABLE,COMPLEX
golden_cross|golden_cross|cooldown,golden_cross,golden_cross,cooldown,251,large,-0.3547,-0.44,47.81,0.4891,-1.1874,0.5256,41.8327,54.1932,-0.3065,1.3201,SIGN_FLIP,1.2928,0.3479,INCONCLUSIVE,NOT_AVAILABLE,COMPLEX
golden_cross|golden_cross|hot,golden_cross,golden_cross,hot,1004,large,0.6783,0.88,51.29,0.5063,0.367,1.0445,48.3043,54.4846,0.1898,0.8466,STABLE_POSITIVE,0.7866,0.8924,STRONG,NOT_AVAILABLE,COMPLEX
golden_cross|golden_cross|ice,golden_cross,golden_cross,ice,51,medium,0.0152,0.0,47.06,-0.9701,-1.3665,1.3299,33.3333,60.7843,-2.3246,0.3596,STABLE_POSITIVE,2.2997,4.1484,WEAK,NOT_AVAILABLE,COMPLEX
golden_cross|golden_cross|warmup,golden_cross,golden_cross,warmup,995,large,0.7929,1.97,54.97,0.2455,0.3977,1.192,51.7588,58.093,-0.1297,0.6229,STABLE_POSITIVE,0.7889,0.2746,MODERATE,NOT_AVAILABLE,COMPLEX
golden_cross|ignition|cooldown,golden_cross,ignition,cooldown,39,medium,-0.5085,-0.44,46.15,-0.0694,-3.0525,1.9313,30.7692,61.5385,-2.3928,2.2006,INSUFFICIENT_DATA,,,INCONCLUSIVE,NOT_AVAILABLE,COMPLEX
golden_cross|ignition|hot,golden_cross,ignition,hot,200,large,1.4815,2.1075,62.5,0.9266,0.7131,2.2115,55.5,68.5125,0.165,1.6516,INSUFFICIENT_DATA,,,INCONCLUSIVE,NOT_AVAILABLE,COMPLEX
golden_cross|ignition|ice,golden_cross,ignition,ice,15,small,0.3817,1.95,53.33,-0.8325,-3.4023,3.3096,26.6667,80.0,-4.2586,2.0192,INSUFFICIENT_DATA,,,INCONCLUSIVE,NOT_AVAILABLE,COMPLEX
golden_cross|ignition|warmup,golden_cross,ignition,warmup,227,large,1.0425,2.155,58.59,0.6177,0.1457,1.9761,52.4229,65.1982,-0.1689,1.4015,INSUFFICIENT_DATA,,,INCONCLUSIVE,NOT_AVAILABLE,COMPLEX
golden_cross|island_rev|hot,golden_cross,island_rev,hot,13,small,0.4069,2.25,53.85,0.0126,-3.4486,3.8883,23.0769,76.9231,-3.6924,3.2917,INSUFFICIENT_DATA,,,INCONCLUSIVE,NOT_AVAILABLE,COMPLEX
golden_cross|island_rev|warmup,golden_cross,island_rev,warmup,13,small,1.3692,1.96,53.85,0.2904,-1.2862,4.1608,30.7692,76.9231,-2.7521,3.6812,INSUFFICIENT_DATA,,,INCONCLUSIVE,NOT_AVAILABLE,COMPLEX
golden_cross|long_yang_seven|cooldown,golden_cross,long_yang_seven,cooldown,5,small,2.774,-5.32,40.0,4.4675,-6.652,13.226,0.0,80.0,-3.0898,12.0101,INSUFFICIENT_DATA,,,INCONCLUSIVE,NOT_AVAILABLE,COMPLEX
golden_cross|long_yang_seven|hot,golden_cross,long_yang_seven,hot,7,small,6.2157,7.46,71.43,5.0249,-0.1915,12.6726,28.5714,100.0,-0.1117,10.7145,INSUFFICIENT_DATA,,,INCONCLUSIVE,NOT_AVAILABLE,COMPLEX
golden_cross|long_yang_seven|warmup,golden_cross,long_yang_seven,warmup,4,small,3.1275,3.5,75.0,2.8307,-1.33,7.2125,25.0,100.0,-2.1615,7.0822,INSUFFICIENT_DATA,,,INCONCLUSIVE,NOT_AVAILABLE,COMPLEX
golden_cross|lotus|cooldown,golden_cross,lotus,cooldown,48,medium,0.8031,2.525,60.42,1.9342,-1.6789,3.2269,45.8333,75.0,-0.2424,4.2315,INSUFFICIENT_DATA,,,INCONCLUSIVE,NOT_AVAILABLE,COMPLEX
golden_cross|lotus|hot,golden_cross,lotus,hot,181,large,1.0943,2.12,54.14,0.9998,0.1525,2.0465,46.4088,61.326,0.1346,1.8743,INSUFFICIENT_DATA,,,INCONCLUSIVE,NOT_AVAILABLE,COMPLEX
golden_cross|lotus|ice,golden_cross,lotus,ice,8,small,-0.0769,0.0,37.5,-1.0862,-2.3819,2.0969,12.1875,75.0,-4.0624,1.7135,INSUFFICIENT_DATA,,,INCONCLUSIVE,NOT_AVAILABLE,COMPLEX
golden_cross|lotus|warmup,golden_cross,lotus,warmup,204,large,1.2969,2.265,57.35,0.7408,0.4474,2.1273,50.4902,63.7255,-0.0375,1.5856,INSUFFICIENT_DATA,,,INCONCLUSIVE,NOT_AVAILABLE,COMPLEX
golden_cross|lu_sniper|cooldown,golden_cross,lu_sniper,cooldown,1,small,-10.49,-10.49,0.0,-9.4672,,,,,,,INSUFFICIENT_DATA,,,INCONCLUSIVE,NOT_AVAILABLE,COMPLEX
golden_cross|lu_sniper|warmup,golden_cross,lu_sniper,warmup,5,small,0.652,-1.51,40.0,-0.6504,-5.818,8.0763,0.0,80.0,-6.1997,6.1527,INSUFFICIENT_DATA,,,INCONCLUSIVE,NOT_AVAILABLE,COMPLEX
golden_cross|ma5_monster|cooldown,golden_cross,ma5_monster,cooldown,6,small,-0.3933,-1.105,33.33,-0.7965,-3.4287,2.93,0.0,66.6667,-3.8685,3.0461,INSUFFICIENT_DATA,,,INCONCLUSIVE,NOT_AVAILABLE,COMPLEX
golden_cross|ma5_monster|hot,golden_cross,ma5_monster,hot,26,small,0.3787,-0.595,34.62,0.4131,-0.9687,2.0584,19.2308,53.8462,-0.9562,2.0772,INSUFFICIENT_DATA,,,INCONCLUSIVE,NOT_AVAILABLE,COMPLEX
golden_cross|ma5_monster|ice,golden_cross,ma5_monster,ice,5,small,0.088,0.1,60.0,-0.2321,0.02,0.156,20.0,100.0,-0.546,0.2298,INSUFFICIENT_DATA,,,INCONCLUSIVE,NOT_AVAILABLE,COMPLEX
golden_cross|ma5_monster|warmup,golden_cross,ma5_monster,warmup,20,small,-0.5408,0.675,50.0,-0.9684,-2.7792,1.2402,30.0,70.0,-3.1067,0.799,INSUFFICIENT_DATA,,,INCONCLUSIVE,NOT_AVAILABLE,COMPLEX
golden_cross|massive_vol|cooldown,golden_cross,massive_vol,cooldown,11,small,-1.7591,-2.32,45.45,-1.0758,-5.9771,2.3221,18.1818,72.7273,-6.0296,3.635,INSUFFICIENT_DATA,,,INCONCLUSIVE,NOT_AVAILABLE,COMPLEX
golden_cross|massive_vol|hot,golden_cross,massive_vol,hot,61,medium,-1.6353,-1.28,36.07,-1.3403,-3.473,-0.064,24.5902,47.541,-2.8535,0.1185,INSUFFICIENT_DATA,,,INCONCLUSIVE,NOT_AVAILABLE,COMPLEX
golden_cross|massive_vol|ice,golden_cross,massive_vol,ice,2,small,1.53,1.53,50.0,0.6079,0.0,3.06,0.0,100.0,0.538,0.6777,INSUFFICIENT_DATA,,,INCONCLUSIVE,NOT_AVAILABLE,COMPLEX
golden_cross|massive_vol|warmup,golden_cross,massive_vol,warmup,39,medium,1.7715,2.15,53.85,1.6237,-0.4276,4.2142,38.4615,69.2308,-0.7442,4.0269,INSUFFICIENT_DATA,,,INCONCLUSIVE,NOT_AVAILABLE,COMPLEX
golden_cross|momentum|cooldown,golden_cross,momentum,cooldown,32,medium,-0.3339,1.8025,53.12,0.2606,-2.4777,1.5699,34.375,71.875,-1.8368,2.2124,INSUFFICIENT_DATA,,,INCONCLUSIVE,NOT_AVAILABLE,COMPLEX
golden_cross|momentum|hot,golden_cross,momentum,hot,163,large,0.7035,-0.52,46.63,0.8558,-0.0308,1.5757,39.2638,54.6012,0.1201,1.6797,INSUFFICIENT_DATA,,,INCONCLUSIVE,NOT_AVAILABLE,COMPLEX
golden_cross|momentum|ice,golden_cross,momentum,ice,9,small,0.1433,0.25,55.56,-0.787,-1.2492,1.4512,22.2222,88.8889,-2.5162,0.6008,INSUFFICIENT_DATA,,,INCONCLUSIVE,NOT_AVAILABLE,COMPLEX
golden_cross|momentum|warmup,golden_cross,momentum,warmup,122,large,0.6245,1.795,55.74,-0.1808,-0.3096,1.5309,46.7213,64.7541,-1.0456,0.6676,INSUFFICIENT_DATA,,,INCONCLUSIVE,NOT_AVAILABLE,COMPLEX
golden_cross|old_duck|cooldown,golden_cross,old_duck,cooldown,122,large,0.2448,2.04,53.28,1.1623,-0.9637,1.4346,44.2623,62.2951,0.002,2.2897,INSUFFICIENT_DATA,,,INCONCLUSIVE,NOT_AVAILABLE,COMPLEX
golden_cross|old_duck|hot,golden_cross,old_duck,hot,450,large,0.7781,0.165,50.22,0.8335,0.2496,1.3176,45.7778,54.6667,0.3338,1.3357,INSUFFICIENT_DATA,,,INCONCLUSIVE,NOT_AVAILABLE,COMPLEX
golden_cross|old_duck|ice,golden_cross,old_duck,ice,23,small,0.0626,0.0,47.83,-0.5281,-2.1262,1.878,26.087,69.5652,-2.6033,1.1503,INSUFFICIENT_DATA,,,INCONCLUSIVE,NOT_AVAILABLE,COMPLEX
golden_cross|old_duck|warmup,golden_cross,old_duck,warmup,456,large,1.1918,2.145,57.68,0.5974,0.5168,1.7956,53.0702,61.8421,-0.0231,1.193,INSUFFICIENT_DATA,,,INCONCLUSIVE,NOT_AVAILABLE,COMPLEX
golden_cross|single_yang|cooldown,golden_cross,single_yang,cooldown,19,small,-1.1758,2.21,52.63,-0.6289,-4.3187,1.8663,31.5789,73.6842,-3.7459,2.3423,INSUFFICIENT_DATA,,,INCONCLUSIVE,NOT_AVAILABLE,COMPLEX
golden_cross|single_yang|hot,golden_cross,single_yang,hot,40,medium,0.1323,2.125,52.5,0.0766,-1.4448,1.6843,37.5,67.5,-1.3783,1.5244,INSUFFICIENT_DATA,,,INCONCLUSIVE,NOT_AVAILABLE,COMPLEX
golden_cross|single_yang|warmup,golden_cross,single_yang,warmup,36,medium,2.1551,3.605,72.22,0.952,0.2886,3.8793,58.3333,86.1111,-0.7143,2.5897,INSUFFICIENT_DATA,,,INCONCLUSIVE,NOT_AVAILABLE,COMPLEX
golden_cross|t1_swing|cooldown,golden_cross,t1_swing,cooldown,147,large,0.1472,1.895,53.06,1.2971,-0.8195,1.186,44.881,61.2415,0.3737,2.2389,INSUFFICIENT_DATA,,,INCONCLUSIVE,NOT_AVAILABLE,COMPLEX
golden_cross|t1_swing|hot,golden_cross,t1_swing,hot,751,large,0.8349,0.88,51.66,0.6964,0.4297,1.238,48.1991,54.9967,0.3221,1.0508,INSUFFICIENT_DATA,,,INCONCLUSIVE,NOT_AVAILABLE,COMPLEX
golden_cross|t1_swing|ice,golden_cross,t1_swing,ice,28,small,1.2791,0.225,57.14,0.5784,0.3442,2.3107,39.2857,75.0,-0.4048,1.6337,INSUFFICIENT_DATA,,,INCONCLUSIVE,NOT_AVAILABLE,COMPLEX
golden_cross|t1_swing|warmup,golden_cross,t1_swing,warmup,645,large,0.8931,1.945,55.66,0.3089,0.4068,1.3763,51.7829,59.5388,-0.145,0.7847,INSUFFICIENT_DATA,,,INCONCLUSIVE,NOT_AVAILABLE,COMPLEX
golden_cross|three_horse|cooldown,golden_cross,three_horse,cooldown,18,small,-1.1156,-0.625,44.44,1.1415,-3.6313,1.1905,22.2222,66.6667,-1.791,3.6823,INSUFFICIENT_DATA,,,INCONCLUSIVE,NOT_AVAILABLE,COMPLEX
golden_cross|three_horse|hot,golden_cross,three_horse,hot,40,medium,1.4258,2.495,60.0,0.6217,-0.4142,3.2554,44.9375,75.0,-1.0623,2.3349,INSUFFICIENT_DATA,,,INCONCLUSIVE,NOT_AVAILABLE,COMPLEX
golden_cross|three_horse|ice,golden_cross,three_horse,ice,3,small,-6.38,-4.8,0.0,-5.9057,-14.34,0.0,0.0,0.0,-12.9527,0.6777,INSUFFICIENT_DATA,,,INCONCLUSIVE,NOT_AVAILABLE,COMPLEX
golden_cross|three_horse|warmup,golden_cross,three_horse,warmup,31,medium,1.6802,2.48,58.06,0.7348,-0.8472,4.5653,41.9355,74.1935,-1.8788,3.6621,INSUFFICIENT_DATA,,,INCONCLUSIVE,NOT_AVAILABLE,COMPLEX
golden_cross|trend|cooldown,golden_cross,trend,cooldown,7,small,4.31,3.395,85.71,4.5715,1.6964,7.0372,57.1429,100.0,2.4268,6.5212,INSUFFICIENT_DATA,,,INCONCLUSIVE,NOT_AVAILABLE,COMPLEX
golden_cross|trend|hot,golden_cross,trend,hot,13,small,1.2385,-1.06,46.15,0.4987,-1.3083,4.2609,23.0769,69.2308,-1.9559,3.3128,INSUFFICIENT_DATA,,,INCONCLUSIVE,NOT_AVAILABLE,COMPLEX
golden_cross|trend|ice,golden_cross,trend,ice,1,small,8.22,8.22,100.0,4.5836,,,,,,,INSUFFICIENT_DATA,,,INCONCLUSIVE,NOT_AVAILABLE,COMPLEX
golden_cross|trend|warmup,golden_cross,trend,warmup,12,small,0.7854,1.625,58.33,0.6893,-2.8432,4.1224,33.3333,83.3333,-2.7562,4.1425,INSUFFICIENT_DATA,,,INCONCLUSIVE,NOT_AVAILABLE,COMPLEX
island_reversal|breakout|cooldown,island_reversal,breakout,cooldown,5,small,-6.352,-7.4,20.0,-4.7634,-11.904,0.892,0.0,60.0,-8.7334,0.3724,INSUFFICIENT_DATA,,,INCONCLUSIVE,NOT_AVAILABLE,COMPLEX
island_reversal|breakout|hot,island_reversal,breakout,hot,84,medium,0.8612,2.24,55.95,0.4089,-0.3445,1.9854,44.0476,65.4762,-0.7333,1.423,INSUFFICIENT_DATA,,,INCONCLUSIVE,NOT_AVAILABLE,COMPLEX
island_reversal|breakout|warmup,island_reversal,breakout,warmup,54,medium,0.0508,-0.955,42.59,-0.8617,-1.4966,1.7232,27.7778,55.5556,-2.3957,0.8228,INSUFFICIENT_DATA,,,INCONCLUSIVE,NOT_AVAILABLE,COMPLEX
island_reversal|divine_explorer|cooldown,island_reversal,divine_explorer,cooldown,1,small,7.26,7.26,100.0,4.7081,,,,,,,INSUFFICIENT_DATA,,,INCONCLUSIVE,NOT_AVAILABLE,COMPLEX
island_reversal|divine_explorer|warmup,island_reversal,divine_explorer,warmup,1,small,8.53,8.53,100.0,7.5607,,,,,,,INSUFFICIENT_DATA,,,INCONCLUSIVE,NOT_AVAILABLE,COMPLEX
island_reversal|fairy_guide|hot,island_reversal,fairy_guide,hot,4,small,4.16,6.44,75.0,3.4985,-1.655,7.695,25.0,100.0,-1.0046,5.9641,INSUFFICIENT_DATA,,,INCONCLUSIVE,NOT_AVAILABLE,COMPLEX
island_reversal|fake_yin|hot,island_reversal,fake_yin,hot,4,small,0.0425,0.71,50.0,0.619,-5.425,5.685,0.0,100.0,-3.2939,4.8416,INSUFFICIENT_DATA,,,INCONCLUSIVE,NOT_AVAILABLE,COMPLEX
island_reversal|fake_yin|warmup,island_reversal,fake_yin,warmup,4,small,0.93,-1.135,25.0,-0.0901,-2.69,6.615,0.0,75.0,-4.6069,6.1838,INSUFFICIENT_DATA,,,INCONCLUSIVE,NOT_AVAILABLE,COMPLEX
island_reversal|gap_proof|cooldown,island_reversal,gap_proof,cooldown,2,small,-9.58,-9.58,0.0,-8.1313,-11.76,-7.4,0.0,0.0,-10.2006,-6.062,INSUFFICIENT_DATA,,,INCONCLUSIVE,NOT_AVAILABLE,COMPLEX
island_reversal|gap_proof|hot,island_reversal,gap_proof,hot,69,medium,0.0933,-1.59,46.38,-0.2986,-1.1934,1.4227,34.7826,59.4203,-1.5165,1.0016,INSUFFICIENT_DATA,,,INCONCLUSIVE,NOT_AVAILABLE,COMPLEX
island_reversal|gap_proof|warmup,island_reversal,gap_proof,warmup,48,medium,0.1933,-0.19,47.92,-0.3851,-0.9942,1.4175,33.3333,62.5,-1.6124,0.9325,INSUFFICIENT_DATA,,,INCONCLUSIVE,NOT_AVAILABLE,COMPLEX
island_reversal|golden_cross|hot,island_reversal,golden_cross,hot,13,small,0.4069,2.25,53.85,0.0126,-3.4486,3.8883,23.0769,76.9231,-3.6924,3.2917,INSUFFICIENT_DATA,,,INCONCLUSIVE,NOT_AVAILABLE,COMPLEX
island_reversal|golden_cross|warmup,island_reversal,golden_cross,warmup,13,small,1.3692,1.96,53.85,0.2904,-1.2862,4.1608,30.7692,76.9231,-2.7521,3.6812,INSUFFICIENT_DATA,,,INCONCLUSIVE,NOT_AVAILABLE,COMPLEX
island_reversal|ignition|cooldown,island_reversal,ignition,cooldown,1,small,-3.15,-3.15,0.0,-6.0306,,,,,,,INSUFFICIENT_DATA,,,INCONCLUSIVE,NOT_AVAILABLE,MODERATE
island_reversal|ignition|hot,island_reversal,ignition,hot,5,small,1.895,3.14,80.0,1.7246,-1.385,4.64,40.0,100.0,-1.0566,4.013,INSUFFICIENT_DATA,,,INCONCLUSIVE,NOT_AVAILABLE,COMPLEX
island_reversal|ignition|warmup,island_reversal,ignition,warmup,15,small,0.141,2.035,53.33,-0.3223,-2.7113,2.6508,33.3333,80.0,-2.9709,2.1636,INSUFFICIENT_DATA,,,INCONCLUSIVE,NOT_AVAILABLE,COMPLEX
island_reversal|island_rev|cooldown,island_reversal,island_rev,cooldown,9,small,-1.8467,-3.15,44.44,-1.9723,-7.0,3.4016,11.1111,77.7778,-5.9604,2.4385,INSUFFICIENT_DATA,-1.194,1.7062,INCONCLUSIVE,NOT_AVAILABLE,COMPLEX
island_reversal|island_rev|hot,island_reversal,island_rev,hot,139,large,0.8947,2.19,54.68,0.5824,0.0183,1.8273,46.7626,62.5899,-0.218,1.4736,STABLE_POSITIVE,0.9344,-0.0845,MODERATE,NOT_AVAILABLE,COMPLEX
island_reversal|island_rev|ice,island_reversal,island_rev,ice,1,small,-9.33,-9.33,0.0,-7.9427,,,,,,,INSUFFICIENT_DATA,3.5025,,INCONCLUSIVE,NOT_AVAILABLE,MODERATE
island_reversal|island_rev|warmup,island_reversal,island_rev,warmup,114,large,0.4891,0.795,51.75,-0.1113,-0.4988,1.5926,42.1053,61.4035,-1.1038,0.9744,STABLE_POSITIVE,0.2368,0.6445,WEAK,NOT_AVAILABLE,COMPLEX
island_reversal|long_yang_seven|hot,island_reversal,long_yang_seven,hot,1,small,-4.8,-4.8,0.0,-5.6312,,,,,,,INSUFFICIENT_DATA,,,INCONCLUSIVE,NOT_AVAILABLE,COMPLEX
island_reversal|lotus|cooldown,island_reversal,lotus,cooldown,2,small,-4.355,-4.355,0.0,-4.8455,-5.56,-3.15,0.0,0.0,-6.0306,-3.6605,INSUFFICIENT_DATA,,,INCONCLUSIVE,NOT_AVAILABLE,MODERATE
island_reversal|lotus|hot,island_reversal,lotus,hot,18,small,2.8769,3.9025,77.78,2.0911,0.4778,5.1094,55.5556,94.4444,-0.3728,4.4644,INSUFFICIENT_DATA,,,INCONCLUSIVE,NOT_AVAILABLE,COMPLEX
island_reversal|lotus|warmup,island_reversal,lotus,warmup,18,small,2.8128,2.1325,55.56,1.2734,-0.7179,6.5887,33.3333,77.7778,-2.1922,5.1861,INSUFFICIENT_DATA,,,INCONCLUSIVE,NOT_AVAILABLE,COMPLEX
island_reversal|lu_sniper|hot,island_reversal,lu_sniper,hot,2,small,4.355,4.355,100.0,4.9421,2.5,6.21,100.0,100.0,4.8187,5.0654,INSUFFICIENT_DATA,,,INCONCLUSIVE,NOT_AVAILABLE,COMPLEX
island_reversal|lu_sniper|warmup,island_reversal,lu_sniper,warmup,2,small,3.545,3.545,50.0,2.8801,-2.14,9.23,0.0,100.0,-3.6911,9.4514,INSUFFICIENT_DATA,,,INCONCLUSIVE,NOT_AVAILABLE,MODERATE
island_reversal|ma5_monster|hot,island_reversal,ma5_monster,hot,3,small,-4.3317,-4.175,0.0,-5.2123,-5.82,-3.0,0.0,0.0,-6.5287,-4.1187,INSUFFICIENT_DATA,,,INCONCLUSIVE,NOT_AVAILABLE,COMPLEX
island_reversal|ma5_monster|warmup,island_reversal,ma5_monster,warmup,2,small,0.38,0.38,50.0,-0.6022,-1.23,1.99,0.0,100.0,-3.619,2.4147,INSUFFICIENT_DATA,,,INCONCLUSIVE,NOT_AVAILABLE,COMPLEX
island_reversal|massive_vol|hot,island_reversal,massive_vol,hot,15,small,-0.2747,-0.84,46.67,-0.67,-2.5239,2.2021,20.0,73.3333,-2.4973,1.2958,INSUFFICIENT_DATA,,,INCONCLUSIVE,NOT_AVAILABLE,COMPLEX
island_reversal|massive_vol|warmup,island_reversal,massive_vol,warmup,8,small,-0.8775,-0.65,37.5,-0.9173,-2.5037,0.6902,12.1875,75.0,-2.288,0.4392,INSUFFICIENT_DATA,,,INCONCLUSIVE,NOT_AVAILABLE,COMPLEX
island_reversal|momentum|hot,island_reversal,momentum,hot,12,small,0.1146,-0.185,50.0,0.2128,-2.5635,2.9806,25.0,75.2083,-2.1197,2.7056,INSUFFICIENT_DATA,,,INCONCLUSIVE,NOT_AVAILABLE,COMPLEX
island_reversal|momentum|warmup,island_reversal,momentum,warmup,2,small,1.815,1.815,50.0,0.7786,-2.67,6.3,0.0,100.0,-3.7053,5.2625,INSUFFICIENT_DATA,,,INCONCLUSIVE,NOT_AVAILABLE,COMPLEX
island_reversal|old_duck|cooldown,island_reversal,old_duck,cooldown,4,small,-4.365,-6.48,25.0,-3.8037,-10.21,4.055,0.0,75.0,-9.1659,2.6159,INSUFFICIENT_DATA,,,INCONCLUSIVE,NOT_AVAILABLE,COMPLEX
island_reversal|old_duck|hot,island_reversal,old_duck,hot,80,medium,0.9144,2.305,55.0,0.6446,-0.3921,2.0492,43.75,65.0,-0.5864,1.814,INSUFFICIENT_DATA,,,INCONCLUSIVE,NOT_AVAILABLE,COMPLEX
island_reversal|old_duck|ice,island_reversal,old_duck,ice,1,small,-9.33,-9.33,0.0,-7.9427,,,,,,,INSUFFICIENT_DATA,,,INCONCLUSIVE,NOT_AVAILABLE,MODERATE
island_reversal|old_duck|warmup,island_reversal,old_duck,warmup,65,medium,0.6777,-0.07,49.23,0.0612,-0.7167,2.2924,36.9231,60.0,-1.2643,1.7564,INSUFFICIENT_DATA,,,INCONCLUSIVE,NOT_AVAILABLE,COMPLEX
island_reversal|single_yang|hot,island_reversal,single_yang,hot,16,small,-2.4456,-3.82,31.25,-2.7692,-4.3484,-0.5746,12.3438,56.25,-4.4753,-0.9452,INSUFFICIENT_DATA,,,INCONCLUSIVE,NOT_AVAILABLE,COMPLEX
island_reversal|single_yang|warmup,island_reversal,single_yang,warmup,7,small,-2.8971,-7.08,28.57,-3.8814,-7.3905,1.4806,0.0,71.4286,-7.8222,-0.0435,INSUFFICIENT_DATA,,,INCONCLUSIVE,NOT_AVAILABLE,COMPLEX
island_reversal|t1_swing|hot,island_reversal,t1_swing,hot,79,medium,0.4273,1.96,51.9,0.1162,-0.6673,1.498,41.7722,63.2911,-0.9319,1.1658,INSUFFICIENT_DATA,,,INCONCLUSIVE,NOT_AVAILABLE,COMPLEX
island_reversal|t1_swing|warmup,island_reversal,t1_swing,warmup,56,medium,0.4929,-0.565,44.64,-0.3197,-0.8603,2.2333,32.1429,58.9286,-1.676,1.3889,INSUFFICIENT_DATA,,,INCONCLUSIVE,NOT_AVAILABLE,COMPLEX
island_reversal|three_horse|hot,island_reversal,three_horse,hot,24,small,2.1327,3.045,66.67,1.7493,-0.2734,4.3542,45.8333,83.3333,-0.2214,3.6981,INSUFFICIENT_DATA,,,INCONCLUSIVE,NOT_AVAILABLE,COMPLEX
island_reversal|three_horse|warmup,island_reversal,three_horse,warmup,13,small,-0.8346,-1.23,30.77,-1.4253,-4.2952,2.7083,7.6923,53.8462,-4.8234,2.4442,INSUFFICIENT_DATA,,,INCONCLUSIVE,NOT_AVAILABLE,COMPLEX
limitup_pullback|breakout|cooldown,limitup_pullback,breakout,cooldown,82,medium,2.6381,3.0375,64.63,2.4308,0.999,4.2693,53.6585,74.3902,0.7495,4.0967,INSUFFICIENT_DATA,,,INCONCLUSIVE,NOT_AVAILABLE,COMPLEX
limitup_pullback|breakout|hot,limitup_pullback,breakout,hot,180,large,1.8285,2.3,62.78,1.3637,0.9641,2.7413,56.0972,70.0,0.473,2.2368,INSUFFICIENT_DATA,,,INCONCLUSIVE,NOT_AVAILABLE,COMPLEX
limitup_pullback|breakout|ice,limitup_pullback,breakout,ice,25,small,2.8014,2.95,56.0,2.3725,0.2564,5.5631,36.0,76.0,-0.4633,5.4935,INSUFFICIENT_DATA,,,INCONCLUSIVE,NOT_AVAILABLE,COMPLEX
limitup_pullback|breakout|warmup,limitup_pullback,breakout,warmup,326,large,1.0491,2.1975,57.36,0.5239,0.2727,1.7756,51.8405,62.5844,-0.2203,1.2234,INSUFFICIENT_DATA,,,INCONCLUSIVE,NOT_AVAILABLE,COMPLEX
limitup_pullback|divine_explorer|cooldown,limitup_pullback,divine_explorer,cooldown,18,small,-0.2814,1.98,66.67,-0.3452,-2.894,1.7435,44.4444,88.8889,-2.9407,1.6344,INSUFFICIENT_DATA,,,INCONCLUSIVE,NOT_AVAILABLE,MODERATE
limitup_pullback|divine_explorer|hot,limitup_pullback,divine_explorer,hot,17,small,1.1562,1.73,52.94,0.5839,-1.125,3.4207,29.4118,76.4706,-1.6044,2.9011,INSUFFICIENT_DATA,,,INCONCLUSIVE,NOT_AVAILABLE,COMPLEX
limitup_pullback|divine_explorer|ice,limitup_pullback,divine_explorer,ice,4,small,-1.96,-0.73,50.0,-2.1402,-9.095,5.175,0.0,100.0,-8.7224,4.442,INSUFFICIENT_DATA,,,INCONCLUSIVE,NOT_AVAILABLE,COMPLEX
limitup_pullback|divine_explorer|warmup,limitup_pullback,divine_explorer,warmup,51,medium,-0.7522,1.75,52.94,-1.2962,-2.2271,0.6803,39.2157,64.7059,-2.6359,0.021,INSUFFICIENT_DATA,,,INCONCLUSIVE,NOT_AVAILABLE,COMPLEX
limitup_pullback|fairy_guide|warmup,limitup_pullback,fairy_guide,warmup,3,small,-4.0733,-4.59,0.0,-3.7587,-6.24,-1.39,0.0,0.0,-7.3287,-1.8596,INSUFFICIENT_DATA,,,INCONCLUSIVE,NOT_AVAILABLE,COMPLEX
limitup_pullback|fake_yin|cooldown,limitup_pullback,fake_yin,cooldown,29,small,2.8007,3.84,75.86,2.1747,0.7862,4.7538,58.6207,89.6552,0.0982,4.1573,INSUFFICIENT_DATA,,,INCONCLUSIVE,NOT_AVAILABLE,COMPLEX
limitup_pullback|fake_yin|hot,limitup_pullback,fake_yin,hot,77,medium,1.8956,2.58,63.64,1.9304,0.3965,3.4961,53.2468,75.3247,0.525,3.589,INSUFFICIENT_DATA,,,INCONCLUSIVE,NOT_AVAILABLE,COMPLEX
limitup_pullback|fake_yin|ice,limitup_pullback,fake_yin,ice,17,small,2.3253,0.0,47.06,2.0565,0.1699,4.4913,23.5294,70.5882,-0.0514,4.1789,INSUFFICIENT_DATA,,,INCONCLUSIVE,NOT_AVAILABLE,COMPLEX
limitup_pullback|fake_yin|warmup,limitup_pullback,fake_yin,warmup,143,large,1.0389,2.98,62.94,0.7438,0.0068,2.1457,55.2448,70.6294,-0.225,1.8107,INSUFFICIENT_DATA,,,INCONCLUSIVE,NOT_AVAILABLE,COMPLEX
limitup_pullback|gap_proof|cooldown,limitup_pullback,gap_proof,cooldown,100,large,0.7665,1.645,54.0,0.9755,-0.6829,2.2961,44.0,64.0,-0.5478,2.5002,INSUFFICIENT_DATA,,,INCONCLUSIVE,NOT_AVAILABLE,MODERATE
limitup_pullback|gap_proof|hot,limitup_pullback,gap_proof,hot,321,large,0.9933,1.925,60.75,0.5254,0.3654,1.6134,55.4517,66.3551,-0.0864,1.1324,INSUFFICIENT_DATA,,,INCONCLUSIVE,NOT_AVAILABLE,MODERATE
limitup_pullback|gap_proof|ice,limitup_pullback,gap_proof,ice,15,small,0.1453,0.0,46.67,-0.734,-3.4481,3.2714,20.0,73.3333,-4.212,2.4174,INSUFFICIENT_DATA,,,INCONCLUSIVE,NOT_AVAILABLE,COMPLEX
limitup_pullback|gap_proof|warmup,limitup_pullback,gap_proof,warmup,558,large,0.5941,1.8,57.89,0.1554,0.0319,1.1321,53.9427,61.6487,-0.4067,0.6944,INSUFFICIENT_DATA,,,INCONCLUSIVE,NOT_AVAILABLE,MODERATE
limitup_pullback|golden_cross|cooldown,limitup_pullback,golden_cross,cooldown,1,small,-10.49,-10.49,0.0,-9.4672,,,,,,,INSUFFICIENT_DATA,,,INCONCLUSIVE,NOT_AVAILABLE,COMPLEX
limitup_pullback|golden_cross|warmup,limitup_pullback,golden_cross,warmup,5,small,0.652,-1.51,40.0,-0.6504,-5.818,8.0763,0.0,80.0,-6.1997,6.1527,INSUFFICIENT_DATA,,,INCONCLUSIVE,NOT_AVAILABLE,COMPLEX
limitup_pullback|ignition|ice,limitup_pullback,ignition,ice,1,small,-6.94,-6.94,0.0,-9.9604,,,,,,,INSUFFICIENT_DATA,,,INCONCLUSIVE,NOT_AVAILABLE,COMPLEX
limitup_pullback|ignition|warmup,limitup_pullback,ignition,warmup,3,small,1.5567,2.71,66.67,1.1335,-2.14,4.1,0.0,100.0,-3.6911,3.9298,INSUFFICIENT_DATA,,,INCONCLUSIVE,NOT_AVAILABLE,COMPLEX
limitup_pullback|island_rev|hot,limitup_pullback,island_rev,hot,2,small,4.355,4.355,100.0,4.9421,2.5,6.21,100.0,100.0,4.8187,5.0654,INSUFFICIENT_DATA,,,INCONCLUSIVE,NOT_AVAILABLE,COMPLEX
limitup_pullback|island_rev|warmup,limitup_pullback,island_rev,warmup,2,small,3.545,3.545,50.0,2.8801,-2.14,9.23,0.0,100.0,-3.6911,9.4514,INSUFFICIENT_DATA,,,INCONCLUSIVE,NOT_AVAILABLE,MODERATE
limitup_pullback|long_yang_seven|hot,limitup_pullback,long_yang_seven,hot,10,small,3.5905,3.4675,80.0,2.092,1.1004,6.3778,50.0,100.0,-0.5762,5.0203,INSUFFICIENT_DATA,,,INCONCLUSIVE,NOT_AVAILABLE,COMPLEX
limitup_pullback|long_yang_seven|warmup,limitup_pullback,long_yang_seven,warmup,11,small,3.6677,2.3,72.73,2.7,-1.3433,9.9703,45.4545,100.0,-2.055,8.8608,INSUFFICIENT_DATA,,,INCONCLUSIVE,NOT_AVAILABLE,COMPLEX
limitup_pullback|lotus|cooldown,limitup_pullback,lotus,cooldown,5,small,2.517,2.085,80.0,0.7603,0.639,4.316,40.0,100.0,-1.7272,3.0428,INSUFFICIENT_DATA,,,INCONCLUSIVE,NOT_AVAILABLE,COMPLEX
limitup_pullback|lotus|hot,limitup_pullback,lotus,hot,5,small,0.834,2.44,60.0,1.3089,-4.68,6.348,20.0,100.0,-3.1637,5.7245,INSUFFICIENT_DATA,,,INCONCLUSIVE,NOT_AVAILABLE,COMPLEX
limitup_pullback|lotus|warmup,limitup_pullback,lotus,warmup,12,small,2.6583,3.07,58.33,1.268,-1.7133,7.4412,33.3333,83.3333,-3.1681,5.9332,INSUFFICIENT_DATA,,,INCONCLUSIVE,NOT_AVAILABLE,COMPLEX
limitup_pullback|lu_sniper|cooldown,limitup_pullback,lu_sniper,cooldown,580,large,1.0381,2.125,58.97,0.9885,0.4414,1.613,54.8276,63.1034,0.3655,1.6005,STABLE_POSITIVE,1.8173,-0.3639,STRONG,NOT_AVAILABLE,SIMPLE
limitup_pullback|lu_sniper|hot,limitup_pullback,lu_sniper,hot,1054,large,1.3451,2.1175,62.62,1.03,0.9587,1.7096,59.7723,65.37,0.6633,1.3877,STABLE_POSITIVE,0.7997,1.2536,STRONG,NOT_AVAILABLE,SIMPLE
limitup_pullback|lu_sniper|ice,limitup_pullback,lu_sniper,ice,168,large,1.0228,0.0,45.24,0.1278,0.1913,1.9179,37.5,52.9762,-0.7213,0.971,STABLE_POSITIVE,2.6046,3.1412,MODERATE,NOT_AVAILABLE,SIMPLE
limitup_pullback|lu_sniper|warmup,limitup_pullback,lu_sniper,warmup,2323,large,0.6249,2.065,59.19,0.2106,0.3354,0.9131,57.1244,61.215,-0.0763,0.479,STABLE_POSITIVE,0.3911,0.5833,MODERATE,NOT_AVAILABLE,SIMPLE
limitup_pullback|ma5_monster|cooldown,limitup_pullback,ma5_monster,cooldown,9,small,0.6772,3.07,66.67,0.6543,-3.1539,3.8198,33.3333,88.8889,-2.4703,3.5171,INSUFFICIENT_DATA,,,INCONCLUSIVE,NOT_AVAILABLE,MODERATE
limitup_pullback|ma5_monster|hot,limitup_pullback,ma5_monster,hot,12,small,1.2033,4.275,66.67,0.3611,-2.2958,4.4751,41.6667,91.6667,-2.8865,3.5302,INSUFFICIENT_DATA,,,INCONCLUSIVE,NOT_AVAILABLE,COMPLEX
limitup_pullback|ma5_monster|ice,limitup_pullback,ma5_monster,ice,4,small,4.0375,0.0,25.0,3.6579,-5.67,17.7825,0.0,75.0,-5.9821,16.2779,INSUFFICIENT_DATA,,,INCONCLUSIVE,NOT_AVAILABLE,COMPLEX
limitup_pullback|ma5_monster|warmup,limitup_pullback,ma5_monster,warmup,48,medium,1.3024,2.34,56.25,0.7994,-0.4598,3.161,41.6667,70.8333,-0.8343,2.4447,INSUFFICIENT_DATA,,,INCONCLUSIVE,NOT_AVAILABLE,COMPLEX
limitup_pullback|massive_vol|cooldown,limitup_pullback,massive_vol,cooldown,4,small,7.285,7.43,100.0,9.4605,2.455,11.86,100.0,100.0,4.654,15.1452,INSUFFICIENT_DATA,,,INCONCLUSIVE,NOT_AVAILABLE,MODERATE
limitup_pullback|massive_vol|hot,limitup_pullback,massive_vol,hot,9,small,0.615,-1.26,44.44,-0.2779,-3.1796,4.8809,11.1111,77.7778,-3.753,3.7213,INSUFFICIENT_DATA,,,INCONCLUSIVE,NOT_AVAILABLE,COMPLEX
limitup_pullback|massive_vol|ice,limitup_pullback,massive_vol,ice,3,small,5.0567,0.0,33.33,5.2945,0.0,15.17,0.0,100.0,0.6777,14.528,INSUFFICIENT_DATA,,,INCONCLUSIVE,NOT_AVAILABLE,COMPLEX
limitup_pullback|massive_vol|warmup,limitup_pullback,massive_vol,warmup,20,small,3.101,2.645,65.0,2.0368,0.4111,5.8664,45.0,85.0,-0.4348,4.7921,INSUFFICIENT_DATA,,,INCONCLUSIVE,NOT_AVAILABLE,COMPLEX
limitup_pullback|momentum|cooldown,limitup_pullback,momentum,cooldown,1,small,-4.64,-4.64,0.0,-3.6172,,,,,,,INSUFFICIENT_DATA,,,INCONCLUSIVE,NOT_AVAILABLE,MODERATE
limitup_pullback|momentum|hot,limitup_pullback,momentum,hot,4,small,0.5337,2.3,75.0,-0.0573,-4.0625,3.4625,25.0,100.0,-4.318,2.7268,INSUFFICIENT_DATA,,,INCONCLUSIVE,NOT_AVAILABLE,COMPLEX
limitup_pullback|momentum|warmup,limitup_pullback,momentum,warmup,5,small,1.078,1.85,60.0,-1.329,-2.856,5.006,20.0,100.0,-4.8987,2.3832,INSUFFICIENT_DATA,,,INCONCLUSIVE,NOT_AVAILABLE,COMPLEX
limitup_pullback|old_duck|cooldown,limitup_pullback,old_duck,cooldown,133,large,1.7819,2.61,63.91,1.807,0.5472,3.0772,55.6391,72.1805,0.4797,3.1215,INSUFFICIENT_DATA,,,INCONCLUSIVE,NOT_AVAILABLE,MODERATE
limitup_pullback|old_duck|hot,limitup_pullback,old_duck,hot,261,large,1.3661,2.1,59.77,1.1544,0.5736,2.1129,54.0134,65.5172,0.3716,1.8662,INSUFFICIENT_DATA,,,INCONCLUSIVE,NOT_AVAILABLE,COMPLEX
limitup_pullback|old_duck|ice,limitup_pullback,old_duck,ice,58,medium,1.949,0.1325,50.0,1.5065,0.0878,3.894,36.2069,62.069,-0.3995,3.4634,INSUFFICIENT_DATA,,,INCONCLUSIVE,NOT_AVAILABLE,MODERATE
limitup_pullback|old_duck|warmup,limitup_pullback,old_duck,warmup,637,large,0.6751,2.16,56.99,0.1162,0.1426,1.2175,52.9042,60.9105,-0.3914,0.644,INSUFFICIENT_DATA,,,INCONCLUSIVE,NOT_AVAILABLE,MODERATE
limitup_pullback|single_yang|cooldown,limitup_pullback,single_yang,cooldown,12,small,2.0329,3.985,58.33,0.9923,-1.3341,5.4589,33.3333,83.3333,-2.1417,4.2364,INSUFFICIENT_DATA,,,INCONCLUSIVE,NOT_AVAILABLE,COMPLEX
limitup_pullback|single_yang|hot,limitup_pullback,single_yang,hot,35,medium,2.1224,2.49,62.86,1.8895,0.3993,3.8816,48.5714,77.1429,0.1283,3.6688,INSUFFICIENT_DATA,,,INCONCLUSIVE,NOT_AVAILABLE,COMPLEX
limitup_pullback|single_yang|ice,limitup_pullback,single_yang,ice,4,small,-0.925,0.0,25.0,-1.6542,-8.415,5.64,0.0,75.0,-10.5109,4.8704,INSUFFICIENT_DATA,,,INCONCLUSIVE,NOT_AVAILABLE,COMPLEX
limitup_pullback|single_yang|warmup,limitup_pullback,single_yang,warmup,49,medium,0.5701,-0.32,48.98,-0.4013,-1.1757,2.4156,34.6939,63.2653,-2.0752,1.4444,INSUFFICIENT_DATA,,,INCONCLUSIVE,NOT_AVAILABLE,COMPLEX
limitup_pullback|t1_swing|cooldown,limitup_pullback,t1_swing,cooldown,37,medium,0.8597,1.63,56.76,0.8349,-1.6912,3.3244,40.5405,72.973,-1.8074,3.393,INSUFFICIENT_DATA,,,INCONCLUSIVE,NOT_AVAILABLE,COMPLEX
limitup_pullback|t1_swing|hot,limitup_pullback,t1_swing,hot,131,large,0.9795,1.72,59.54,0.4051,0.0179,1.8844,50.3817,67.9389,-0.4669,1.3213,INSUFFICIENT_DATA,,,INCONCLUSIVE,NOT_AVAILABLE,COMPLEX
limitup_pullback|t1_swing|ice,limitup_pullback,t1_swing,ice,10,small,-1.866,-1.54,20.0,-3.1239,-5.1482,1.6645,0.0,50.0,-6.832,1.001,INSUFFICIENT_DATA,,,INCONCLUSIVE,NOT_AVAILABLE,COMPLEX
limitup_pullback|t1_swing|warmup,limitup_pullback,t1_swing,warmup,194,large,0.6448,1.695,57.22,0.2755,-0.2642,1.5146,50.5026,64.433,-0.5984,1.1574,INSUFFICIENT_DATA,,,INCONCLUSIVE,NOT_AVAILABLE,COMPLEX
limitup_pullback|three_horse|cooldown,limitup_pullback,three_horse,cooldown,32,medium,0.4614,-0.8275,46.88,0.4451,-2.2736,3.3764,28.125,65.625,-2.1727,3.4463,INSUFFICIENT_DATA,,,INCONCLUSIVE,NOT_AVAILABLE,COMPLEX
limitup_pullback|three_horse|hot,limitup_pullback,three_horse,hot,109,large,1.4889,2.44,59.63,1.4588,0.4041,2.6209,50.4587,68.8073,0.3985,2.5436,INSUFFICIENT_DATA,,,INCONCLUSIVE,NOT_AVAILABLE,COMPLEX
limitup_pullback|three_horse|ice,limitup_pullback,three_horse,ice,13,small,-0.4708,0.0,30.77,-0.4669,-2.5879,1.8628,7.6923,61.5385,-2.9914,1.9859,INSUFFICIENT_DATA,,,INCONCLUSIVE,NOT_AVAILABLE,COMPLEX
limitup_pullback|three_horse|warmup,limitup_pullback,three_horse,warmup,160,large,0.4709,2.175,56.25,-0.0187,-0.55,1.4604,48.125,63.75,-1.0255,0.9422,INSUFFICIENT_DATA,,,INCONCLUSIVE,NOT_AVAILABLE,COMPLEX
limitup_pullback|trend|cooldown,limitup_pullback,trend,cooldown,1,small,8.65,8.65,100.0,7.3316,,,,,,,INSUFFICIENT_DATA,,,INCONCLUSIVE,NOT_AVAILABLE,COMPLEX
limitup_pullback|trend|hot,limitup_pullback,trend,hot,1,small,-2.44,-2.44,0.0,-3.0862,,,,,,,INSUFFICIENT_DATA,,,INCONCLUSIVE,NOT_AVAILABLE,MODERATE
limitup_pullback|trend|warmup,limitup_pullback,trend,warmup,4,small,-3.565,-3.425,25.0,-3.3721,-9.145,1.7675,0.0,75.0,-7.3811,0.3643,INSUFFICIENT_DATA,,,INCONCLUSIVE,NOT_AVAILABLE,COMPLEX
long_yang_seven|breakout|cooldown,long_yang_seven,breakout,cooldown,111,large,1.0802,2.58,60.36,2.067,-0.3136,2.4818,51.3514,69.3694,0.8045,3.3185,INSUFFICIENT_DATA,,,INCONCLUSIVE,NOT_AVAILABLE,COMPLEX
long_yang_seven|breakout|hot,long_yang_seven,breakout,hot,498,large,1.3308,2.36,58.23,1.0121,0.798,1.9011,53.8102,62.6506,0.5013,1.5301,INSUFFICIENT_DATA,,,INCONCLUSIVE,NOT_AVAILABLE,COMPLEX
long_yang_seven|breakout|ice,long_yang_seven,breakout,ice,23,small,1.6467,0.0,47.83,0.5423,-1.9757,5.5029,26.087,69.5652,-3.0519,4.1125,INSUFFICIENT_DATA,,,INCONCLUSIVE,NOT_AVAILABLE,COMPLEX
long_yang_seven|breakout|warmup,long_yang_seven,breakout,warmup,528,large,0.6643,2.28,56.25,0.0933,-0.0008,1.2752,52.0833,60.232,-0.5116,0.7054,INSUFFICIENT_DATA,,,INCONCLUSIVE,NOT_AVAILABLE,COMPLEX
long_yang_seven|divine_explorer|hot,long_yang_seven,divine_explorer,hot,2,small,2.215,2.215,50.0,0.0978,-0.87,5.3,0.0,100.0,-3.1307,3.3263,INSUFFICIENT_DATA,,,INCONCLUSIVE,NOT_AVAILABLE,COMPLEX
long_yang_seven|divine_explorer|ice,long_yang_seven,divine_explorer,ice,1,small,8.07,8.07,100.0,6.478,,,,,,,INSUFFICIENT_DATA,,,INCONCLUSIVE,NOT_AVAILABLE,COMPLEX
long_yang_seven|divine_explorer|warmup,long_yang_seven,divine_explorer,warmup,2,small,1.68,1.68,50.0,1.6786,-2.27,5.63,0.0,100.0,-1.3142,4.6715,INSUFFICIENT_DATA,,,INCONCLUSIVE,NOT_AVAILABLE,MODERATE
long_yang_seven|fairy_guide|hot,long_yang_seven,fairy_guide,hot,3,small,3.19,3.03,100.0,2.0473,2.37,4.17,100.0,100.0,1.744,2.5552,INSUFFICIENT_DATA,,,INCONCLUSIVE,NOT_AVAILABLE,COMPLEX
long_yang_seven|fairy_guide|warmup,long_yang_seven,fairy_guide,warmup,1,small,8.87,8.87,100.0,8.4644,,,,,,,INSUFFICIENT_DATA,,,INCONCLUSIVE,NOT_AVAILABLE,COMPLEX
long_yang_seven|fake_yin|cooldown,long_yang_seven,fake_yin,cooldown,3,small,2.67,2.35,100.0,2.9641,2.06,3.6,100.0,100.0,1.659,4.7738,INSUFFICIENT_DATA,,,INCONCLUSIVE,NOT_AVAILABLE,COMPLEX
long_yang_seven|fake_yin|hot,long_yang_seven,fake_yin,hot,20,small,-0.886,-2.49,40.0,-0.7252,-2.4449,0.7985,20.0,60.0,-2.113,0.6995,INSUFFICIENT_DATA,,,INCONCLUSIVE,NOT_AVAILABLE,COMPLEX
long_yang_seven|fake_yin|ice,long_yang_seven,fake_yin,ice,1,small,0.0,0.0,0.0,0.6777,,,,,,,INSUFFICIENT_DATA,,,INCONCLUSIVE,NOT_AVAILABLE,COMPLEX
long_yang_seven|fake_yin|warmup,long_yang_seven,fake_yin,warmup,10,small,1.562,2.94,70.0,2.7257,-1.9055,4.6264,40.0,100.0,-0.2387,5.5618,INSUFFICIENT_DATA,,,INCONCLUSIVE,NOT_AVAILABLE,COMPLEX
long_yang_seven|gap_proof|cooldown,long_yang_seven,gap_proof,cooldown,69,medium,0.7634,2.3,57.97,1.581,-1.1033,2.7357,46.3768,69.5652,-0.1255,3.4301,INSUFFICIENT_DATA,,,INCONCLUSIVE,NOT_AVAILABLE,COMPLEX
long_yang_seven|gap_proof|hot,long_yang_seven,gap_proof,hot,316,large,1.0147,2.27,56.65,0.625,0.3964,1.6332,51.2658,61.4003,0.0408,1.2199,INSUFFICIENT_DATA,,,INCONCLUSIVE,NOT_AVAILABLE,COMPLEX
long_yang_seven|gap_proof|ice,long_yang_seven,gap_proof,ice,17,small,6.2988,6.005,76.47,5.0029,2.6004,10.3712,52.9412,94.1176,1.6367,8.6714,INSUFFICIENT_DATA,,,INCONCLUSIVE,NOT_AVAILABLE,COMPLEX
long_yang_seven|gap_proof|warmup,long_yang_seven,gap_proof,warmup,341,large,0.5897,2.26,55.13,0.0804,-0.1274,1.3316,49.846,60.4106,-0.5782,0.7925,INSUFFICIENT_DATA,,,INCONCLUSIVE,NOT_AVAILABLE,COMPLEX
long_yang_seven|golden_cross|cooldown,long_yang_seven,golden_cross,cooldown,5,small,2.774,-5.32,40.0,4.4675,-6.652,13.226,0.0,80.0,-3.0898,12.0101,INSUFFICIENT_DATA,,,INCONCLUSIVE,NOT_AVAILABLE,COMPLEX
long_yang_seven|golden_cross|hot,long_yang_seven,golden_cross,hot,7,small,6.2157,7.46,71.43,5.0249,-0.1915,12.6726,28.5714,100.0,-0.1117,10.7145,INSUFFICIENT_DATA,,,INCONCLUSIVE,NOT_AVAILABLE,COMPLEX
long_yang_seven|golden_cross|warmup,long_yang_seven,golden_cross,warmup,4,small,3.1275,3.5,75.0,2.8307,-1.33,7.2125,25.0,100.0,-2.1615,7.0822,INSUFFICIENT_DATA,,,INCONCLUSIVE,NOT_AVAILABLE,COMPLEX
long_yang_seven|ignition|cooldown,long_yang_seven,ignition,cooldown,1,small,-5.32,-5.32,0.0,0.378,,,,,,,INSUFFICIENT_DATA,,,INCONCLUSIVE,NOT_AVAILABLE,COMPLEX
long_yang_seven|ignition|hot,long_yang_seven,ignition,hot,1,small,3.07,3.07,100.0,3.0342,,,,,,,INSUFFICIENT_DATA,,,INCONCLUSIVE,NOT_AVAILABLE,COMPLEX
long_yang_seven|ignition|ice,long_yang_seven,ignition,ice,1,small,17.86,17.86,100.0,15.628,,,,,,,INSUFFICIENT_DATA,,,INCONCLUSIVE,NOT_AVAILABLE,COMPLEX
long_yang_seven|ignition|warmup,long_yang_seven,ignition,warmup,2,small,-1.28,-1.28,50.0,-3.3841,-4.78,2.22,0.0,100.0,-5.8687,-0.8996,INSUFFICIENT_DATA,,,INCONCLUSIVE,NOT_AVAILABLE,MODERATE
long_yang_seven|island_rev|hot,long_yang_seven,island_rev,hot,1,small,-4.8,-4.8,0.0,-5.6312,,,,,,,INSUFFICIENT_DATA,,,INCONCLUSIVE,NOT_AVAILABLE,COMPLEX
long_yang_seven|long_yang_seven|cooldown,long_yang_seven,long_yang_seven,cooldown,113,large,0.8448,2.49,59.29,1.8542,-0.6347,2.3739,50.4425,69.0265,0.4963,3.2135,STABLE_POSITIVE,2.3232,-0.5051,WEAK,NOT_AVAILABLE,COMPLEX
long_yang_seven|long_yang_seven|hot,long_yang_seven,long_yang_seven,hot,515,large,1.2737,2.35,57.86,0.9464,0.7007,1.8674,53.5922,62.1359,0.4171,1.5055,STABLE_POSITIVE,1.4192,1.8278,STRONG,NOT_AVAILABLE,COMPLEX
long_yang_seven|long_yang_seven|ice,long_yang_seven,long_yang_seven,ice,26,small,2.6781,2.8625,53.85,1.2741,-0.7184,5.9967,34.6154,73.0769,-2.0266,4.5776,STABLE_POSITIVE,1.2181,1.5796,INCONCLUSIVE,NOT_AVAILABLE,COMPLEX
long_yang_seven|long_yang_seven|warmup,long_yang_seven,long_yang_seven,warmup,548,large,0.6928,2.28,56.39,0.1113,0.103,1.3113,52.0073,60.5839,-0.4662,0.7132,STABLE_POSITIVE,1.259,0.3239,MODERATE,NOT_AVAILABLE,COMPLEX
long_yang_seven|lotus|cooldown,long_yang_seven,lotus,cooldown,29,small,0.4779,2.17,58.62,1.0612,-2.4707,3.308,41.3793,75.8621,-1.7633,3.7952,INSUFFICIENT_DATA,,,INCONCLUSIVE,NOT_AVAILABLE,COMPLEX
long_yang_seven|lotus|hot,long_yang_seven,lotus,hot,60,medium,2.2868,3.73,63.33,2.0767,0.3868,4.3802,50.0,75.0,0.2109,4.1833,INSUFFICIENT_DATA,,,INCONCLUSIVE,NOT_AVAILABLE,COMPLEX
long_yang_seven|lotus|ice,long_yang_seven,lotus,ice,6,small,1.1833,2.195,50.0,0.9462,-7.05,9.795,16.6667,83.3333,-6.6387,8.9706,INSUFFICIENT_DATA,,,INCONCLUSIVE,NOT_AVAILABLE,COMPLEX
long_yang_seven|lotus|warmup,long_yang_seven,lotus,warmup,79,medium,2.4396,2.93,64.56,1.783,0.8436,4.2175,54.4304,74.6835,0.1442,3.5982,INSUFFICIENT_DATA,,,INCONCLUSIVE,NOT_AVAILABLE,COMPLEX
long_yang_seven|lu_sniper|hot,long_yang_seven,lu_sniper,hot,10,small,3.5905,3.4675,80.0,2.092,1.1004,6.3778,50.0,100.0,-0.5762,5.0203,INSUFFICIENT_DATA,,,INCONCLUSIVE,NOT_AVAILABLE,COMPLEX
long_yang_seven|lu_sniper|warmup,long_yang_seven,lu_sniper,warmup,11,small,3.6677,2.3,72.73,2.7,-1.3433,9.9703,45.4545,100.0,-2.055,8.8608,INSUFFICIENT_DATA,,,INCONCLUSIVE,NOT_AVAILABLE,COMPLEX
long_yang_seven|ma5_monster|cooldown,long_yang_seven,ma5_monster,cooldown,3,small,2.5433,2.01,100.0,2.5849,1.96,3.66,100.0,100.0,1.6007,3.505,INSUFFICIENT_DATA,,,INCONCLUSIVE,NOT_AVAILABLE,COMPLEX
long_yang_seven|ma5_monster|hot,long_yang_seven,ma5_monster,hot,13,small,1.0354,2.06,61.54,0.0264,-0.6902,2.738,38.4615,84.6154,-1.2821,1.3396,INSUFFICIENT_DATA,,,INCONCLUSIVE,NOT_AVAILABLE,COMPLEX
long_yang_seven|ma5_monster|warmup,long_yang_seven,ma5_monster,warmup,4,small,-1.53,-0.31,50.0,-2.9021,-5.49,2.23,0.0,100.0,-5.3947,-0.4094,INSUFFICIENT_DATA,,,INCONCLUSIVE,NOT_AVAILABLE,COMPLEX
long_yang_seven|massive_vol|cooldown,long_yang_seven,massive_vol,cooldown,23,small,1.4713,2.6,73.91,2.1192,-1.6583,4.2135,52.1739,91.3043,-1.0117,4.6778,INSUFFICIENT_DATA,,,INCONCLUSIVE,NOT_AVAILABLE,COMPLEX
long_yang_seven|massive_vol|hot,long_yang_seven,massive_vol,hot,151,large,0.178,1.96,50.33,-0.09,-0.774,1.0523,42.3675,57.6159,-0.9891,0.6909,INSUFFICIENT_DATA,,,INCONCLUSIVE,NOT_AVAILABLE,COMPLEX
long_yang_seven|massive_vol|ice,long_yang_seven,massive_vol,ice,5,small,4.131,3.475,60.0,2.7004,0.695,7.567,20.0,100.0,0.7927,5.4125,INSUFFICIENT_DATA,,,INCONCLUSIVE,NOT_AVAILABLE,COMPLEX
long_yang_seven|massive_vol|warmup,long_yang_seven,massive_vol,warmup,123,large,0.8839,2.11,55.28,0.3294,-0.4109,2.1635,46.3415,64.2276,-0.8778,1.5366,INSUFFICIENT_DATA,,,INCONCLUSIVE,NOT_AVAILABLE,COMPLEX
long_yang_seven|momentum|hot,long_yang_seven,momentum,hot,1,small,2.685,2.685,100.0,1.248,,,,,,,INSUFFICIENT_DATA,,,INCONCLUSIVE,NOT_AVAILABLE,COMPLEX
long_yang_seven|momentum|ice,long_yang_seven,momentum,ice,1,small,6.005,6.005,100.0,3.773,,,,,,,INSUFFICIENT_DATA,,,INCONCLUSIVE,NOT_AVAILABLE,COMPLEX
long_yang_seven|momentum|warmup,long_yang_seven,momentum,warmup,1,small,-0.68,-0.68,0.0,-3.5436,,,,,,,INSUFFICIENT_DATA,,,INCONCLUSIVE,NOT_AVAILABLE,COMPLEX
long_yang_seven|old_duck|cooldown,long_yang_seven,old_duck,cooldown,87,medium,0.9787,2.3,58.62,1.7926,-0.6225,2.4967,48.2759,68.9655,0.3135,3.1447,INSUFFICIENT_DATA,,,INCONCLUSIVE,NOT_AVAILABLE,COMPLEX
long_yang_seven|old_duck|hot,long_yang_seven,old_duck,hot,409,large,1.0717,2.34,57.7,0.8124,0.4337,1.6739,52.8056,62.5917,0.206,1.3992,INSUFFICIENT_DATA,,,INCONCLUSIVE,NOT_AVAILABLE,COMPLEX
long_yang_seven|old_duck|ice,long_yang_seven,old_duck,ice,22,small,3.7573,4.4525,59.09,1.9991,0.0756,7.7703,36.3636,77.2727,-1.6563,5.7869,INSUFFICIENT_DATA,,,INCONCLUSIVE,NOT_AVAILABLE,COMPLEX
long_yang_seven|old_duck|warmup,long_yang_seven,old_duck,warmup,429,large,0.7854,2.31,57.11,0.1803,0.1169,1.4623,52.6748,61.7716,-0.4647,0.8448,INSUFFICIENT_DATA,,,INCONCLUSIVE,NOT_AVAILABLE,COMPLEX
long_yang_seven|single_yang|cooldown,long_yang_seven,single_yang,cooldown,15,small,1.964,3.1,60.0,2.2944,-1.6781,5.3714,33.3333,86.6667,-1.122,5.5659,INSUFFICIENT_DATA,,,INCONCLUSIVE,NOT_AVAILABLE,COMPLEX
long_yang_seven|single_yang|hot,long_yang_seven,single_yang,hot,51,medium,0.715,2.17,52.94,0.0323,-1.2846,2.6162,39.2157,66.6667,-1.8476,1.8965,INSUFFICIENT_DATA,,,INCONCLUSIVE,NOT_AVAILABLE,COMPLEX
long_yang_seven|single_yang|ice,long_yang_seven,single_yang,ice,5,small,0.142,0.0,40.0,-2.484,-5.044,5.328,0.0,80.0,-7.936,2.3226,INSUFFICIENT_DATA,,,INCONCLUSIVE,NOT_AVAILABLE,COMPLEX
long_yang_seven|single_yang|warmup,long_yang_seven,single_yang,warmup,75,medium,2.0187,3.76,64.0,1.6581,0.2428,3.6102,52.0,73.3333,-0.0032,3.0807,INSUFFICIENT_DATA,,,INCONCLUSIVE,NOT_AVAILABLE,COMPLEX
long_yang_seven|t1_swing|cooldown,long_yang_seven,t1_swing,cooldown,98,medium,1.4967,2.94,62.24,2.5274,-0.0213,2.9462,52.0408,71.4286,1.1421,3.8314,INSUFFICIENT_DATA,,,INCONCLUSIVE,NOT_AVAILABLE,COMPLEX
long_yang_seven|t1_swing|hot,long_yang_seven,t1_swing,hot,480,large,1.1119,2.3075,57.08,0.8007,0.5713,1.6589,52.7083,61.4583,0.3277,1.2943,INSUFFICIENT_DATA,,,INCONCLUSIVE,NOT_AVAILABLE,COMPLEX
long_yang_seven|t1_swing|ice,long_yang_seven,t1_swing,ice,21,small,2.8138,4.39,57.14,1.523,-1.0625,6.3991,33.3333,76.1905,-2.152,4.7942,INSUFFICIENT_DATA,,,INCONCLUSIVE,NOT_AVAILABLE,COMPLEX
long_yang_seven|t1_swing|warmup,long_yang_seven,t1_swing,warmup,487,large,0.7766,2.3,57.7,0.1939,0.1738,1.3834,53.1828,62.2177,-0.3851,0.7788,INSUFFICIENT_DATA,,,INCONCLUSIVE,NOT_AVAILABLE,COMPLEX
long_yang_seven|three_horse|cooldown,long_yang_seven,three_horse,cooldown,53,medium,1.0698,2.49,58.49,1.9412,-0.7864,2.861,45.283,71.6981,0.3185,3.5698,INSUFFICIENT_DATA,,,INCONCLUSIVE,NOT_AVAILABLE,COMPLEX
long_yang_seven|three_horse|hot,long_yang_seven,three_horse,hot,291,large,0.7564,2.14,54.3,0.5138,0.1258,1.4327,48.7973,60.1375,-0.0946,1.1507,INSUFFICIENT_DATA,,,INCONCLUSIVE,NOT_AVAILABLE,COMPLEX
long_yang_seven|three_horse|ice,long_yang_seven,three_horse,ice,16,small,2.3894,1.125,50.0,1.0461,-1.9691,6.9442,25.0,75.0,-3.152,5.3742,INSUFFICIENT_DATA,,,INCONCLUSIVE,NOT_AVAILABLE,COMPLEX
long_yang_seven|three_horse|warmup,long_yang_seven,three_horse,warmup,283,large,0.3345,2.2,55.12,-0.1832,-0.4358,1.099,49.1166,61.1307,-0.8971,0.5718,INSUFFICIENT_DATA,,,INCONCLUSIVE,NOT_AVAILABLE,COMPLEX
long_yang_seven|trend|hot,long_yang_seven,trend,hot,4,small,-4.5575,-4.46,0.0,-5.4486,-6.16,-3.0525,0.0,0.0,-7.3814,-3.8503,INSUFFICIENT_DATA,,,INCONCLUSIVE,NOT_AVAILABLE,COMPLEX
lotus|breakout|cooldown,lotus,breakout,cooldown,288,large,1.1957,2.56,59.03,1.4382,0.3115,2.1881,53.8194,64.5833,0.5486,2.3867,INSUFFICIENT_DATA,,,INCONCLUSIVE,NOT_AVAILABLE,COMPLEX
lotus|breakout|hot,lotus,breakout,hot,1099,large,0.8375,2.12,53.23,0.6576,0.4286,1.2798,50.4095,56.2329,0.2501,1.0806,INSUFFICIENT_DATA,,,INCONCLUSIVE,NOT_AVAILABLE,COMPLEX
lotus|breakout|ice,lotus,breakout,ice,55,medium,2.1046,1.81,50.91,1.3966,0.4452,3.8106,36.3636,63.6364,-0.1343,2.9546,INSUFFICIENT_DATA,,,INCONCLUSIVE,NOT_AVAILABLE,COMPLEX
lotus|breakout|warmup,lotus,breakout,warmup,1342,large,0.9732,2.325,57.08,0.3762,0.5301,1.4037,54.2455,59.7634,-0.0687,0.7993,INSUFFICIENT_DATA,,,INCONCLUSIVE,NOT_AVAILABLE,COMPLEX
lotus|divine_explorer|warmup,lotus,divine_explorer,warmup,10,small,-0.748,-0.795,50.0,-1.029,-3.9821,2.662,20.0,80.0,-4.1357,2.4852,INSUFFICIENT_DATA,,,INCONCLUSIVE,NOT_AVAILABLE,COMPLEX
lotus|fairy_guide|cooldown,lotus,fairy_guide,cooldown,3,small,2.0233,2.45,66.67,1.73,-5.33,8.95,0.0,100.0,-3.9971,5.7956,INSUFFICIENT_DATA,,,INCONCLUSIVE,NOT_AVAILABLE,COMPLEX
lotus|fairy_guide|hot,lotus,fairy_guide,hot,11,small,-0.6573,3.12,54.55,-1.2937,-5.3087,3.3595,27.2727,81.8182,-5.8625,2.6632,INSUFFICIENT_DATA,,,INCONCLUSIVE,NOT_AVAILABLE,COMPLEX
lotus|fairy_guide|ice,lotus,fairy_guide,ice,1,small,8.61,8.61,100.0,7.488,,,,,,,INSUFFICIENT_DATA,,,INCONCLUSIVE,NOT_AVAILABLE,COMPLEX
lotus|fairy_guide|warmup,lotus,fairy_guide,warmup,19,small,1.4826,3.19,57.89,0.7823,-3.8064,6.8867,36.8421,78.9474,-4.0727,6.0268,INSUFFICIENT_DATA,,,INCONCLUSIVE,NOT_AVAILABLE,COMPLEX
lotus|fake_yin|cooldown,lotus,fake_yin,cooldown,3,small,-4.53,-4.71,33.33,-4.3885,-11.23,2.35,0.0,100.0,-12.8144,2.4594,INSUFFICIENT_DATA,,,INCONCLUSIVE,NOT_AVAILABLE,COMPLEX
lotus|fake_yin|hot,lotus,fake_yin,hot,4,small,3.8225,3.72,100.0,2.8544,2.57,5.1775,100.0,100.0,2.0015,3.4237,INSUFFICIENT_DATA,,,INCONCLUSIVE,NOT_AVAILABLE,COMPLEX
lotus|fake_yin|ice,lotus,fake_yin,ice,1,small,-2.7,-2.7,0.0,-5.1045,,,,,,,INSUFFICIENT_DATA,,,INCONCLUSIVE,NOT_AVAILABLE,COMPLEX
lotus|fake_yin|warmup,lotus,fake_yin,warmup,7,small,-0.54,-1.6,42.86,-2.5403,-4.673,3.9736,14.2857,85.7143,-6.433,1.4982,INSUFFICIENT_DATA,,,INCONCLUSIVE,NOT_AVAILABLE,COMPLEX
lotus|gap_proof|cooldown,lotus,gap_proof,cooldown,168,large,1.0276,2.56,61.31,1.2574,0.0064,1.9372,54.1518,68.4524,0.329,2.1754,INSUFFICIENT_DATA,,,INCONCLUSIVE,NOT_AVAILABLE,COMPLEX
lotus|gap_proof|hot,lotus,gap_proof,hot,601,large,0.9226,2.05,53.91,0.7118,0.4666,1.3899,50.2496,58.0699,0.2666,1.1741,INSUFFICIENT_DATA,,,INCONCLUSIVE,NOT_AVAILABLE,COMPLEX
lotus|gap_proof|ice,lotus,gap_proof,ice,49,medium,2.9052,2.415,61.22,1.7155,1.38,4.4958,48.9796,73.4694,0.2521,3.3073,INSUFFICIENT_DATA,,,INCONCLUSIVE,NOT_AVAILABLE,COMPLEX
lotus|gap_proof|warmup,lotus,gap_proof,warmup,807,large,0.9059,2.21,58.36,0.2491,0.4227,1.3521,54.7708,61.834,-0.2213,0.6989,INSUFFICIENT_DATA,,,INCONCLUSIVE,NOT_AVAILABLE,COMPLEX
lotus|golden_cross|cooldown,lotus,golden_cross,cooldown,48,medium,0.8031,2.525,60.42,1.9342,-1.6789,3.2269,45.8333,75.0,-0.2424,4.2315,INSUFFICIENT_DATA,,,INCONCLUSIVE,NOT_AVAILABLE,COMPLEX
lotus|golden_cross|hot,lotus,golden_cross,hot,181,large,1.0943,2.12,54.14,0.9998,0.1525,2.0465,46.4088,61.326,0.1346,1.8743,INSUFFICIENT_DATA,,,INCONCLUSIVE,NOT_AVAILABLE,COMPLEX
lotus|golden_cross|ice,lotus,golden_cross,ice,8,small,-0.0769,0.0,37.5,-1.0862,-2.3819,2.0969,12.1875,75.0,-4.0624,1.7135,INSUFFICIENT_DATA,,,INCONCLUSIVE,NOT_AVAILABLE,COMPLEX
lotus|golden_cross|warmup,lotus,golden_cross,warmup,204,large,1.2969,2.265,57.35,0.7408,0.4474,2.1273,50.4902,63.7255,-0.0375,1.5856,INSUFFICIENT_DATA,,,INCONCLUSIVE,NOT_AVAILABLE,COMPLEX
lotus|ignition|cooldown,lotus,ignition,cooldown,57,medium,-1.6233,-1.43,43.86,-1.0482,-3.5024,0.4343,31.5789,56.1404,-2.8222,0.8327,INSUFFICIENT_DATA,,,INCONCLUSIVE,NOT_AVAILABLE,COMPLEX
lotus|ignition|hot,lotus,ignition,hot,152,large,0.7661,2.0825,55.92,0.3336,-0.0723,1.6203,48.6842,63.8158,-0.4774,1.1669,INSUFFICIENT_DATA,,,INCONCLUSIVE,NOT_AVAILABLE,COMPLEX
lotus|ignition|ice,lotus,ignition,ice,21,small,2.0324,2.11,52.38,0.6345,-0.465,4.6355,33.2143,71.4286,-1.949,3.3077,INSUFFICIENT_DATA,,,INCONCLUSIVE,NOT_AVAILABLE,COMPLEX
lotus|ignition|warmup,lotus,ignition,warmup,289,large,1.2347,2.45,58.48,0.6304,0.3258,2.1212,52.5952,64.3599,-0.2029,1.4702,INSUFFICIENT_DATA,,,INCONCLUSIVE,NOT_AVAILABLE,COMPLEX
lotus|island_rev|cooldown,lotus,island_rev,cooldown,2,small,-4.355,-4.355,0.0,-4.8455,-5.56,-3.15,0.0,0.0,-6.0306,-3.6605,INSUFFICIENT_DATA,,,INCONCLUSIVE,NOT_AVAILABLE,MODERATE
lotus|island_rev|hot,lotus,island_rev,hot,18,small,2.8769,3.9025,77.78,2.0911,0.4778,5.1094,55.5556,94.4444,-0.3728,4.4644,INSUFFICIENT_DATA,,,INCONCLUSIVE,NOT_AVAILABLE,COMPLEX
lotus|island_rev|warmup,lotus,island_rev,warmup,18,small,2.8128,2.1325,55.56,1.2734,-0.7179,6.5887,33.3333,77.7778,-2.1922,5.1861,INSUFFICIENT_DATA,,,INCONCLUSIVE,NOT_AVAILABLE,COMPLEX
lotus|long_yang_seven|cooldown,lotus,long_yang_seven,cooldown,29,small,0.4779,2.17,58.62,1.0612,-2.4707,3.308,41.3793,75.8621,-1.7633,3.7952,INSUFFICIENT_DATA,,,INCONCLUSIVE,NOT_AVAILABLE,COMPLEX
lotus|long_yang_seven|hot,lotus,long_yang_seven,hot,60,medium,2.2868,3.73,63.33,2.0767,0.3868,4.3802,50.0,75.0,0.2109,4.1833,INSUFFICIENT_DATA,,,INCONCLUSIVE,NOT_AVAILABLE,COMPLEX
lotus|long_yang_seven|ice,lotus,long_yang_seven,ice,6,small,1.1833,2.195,50.0,0.9462,-7.05,9.795,16.6667,83.3333,-6.6387,8.9706,INSUFFICIENT_DATA,,,INCONCLUSIVE,NOT_AVAILABLE,COMPLEX
lotus|long_yang_seven|warmup,lotus,long_yang_seven,warmup,79,medium,2.4396,2.93,64.56,1.783,0.8436,4.2175,54.4304,74.6835,0.1442,3.5982,INSUFFICIENT_DATA,,,INCONCLUSIVE,NOT_AVAILABLE,COMPLEX
lotus|lotus|cooldown,lotus,lotus,cooldown,345,large,0.7299,2.33,56.52,1.0274,-0.1362,1.5538,51.587,61.4565,0.1678,1.8734,STABLE_POSITIVE,3.1442,0.9495,WEAK,NOT_AVAILABLE,COMPLEX
lotus|lotus|hot,lotus,lotus,hot,1252,large,0.8338,2.115,53.59,0.6227,0.4587,1.2055,50.8766,56.3898,0.2655,0.9773,STABLE_POSITIVE,1.2543,1.2856,STRONG,NOT_AVAILABLE,COMPLEX
lotus|lotus|ice,lotus,lotus,ice,76,medium,2.0847,1.89,51.32,1.186,0.6498,3.6574,40.7895,63.1579,-0.2113,2.628,STABLE_POSITIVE,3.4126,3.1495,MODERATE,NOT_AVAILABLE,COMPLEX
lotus|lotus|warmup,lotus,lotus,warmup,1632,large,1.0084,2.33,57.29,0.4122,0.6297,1.3717,54.902,59.4378,0.0659,0.756,STABLE_POSITIVE,1.323,0.333,STRONG,NOT_AVAILABLE,COMPLEX
lotus|lu_sniper|cooldown,lotus,lu_sniper,cooldown,5,small,2.517,2.085,80.0,0.7603,0.639,4.316,40.0,100.0,-1.7272,3.0428,INSUFFICIENT_DATA,,,INCONCLUSIVE,NOT_AVAILABLE,COMPLEX
lotus|lu_sniper|hot,lotus,lu_sniper,hot,5,small,0.834,2.44,60.0,1.3089,-4.68,6.348,20.0,100.0,-3.1637,5.7245,INSUFFICIENT_DATA,,,INCONCLUSIVE,NOT_AVAILABLE,COMPLEX
lotus|lu_sniper|warmup,lotus,lu_sniper,warmup,12,small,2.6583,3.07,58.33,1.268,-1.7133,7.4412,33.3333,83.3333,-3.1681,5.9332,INSUFFICIENT_DATA,,,INCONCLUSIVE,NOT_AVAILABLE,COMPLEX
lotus|ma5_monster|warmup,lotus,ma5_monster,warmup,1,small,-7.57,-7.57,0.0,-7.5116,,,,,,,INSUFFICIENT_DATA,,,INCONCLUSIVE,NOT_AVAILABLE,COMPLEX
lotus|momentum|hot,lotus,momentum,hot,1,small,7.115,7.115,100.0,6.2609,,,,,,,INSUFFICIENT_DATA,,,INCONCLUSIVE,NOT_AVAILABLE,COMPLEX
lotus|momentum|warmup,lotus,momentum,warmup,1,small,-17.05,-17.05,0.0,-14.2442,,,,,,,INSUFFICIENT_DATA,,,INCONCLUSIVE,NOT_AVAILABLE,MODERATE
lotus|old_duck|cooldown,lotus,old_duck,cooldown,258,large,0.8665,2.3,57.36,1.1275,-0.1045,1.8251,51.5407,63.1783,0.2247,2.059,INSUFFICIENT_DATA,,,INCONCLUSIVE,NOT_AVAILABLE,COMPLEX
lotus|old_duck|hot,lotus,old_duck,hot,950,large,0.7719,2.0975,52.74,0.6449,0.3377,1.2114,49.4737,56.0026,0.2182,1.0595,INSUFFICIENT_DATA,,,INCONCLUSIVE,NOT_AVAILABLE,COMPLEX
lotus|old_duck|ice,lotus,old_duck,ice,57,medium,2.2786,0.0,45.61,1.5666,0.8359,3.9893,33.3333,57.8947,0.1244,3.1774,INSUFFICIENT_DATA,,,INCONCLUSIVE,NOT_AVAILABLE,COMPLEX
lotus|old_duck|warmup,lotus,old_duck,warmup,1195,large,1.0556,2.35,57.49,0.4364,0.5538,1.4747,54.5607,60.251,-0.0429,0.8518,INSUFFICIENT_DATA,,,INCONCLUSIVE,NOT_AVAILABLE,COMPLEX
lotus|t1_swing|cooldown,lotus,t1_swing,cooldown,239,large,1.0464,2.58,60.67,1.3893,0.1828,1.9436,54.3933,66.9456,0.5702,2.2277,INSUFFICIENT_DATA,,,INCONCLUSIVE,NOT_AVAILABLE,COMPLEX
lotus|t1_swing|hot,lotus,t1_swing,hot,1019,large,0.9059,2.15,54.07,0.7195,0.475,1.3387,50.8342,57.1148,0.3171,1.1134,INSUFFICIENT_DATA,,,INCONCLUSIVE,NOT_AVAILABLE,COMPLEX
lotus|t1_swing|ice,lotus,t1_swing,ice,61,medium,1.5723,1.81,50.82,0.7127,0.0697,3.1199,39.3443,62.3361,-0.6692,2.214,INSUFFICIENT_DATA,,,INCONCLUSIVE,NOT_AVAILABLE,COMPLEX
lotus|t1_swing|warmup,lotus,t1_swing,warmup,1164,large,0.9541,2.275,56.62,0.3349,0.5563,1.404,53.7779,59.622,-0.0639,0.7545,INSUFFICIENT_DATA,,,INCONCLUSIVE,NOT_AVAILABLE,COMPLEX
lotus|three_horse|cooldown,lotus,three_horse,cooldown,125,large,2.1906,3.035,65.6,2.3247,0.7354,3.737,57.6,73.6,0.9914,3.7974,INSUFFICIENT_DATA,,,INCONCLUSIVE,NOT_AVAILABLE,COMPLEX
lotus|three_horse|hot,lotus,three_horse,hot,475,large,0.8717,2.11,52.21,0.6475,0.1885,1.5561,47.5789,56.6316,0.0113,1.3141,INSUFFICIENT_DATA,,,INCONCLUSIVE,NOT_AVAILABLE,COMPLEX
lotus|three_horse|ice,lotus,three_horse,ice,28,small,2.1764,0.0,42.86,1.4538,-0.6039,4.93,25.0,60.7143,-1.1583,4.0378,INSUFFICIENT_DATA,,,INCONCLUSIVE,NOT_AVAILABLE,COMPLEX
lotus|three_horse|warmup,lotus,three_horse,warmup,553,large,1.4017,2.6,58.41,0.9329,0.7056,2.1145,54.2495,62.5723,0.2448,1.6294,INSUFFICIENT_DATA,,,INCONCLUSIVE,NOT_AVAILABLE,COMPLEX
ma5_monster|breakout|cooldown,ma5_monster,breakout,cooldown,166,large,0.7774,1.96,53.01,0.6622,-0.0443,1.6128,45.1807,60.241,-0.1444,1.4743,INSUFFICIENT_DATA,,,INCONCLUSIVE,NOT_AVAILABLE,COMPLEX
ma5_monster|breakout|hot,ma5_monster,breakout,hot,605,large,0.313,-0.36,45.12,-0.2968,-0.0279,0.7051,41.157,49.4215,-0.6344,0.0622,INSUFFICIENT_DATA,,,INCONCLUSIVE,NOT_AVAILABLE,COMPLEX
ma5_monster|breakout|ice,ma5_monster,breakout,ice,77,medium,0.746,0.0,45.45,0.738,-0.1089,1.7381,35.0325,57.1429,-0.1596,1.7266,INSUFFICIENT_DATA,,,INCONCLUSIVE,NOT_AVAILABLE,COMPLEX
ma5_monster|breakout|warmup,ma5_monster,breakout,warmup,655,large,0.6616,-0.045,49.62,-0.32,0.2713,1.0572,45.6489,53.2863,-0.692,0.0401,INSUFFICIENT_DATA,,,INCONCLUSIVE,NOT_AVAILABLE,COMPLEX
ma5_monster|divine_explorer|cooldown,ma5_monster,divine_explorer,cooldown,14,small,0.4079,0.205,50.0,-0.185,-4.0297,5.6939,28.3929,78.5714,-4.4822,4.8613,INSUFFICIENT_DATA,,,INCONCLUSIVE,NOT_AVAILABLE,COMPLEX
ma5_monster|divine_explorer|hot,ma5_monster,divine_explorer,hot,28,small,-0.0109,-1.03,39.29,-0.7836,-1.0734,1.096,21.4286,57.1429,-1.9129,0.438,INSUFFICIENT_DATA,,,INCONCLUSIVE,NOT_AVAILABLE,COMPLEX
ma5_monster|divine_explorer|ice,ma5_monster,divine_explorer,ice,6,small,0.245,-0.595,33.33,0.2651,-1.9307,3.0678,0.0,66.6667,-3.1694,4.0009,INSUFFICIENT_DATA,,,INCONCLUSIVE,NOT_AVAILABLE,MODERATE
ma5_monster|divine_explorer|warmup,ma5_monster,divine_explorer,warmup,50,medium,-0.0075,-0.475,42.0,-1.0377,-1.1649,0.9912,30.0,56.0,-2.2454,0.0349,INSUFFICIENT_DATA,,,INCONCLUSIVE,NOT_AVAILABLE,COMPLEX
ma5_monster|fake_yin|cooldown,ma5_monster,fake_yin,cooldown,56,medium,0.7699,2.045,57.14,0.6688,-0.3894,1.9182,44.6429,69.6429,-0.5316,1.8981,INSUFFICIENT_DATA,,,INCONCLUSIVE,NOT_AVAILABLE,COMPLEX
ma5_monster|fake_yin|hot,ma5_monster,fake_yin,hot,185,large,0.4333,0.15,50.27,-0.1296,-0.2554,1.0781,42.1486,57.8378,-0.803,0.4975,INSUFFICIENT_DATA,,,INCONCLUSIVE,NOT_AVAILABLE,COMPLEX
ma5_monster|fake_yin|ice,ma5_monster,fake_yin,ice,28,small,-0.1807,0.0,32.14,-0.0418,-1.582,1.0705,14.2857,50.0,-1.3698,1.2113,INSUFFICIENT_DATA,,,INCONCLUSIVE,NOT_AVAILABLE,COMPLEX
ma5_monster|fake_yin|warmup,ma5_monster,fake_yin,warmup,179,large,0.9512,2.01,51.4,0.1048,0.01,1.8847,43.5754,58.6592,-0.9111,1.0844,INSUFFICIENT_DATA,,,INCONCLUSIVE,NOT_AVAILABLE,COMPLEX
ma5_monster|gap_proof|cooldown,ma5_monster,gap_proof,cooldown,110,large,0.7285,1.725,55.45,0.7574,0.0518,1.4681,46.3636,63.6364,0.0173,1.5083,INSUFFICIENT_DATA,,,INCONCLUSIVE,NOT_AVAILABLE,COMPLEX
ma5_monster|gap_proof|hot,ma5_monster,gap_proof,hot,535,large,0.0424,-0.59,40.0,-0.5154,-0.2839,0.3792,35.8879,43.7383,-0.8156,-0.2028,INSUFFICIENT_DATA,,,INCONCLUSIVE,NOT_AVAILABLE,COMPLEX
ma5_monster|gap_proof|ice,ma5_monster,gap_proof,ice,61,medium,0.8072,0.0,44.26,0.6057,0.1595,1.561,32.7869,57.377,-0.1482,1.4654,INSUFFICIENT_DATA,,,INCONCLUSIVE,NOT_AVAILABLE,COMPLEX
ma5_monster|gap_proof|warmup,ma5_monster,gap_proof,warmup,528,large,0.6264,0.655,50.95,-0.3832,0.2291,1.0124,46.7803,55.1136,-0.7686,0.0044,INSUFFICIENT_DATA,,,INCONCLUSIVE,NOT_AVAILABLE,COMPLEX
ma5_monster|golden_cross|cooldown,ma5_monster,golden_cross,cooldown,6,small,-0.3933,-1.105,33.33,-0.7965,-3.4287,2.93,0.0,66.6667,-3.8685,3.0461,INSUFFICIENT_DATA,,,INCONCLUSIVE,NOT_AVAILABLE,COMPLEX
ma5_monster|golden_cross|hot,ma5_monster,golden_cross,hot,26,small,0.3787,-0.595,34.62,0.4131,-0.9687,2.0584,19.2308,53.8462,-0.9562,2.0772,INSUFFICIENT_DATA,,,INCONCLUSIVE,NOT_AVAILABLE,COMPLEX
ma5_monster|golden_cross|ice,ma5_monster,golden_cross,ice,5,small,0.088,0.1,60.0,-0.2321,0.02,0.156,20.0,100.0,-0.546,0.2298,INSUFFICIENT_DATA,,,INCONCLUSIVE,NOT_AVAILABLE,COMPLEX
ma5_monster|golden_cross|warmup,ma5_monster,golden_cross,warmup,20,small,-0.5408,0.675,50.0,-0.9684,-2.7792,1.2402,30.0,70.0,-3.1067,0.799,INSUFFICIENT_DATA,,,INCONCLUSIVE,NOT_AVAILABLE,COMPLEX
ma5_monster|ignition|warmup,ma5_monster,ignition,warmup,2,small,4.43,4.43,100.0,5.8837,3.78,5.08,100.0,100.0,5.2018,6.5655,INSUFFICIENT_DATA,,,INCONCLUSIVE,NOT_AVAILABLE,COMPLEX
ma5_monster|island_rev|hot,ma5_monster,island_rev,hot,3,small,-4.3317,-4.175,0.0,-5.2123,-5.82,-3.0,0.0,0.0,-6.5287,-4.1187,INSUFFICIENT_DATA,,,INCONCLUSIVE,NOT_AVAILABLE,COMPLEX
ma5_monster|island_rev|warmup,ma5_monster,island_rev,warmup,2,small,0.38,0.38,50.0,-0.6022,-1.23,1.99,0.0,100.0,-3.619,2.4147,INSUFFICIENT_DATA,,,INCONCLUSIVE,NOT_AVAILABLE,COMPLEX
ma5_monster|long_yang_seven|cooldown,ma5_monster,long_yang_seven,cooldown,3,small,2.5433,2.01,100.0,2.5849,1.96,3.66,100.0,100.0,1.6007,3.505,INSUFFICIENT_DATA,,,INCONCLUSIVE,NOT_AVAILABLE,COMPLEX
ma5_monster|long_yang_seven|hot,ma5_monster,long_yang_seven,hot,13,small,1.0354,2.06,61.54,0.0264,-0.6902,2.738,38.4615,84.6154,-1.2821,1.3396,INSUFFICIENT_DATA,,,INCONCLUSIVE,NOT_AVAILABLE,COMPLEX
ma5_monster|long_yang_seven|warmup,ma5_monster,long_yang_seven,warmup,4,small,-1.53,-0.31,50.0,-2.9021,-5.49,2.23,0.0,100.0,-5.3947,-0.4094,INSUFFICIENT_DATA,,,INCONCLUSIVE,NOT_AVAILABLE,COMPLEX
ma5_monster|lotus|warmup,ma5_monster,lotus,warmup,1,small,-7.57,-7.57,0.0,-7.5116,,,,,,,INSUFFICIENT_DATA,,,INCONCLUSIVE,NOT_AVAILABLE,COMPLEX
ma5_monster|lu_sniper|cooldown,ma5_monster,lu_sniper,cooldown,9,small,0.6772,3.07,66.67,0.6543,-3.1539,3.8198,33.3333,88.8889,-2.4703,3.5171,INSUFFICIENT_DATA,,,INCONCLUSIVE,NOT_AVAILABLE,MODERATE
ma5_monster|lu_sniper|hot,ma5_monster,lu_sniper,hot,12,small,1.2033,4.275,66.67,0.3611,-2.2958,4.4751,41.6667,91.6667,-2.8865,3.5302,INSUFFICIENT_DATA,,,INCONCLUSIVE,NOT_AVAILABLE,COMPLEX
ma5_monster|lu_sniper|ice,ma5_monster,lu_sniper,ice,4,small,4.0375,0.0,25.0,3.6579,-5.67,17.7825,0.0,75.0,-5.9821,16.2779,INSUFFICIENT_DATA,,,INCONCLUSIVE,NOT_AVAILABLE,COMPLEX
ma5_monster|lu_sniper|warmup,ma5_monster,lu_sniper,warmup,48,medium,1.3024,2.34,56.25,0.7994,-0.4598,3.161,41.6667,70.8333,-0.8343,2.4447,INSUFFICIENT_DATA,,,INCONCLUSIVE,NOT_AVAILABLE,COMPLEX
ma5_monster|ma5_monster|cooldown,ma5_monster,ma5_monster,cooldown,262,large,0.6968,1.96,54.96,0.4894,0.0409,1.3878,49.2366,61.0687,-0.1832,1.1948,STABLE_POSITIVE,2.2025,0.3835,MODERATE,NOT_AVAILABLE,COMPLEX
ma5_monster|ma5_monster|hot,ma5_monster,ma5_monster,hot,947,large,0.2651,-0.54,43.93,-0.2712,-0.0432,0.5649,40.4435,47.2017,-0.5503,0.0203,STABLE_POSITIVE,0.8789,1.3018,WEAK,NOT_AVAILABLE,COMPLEX
ma5_monster|ma5_monster|ice,ma5_monster,ma5_monster,ice,124,large,0.4527,0.0,41.94,0.5721,-0.3883,1.2548,33.0645,50.0,-0.2768,1.3586,STABLE_POSITIVE,1.1764,1.7898,WEAK,NOT_AVAILABLE,COMPLEX
ma5_monster|ma5_monster|warmup,ma5_monster,ma5_monster,warmup,1112,large,0.8482,1.435,51.53,-0.0035,0.5124,1.2162,48.7388,54.5863,-0.3395,0.3442,STABLE_POSITIVE,0.7056,0.3479,MODERATE,NOT_AVAILABLE,COMPLEX
ma5_monster|massive_vol|cooldown,ma5_monster,massive_vol,cooldown,17,small,1.9065,3.1,64.71,1.6817,-0.5037,4.2951,41.1765,88.2353,-0.4162,3.9346,INSUFFICIENT_DATA,,,INCONCLUSIVE,NOT_AVAILABLE,COMPLEX
ma5_monster|massive_vol|hot,ma5_monster,massive_vol,hot,108,large,-0.0481,-0.55,38.89,-0.7478,-0.6847,0.6565,30.5556,49.0741,-1.3393,-0.033,INSUFFICIENT_DATA,,,INCONCLUSIVE,NOT_AVAILABLE,COMPLEX
ma5_monster|massive_vol|ice,ma5_monster,massive_vol,ice,8,small,1.79,1.03,50.0,1.1945,-0.3888,4.5003,12.5,87.5,-0.9697,3.1392,INSUFFICIENT_DATA,,,INCONCLUSIVE,NOT_AVAILABLE,COMPLEX
ma5_monster|massive_vol|warmup,ma5_monster,massive_vol,warmup,85,medium,1.3493,1.77,54.12,0.346,0.3154,2.3863,43.5294,63.5294,-0.7334,1.5224,INSUFFICIENT_DATA,,,INCONCLUSIVE,NOT_AVAILABLE,COMPLEX
ma5_monster|momentum|cooldown,ma5_monster,momentum,cooldown,7,small,-1.7671,-2.39,28.57,-2.5102,-3.8429,0.3886,0.0,57.1429,-3.646,-1.0676,INSUFFICIENT_DATA,,,INCONCLUSIVE,NOT_AVAILABLE,COMPLEX
ma5_monster|momentum|hot,ma5_monster,momentum,hot,55,medium,0.1775,-0.89,36.36,-0.056,-0.9049,1.2324,23.6364,49.0909,-0.9784,0.8425,INSUFFICIENT_DATA,,,INCONCLUSIVE,NOT_AVAILABLE,COMPLEX
ma5_monster|momentum|ice,ma5_monster,momentum,ice,7,small,-0.3029,0.0,28.57,-1.066,-2.8308,1.5271,0.0,57.5,-2.9797,0.3789,INSUFFICIENT_DATA,,,INCONCLUSIVE,NOT_AVAILABLE,COMPLEX
ma5_monster|momentum|warmup,ma5_monster,momentum,warmup,56,medium,0.4181,-0.305,44.64,-0.5224,-0.7783,1.8766,32.1429,57.1429,-1.6992,0.84,INSUFFICIENT_DATA,,,INCONCLUSIVE,NOT_AVAILABLE,COMPLEX
ma5_monster|old_duck|cooldown,ma5_monster,old_duck,cooldown,182,large,0.83,2.02,56.04,0.6386,-0.018,1.6657,48.3516,63.7363,-0.1841,1.4537,INSUFFICIENT_DATA,,,INCONCLUSIVE,NOT_AVAILABLE,COMPLEX
ma5_monster|old_duck|hot,ma5_monster,old_duck,hot,665,large,0.219,-0.43,44.21,-0.2865,-0.1499,0.5631,40.1466,47.8195,-0.6387,0.0511,INSUFFICIENT_DATA,,,INCONCLUSIVE,NOT_AVAILABLE,COMPLEX
ma5_monster|old_duck|ice,ma5_monster,old_duck,ice,90,medium,0.8092,0.0,45.56,0.8407,-0.1041,1.759,36.6667,55.5556,-0.0134,1.7592,INSUFFICIENT_DATA,,,INCONCLUSIVE,NOT_AVAILABLE,COMPLEX
ma5_monster|old_duck|warmup,ma5_monster,old_duck,warmup,824,large,0.9576,1.44,51.09,0.0403,0.5861,1.3733,47.8125,54.8544,-0.3172,0.451,INSUFFICIENT_DATA,,,INCONCLUSIVE,NOT_AVAILABLE,COMPLEX
ma5_monster|single_yang|cooldown,ma5_monster,single_yang,cooldown,10,small,0.468,2.315,60.0,-0.1934,-2.0494,2.827,30.0,90.0,-3.0204,2.6579,INSUFFICIENT_DATA,,,INCONCLUSIVE,NOT_AVAILABLE,COMPLEX
ma5_monster|single_yang|hot,ma5_monster,single_yang,hot,16,small,-0.7225,0.575,50.0,-1.3606,-3.5433,1.7192,25.0,75.0,-3.8487,0.8269,INSUFFICIENT_DATA,,,INCONCLUSIVE,NOT_AVAILABLE,COMPLEX
ma5_monster|single_yang|ice,ma5_monster,single_yang,ice,2,small,1.535,1.535,50.0,2.5675,0.0,3.07,0.0,100.0,0.6777,4.4573,INSUFFICIENT_DATA,,,INCONCLUSIVE,NOT_AVAILABLE,COMPLEX
ma5_monster|single_yang|warmup,ma5_monster,single_yang,warmup,27,small,2.4543,-0.12,48.15,2.2257,-0.8029,5.9216,29.6296,66.6667,-0.9807,5.6967,INSUFFICIENT_DATA,,,INCONCLUSIVE,NOT_AVAILABLE,COMPLEX
ma5_monster|t1_swing|cooldown,ma5_monster,t1_swing,cooldown,121,large,0.58,1.845,56.2,0.6926,-0.0539,1.2275,47.9339,65.2893,0.0737,1.3446,INSUFFICIENT_DATA,,,INCONCLUSIVE,NOT_AVAILABLE,COMPLEX
ma5_monster|t1_swing|hot,ma5_monster,t1_swing,hot,569,large,0.0121,-0.56,40.95,-0.6213,-0.28,0.3114,37.0826,45.167,-0.8952,-0.3396,INSUFFICIENT_DATA,,,INCONCLUSIVE,NOT_AVAILABLE,COMPLEX
ma5_monster|t1_swing|ice,ma5_monster,t1_swing,ice,49,medium,0.0129,0.0,30.61,-0.309,-0.804,0.8937,18.3673,42.8571,-1.2909,0.6944,INSUFFICIENT_DATA,,,INCONCLUSIVE,NOT_AVAILABLE,COMPLEX
ma5_monster|t1_swing|warmup,ma5_monster,t1_swing,warmup,566,large,0.6967,0.755,50.88,-0.3735,0.2964,1.1069,46.1131,55.1237,-0.7493,0.0132,INSUFFICIENT_DATA,,,INCONCLUSIVE,NOT_AVAILABLE,COMPLEX
ma5_monster|three_horse|cooldown,ma5_monster,three_horse,cooldown,83,medium,0.6884,1.96,55.42,0.5485,-0.1958,1.534,44.5783,66.2651,-0.3634,1.3726,INSUFFICIENT_DATA,,,INCONCLUSIVE,NOT_AVAILABLE,COMPLEX
ma5_monster|three_horse|hot,ma5_monster,three_horse,hot,318,large,0.2481,-0.555,44.34,-0.3607,-0.2474,0.7268,38.0503,50.0,-0.834,0.0995,INSUFFICIENT_DATA,,,INCONCLUSIVE,NOT_AVAILABLE,COMPLEX
ma5_monster|three_horse|ice,ma5_monster,three_horse,ice,28,small,0.0971,0.0,35.71,-0.2601,-1.446,1.5061,17.8571,53.5714,-1.8753,1.2355,INSUFFICIENT_DATA,,,INCONCLUSIVE,NOT_AVAILABLE,COMPLEX
ma5_monster|three_horse|warmup,ma5_monster,three_horse,warmup,295,large,0.5927,-0.21,48.14,-0.2152,-0.0518,1.21,42.7119,53.8983,-0.8221,0.398,INSUFFICIENT_DATA,,,INCONCLUSIVE,NOT_AVAILABLE,COMPLEX
ma5_monster|trend|cooldown,ma5_monster,trend,cooldown,3,small,-2.4167,-3.12,33.33,-2.8871,-6.33,2.2,0.0,100.0,-7.9144,2.9441,INSUFFICIENT_DATA,,,INCONCLUSIVE,NOT_AVAILABLE,COMPLEX
ma5_monster|trend|hot,ma5_monster,trend,hot,32,medium,-1.0563,-1.105,21.88,-1.6303,-2.5284,0.2707,9.375,37.5,-2.8679,-0.5077,INSUFFICIENT_DATA,,,INCONCLUSIVE,NOT_AVAILABLE,COMPLEX
ma5_monster|trend|ice,ma5_monster,trend,ice,1,small,-2.11,-2.11,0.0,-0.7227,,,,,,,INSUFFICIENT_DATA,,,INCONCLUSIVE,NOT_AVAILABLE,MODERATE
ma5_monster|trend|warmup,ma5_monster,trend,warmup,17,small,-0.5782,-0.59,47.06,-1.2436,-2.7431,1.3731,23.5294,70.5882,-3.1404,0.5155,INSUFFICIENT_DATA,,,INCONCLUSIVE,NOT_AVAILABLE,COMPLEX
massive_volume|breakout|cooldown,massive_volume,breakout,cooldown,192,large,0.9784,2.2575,57.29,1.5636,-0.0664,2.1038,51.0417,64.0625,0.5732,2.7064,INSUFFICIENT_DATA,,,INCONCLUSIVE,NOT_AVAILABLE,COMPLEX
massive_volume|breakout|hot,massive_volume,breakout,hot,1291,large,0.3398,-0.39,48.1,0.0364,0.0237,0.6404,45.2363,50.8908,-0.2438,0.3247,INSUFFICIENT_DATA,,,INCONCLUSIVE,NOT_AVAILABLE,COMPLEX
massive_volume|breakout|ice,massive_volume,breakout,ice,54,medium,1.5486,0.0,48.15,0.3532,0.3668,2.8426,35.1852,61.1111,-0.8271,1.6317,INSUFFICIENT_DATA,,,INCONCLUSIVE,NOT_AVAILABLE,COMPLEX
massive_volume|breakout|warmup,massive_volume,breakout,warmup,1087,large,0.6776,1.925,52.07,0.2028,0.3001,1.0711,49.126,55.1058,-0.1569,0.5817,INSUFFICIENT_DATA,,,INCONCLUSIVE,NOT_AVAILABLE,COMPLEX
massive_volume|divine_explorer|cooldown,massive_volume,divine_explorer,cooldown,1,small,2.06,2.06,100.0,3.2342,,,,,,,INSUFFICIENT_DATA,,,INCONCLUSIVE,NOT_AVAILABLE,COMPLEX
massive_volume|divine_explorer|hot,massive_volume,divine_explorer,hot,16,small,-0.6075,-0.995,37.5,-1.4329,-2.3726,1.3062,18.75,62.5,-3.0321,0.1663,INSUFFICIENT_DATA,,,INCONCLUSIVE,NOT_AVAILABLE,COMPLEX
massive_volume|divine_explorer|warmup,massive_volume,divine_explorer,warmup,10,small,-2.4155,-2.075,30.0,-2.815,-6.1322,1.0374,0.0,60.0,-6.8991,0.5194,INSUFFICIENT_DATA,,,INCONCLUSIVE,NOT_AVAILABLE,COMPLEX
massive_volume|fairy_guide|cooldown,massive_volume,fairy_guide,cooldown,1,small,3.51,3.51,100.0,3.4633,,,,,,,INSUFFICIENT_DATA,,,INCONCLUSIVE,NOT_AVAILABLE,COMPLEX
massive_volume|fairy_guide|hot,massive_volume,fairy_guide,hot,6,small,-3.3558,-3.995,33.33,-2.9595,-11.2567,3.7617,0.0,66.6667,-11.0749,3.5744,INSUFFICIENT_DATA,,,INCONCLUSIVE,NOT_AVAILABLE,COMPLEX
massive_volume|fairy_guide|ice,massive_volume,fairy_guide,ice,1,small,0.0,0.0,0.0,0.6777,,,,,,,INSUFFICIENT_DATA,,,INCONCLUSIVE,NOT_AVAILABLE,COMPLEX
massive_volume|fairy_guide|warmup,massive_volume,fairy_guide,warmup,5,small,-4.689,2.43,60.0,-4.9627,-14.8868,4.573,20.0,100.0,-15.5746,3.0002,INSUFFICIENT_DATA,,,INCONCLUSIVE,NOT_AVAILABLE,COMPLEX
massive_volume|fake_yin|cooldown,massive_volume,fake_yin,cooldown,25,small,1.9542,2.94,72.0,1.8654,-0.2623,4.0168,52.0,88.0,-0.5929,4.2358,INSUFFICIENT_DATA,,,INCONCLUSIVE,NOT_AVAILABLE,COMPLEX
massive_volume|fake_yin|hot,massive_volume,fake_yin,hot,123,large,0.144,-0.57,44.72,-0.1465,-0.7583,1.1039,35.752,53.6585,-1.052,0.7264,INSUFFICIENT_DATA,,,INCONCLUSIVE,NOT_AVAILABLE,COMPLEX
massive_volume|fake_yin|ice,massive_volume,fake_yin,ice,14,small,0.3007,0.0,35.71,-0.0114,-1.1541,1.638,14.2857,57.1429,-1.7183,1.4041,INSUFFICIENT_DATA,,,INCONCLUSIVE,NOT_AVAILABLE,COMPLEX
massive_volume|fake_yin|warmup,massive_volume,fake_yin,warmup,92,medium,0.1978,-0.03,50.0,-0.1423,-0.9466,1.3904,40.2174,60.8696,-1.2629,0.9767,INSUFFICIENT_DATA,,,INCONCLUSIVE,NOT_AVAILABLE,COMPLEX
massive_volume|gap_proof|cooldown,massive_volume,gap_proof,cooldown,149,large,-0.1572,2.02,53.02,0.3121,-1.0929,0.7549,45.6208,60.4027,-0.632,1.1937,INSUFFICIENT_DATA,,,INCONCLUSIVE,NOT_AVAILABLE,COMPLEX
massive_volume|gap_proof|hot,massive_volume,gap_proof,hot,1107,large,0.251,-0.48,46.7,-0.0926,-0.0707,0.5474,43.6314,49.7742,-0.384,0.1831,INSUFFICIENT_DATA,,,INCONCLUSIVE,NOT_AVAILABLE,COMPLEX
massive_volume|gap_proof|ice,massive_volume,gap_proof,ice,46,medium,1.6546,0.0,45.65,0.7861,0.4975,2.9631,30.4348,60.8696,-0.2715,1.9524,INSUFFICIENT_DATA,,,INCONCLUSIVE,NOT_AVAILABLE,COMPLEX
massive_volume|gap_proof|warmup,massive_volume,gap_proof,warmup,855,large,0.4821,0.07,50.06,-0.0214,0.0743,0.8737,46.9006,53.3333,-0.3928,0.351,INSUFFICIENT_DATA,,,INCONCLUSIVE,NOT_AVAILABLE,COMPLEX
massive_volume|golden_cross|cooldown,massive_volume,golden_cross,cooldown,11,small,-1.7591,-2.32,45.45,-1.0758,-5.9771,2.3221,18.1818,72.7273,-6.0296,3.635,INSUFFICIENT_DATA,,,INCONCLUSIVE,NOT_AVAILABLE,COMPLEX
massive_volume|golden_cross|hot,massive_volume,golden_cross,hot,61,medium,-1.6353,-1.28,36.07,-1.3403,-3.473,-0.064,24.5902,47.541,-2.8535,0.1185,INSUFFICIENT_DATA,,,INCONCLUSIVE,NOT_AVAILABLE,COMPLEX
massive_volume|golden_cross|ice,massive_volume,golden_cross,ice,2,small,1.53,1.53,50.0,0.6079,0.0,3.06,0.0,100.0,0.538,0.6777,INSUFFICIENT_DATA,,,INCONCLUSIVE,NOT_AVAILABLE,COMPLEX
massive_volume|golden_cross|warmup,massive_volume,golden_cross,warmup,39,medium,1.7715,2.15,53.85,1.6237,-0.4276,4.2142,38.4615,69.2308,-0.7442,4.0269,INSUFFICIENT_DATA,,,INCONCLUSIVE,NOT_AVAILABLE,COMPLEX
massive_volume|ignition|cooldown,massive_volume,ignition,cooldown,5,small,-1.567,-3.16,40.0,0.0492,-6.304,2.821,0.0,80.0,-3.8664,4.2032,INSUFFICIENT_DATA,,,INCONCLUSIVE,NOT_AVAILABLE,COMPLEX
massive_volume|ignition|hot,massive_volume,ignition,hot,38,medium,2.8938,3.13,65.79,2.2804,1.2074,4.5407,50.0,79.0132,0.7532,3.7461,INSUFFICIENT_DATA,,,INCONCLUSIVE,NOT_AVAILABLE,COMPLEX
massive_volume|ignition|warmup,massive_volume,ignition,warmup,39,medium,-0.4049,1.96,51.28,-1.2099,-2.7314,1.5959,35.8974,66.6667,-3.3399,0.8684,INSUFFICIENT_DATA,,,INCONCLUSIVE,NOT_AVAILABLE,COMPLEX
massive_volume|island_rev|hot,massive_volume,island_rev,hot,15,small,-0.2747,-0.84,46.67,-0.67,-2.5239,2.2021,20.0,73.3333,-2.4973,1.2958,INSUFFICIENT_DATA,,,INCONCLUSIVE,NOT_AVAILABLE,COMPLEX
massive_volume|island_rev|warmup,massive_volume,island_rev,warmup,8,small,-0.8775,-0.65,37.5,-0.9173,-2.5037,0.6902,12.1875,75.0,-2.288,0.4392,INSUFFICIENT_DATA,,,INCONCLUSIVE,NOT_AVAILABLE,COMPLEX
massive_volume|long_yang_seven|cooldown,massive_volume,long_yang_seven,cooldown,23,small,1.4713,2.6,73.91,2.1192,-1.6583,4.2135,52.1739,91.3043,-1.0117,4.6778,INSUFFICIENT_DATA,,,INCONCLUSIVE,NOT_AVAILABLE,COMPLEX
massive_volume|long_yang_seven|hot,massive_volume,long_yang_seven,hot,151,large,0.178,1.96,50.33,-0.09,-0.774,1.0523,42.3675,57.6159,-0.9891,0.6909,INSUFFICIENT_DATA,,,INCONCLUSIVE,NOT_AVAILABLE,COMPLEX
massive_volume|long_yang_seven|ice,massive_volume,long_yang_seven,ice,5,small,4.131,3.475,60.0,2.7004,0.695,7.567,20.0,100.0,0.7927,5.4125,INSUFFICIENT_DATA,,,INCONCLUSIVE,NOT_AVAILABLE,COMPLEX
massive_volume|long_yang_seven|warmup,massive_volume,long_yang_seven,warmup,123,large,0.8839,2.11,55.28,0.3294,-0.4109,2.1635,46.3415,64.2276,-0.8778,1.5366,INSUFFICIENT_DATA,,,INCONCLUSIVE,NOT_AVAILABLE,COMPLEX
massive_volume|lu_sniper|cooldown,massive_volume,lu_sniper,cooldown,4,small,7.285,7.43,100.0,9.4605,2.455,11.86,100.0,100.0,4.654,15.1452,INSUFFICIENT_DATA,,,INCONCLUSIVE,NOT_AVAILABLE,MODERATE
massive_volume|lu_sniper|hot,massive_volume,lu_sniper,hot,9,small,0.615,-1.26,44.44,-0.2779,-3.1796,4.8809,11.1111,77.7778,-3.753,3.7213,INSUFFICIENT_DATA,,,INCONCLUSIVE,NOT_AVAILABLE,COMPLEX
massive_volume|lu_sniper|ice,massive_volume,lu_sniper,ice,3,small,5.0567,0.0,33.33,5.2945,0.0,15.17,0.0,100.0,0.6777,14.528,INSUFFICIENT_DATA,,,INCONCLUSIVE,NOT_AVAILABLE,COMPLEX
massive_volume|lu_sniper|warmup,massive_volume,lu_sniper,warmup,20,small,3.101,2.645,65.0,2.0368,0.4111,5.8664,45.0,85.0,-0.4348,4.7921,INSUFFICIENT_DATA,,,INCONCLUSIVE,NOT_AVAILABLE,COMPLEX
massive_volume|ma5_monster|cooldown,massive_volume,ma5_monster,cooldown,17,small,1.9065,3.1,64.71,1.6817,-0.5037,4.2951,41.1765,88.2353,-0.4162,3.9346,INSUFFICIENT_DATA,,,INCONCLUSIVE,NOT_AVAILABLE,COMPLEX
massive_volume|ma5_monster|hot,massive_volume,ma5_monster,hot,108,large,-0.0481,-0.55,38.89,-0.7478,-0.6847,0.6565,30.5556,49.0741,-1.3393,-0.033,INSUFFICIENT_DATA,,,INCONCLUSIVE,NOT_AVAILABLE,COMPLEX
massive_volume|ma5_monster|ice,massive_volume,ma5_monster,ice,8,small,1.79,1.03,50.0,1.1945,-0.3888,4.5003,12.5,87.5,-0.9697,3.1392,INSUFFICIENT_DATA,,,INCONCLUSIVE,NOT_AVAILABLE,COMPLEX
massive_volume|ma5_monster|warmup,massive_volume,ma5_monster,warmup,85,medium,1.3493,1.77,54.12,0.346,0.3154,2.3863,43.5294,63.5294,-0.7334,1.5224,INSUFFICIENT_DATA,,,INCONCLUSIVE,NOT_AVAILABLE,COMPLEX
massive_volume|massive_vol|cooldown,massive_volume,massive_vol,cooldown,241,large,0.5129,2.14,54.77,0.9988,-0.4167,1.4974,48.5477,60.9959,0.0624,1.9688,STABLE_POSITIVE,1.4006,-0.0522,WEAK,NOT_AVAILABLE,COMPLEX
massive_volume|massive_vol|hot,massive_volume,massive_vol,hot,1630,large,0.4353,-0.205,49.02,0.0764,0.1762,0.6954,46.5644,51.5951,-0.1704,0.3125,STABLE_POSITIVE,0.8355,1.7618,MODERATE,NOT_AVAILABLE,COMPLEX
massive_volume|massive_vol|ice,massive_volume,massive_vol,ice,72,medium,1.8661,0.0,48.61,0.6932,0.8099,3.0463,38.8889,59.7222,-0.3851,1.8414,STABLE_POSITIVE,1.5529,1.05,MODERATE,NOT_AVAILABLE,COMPLEX
massive_volume|massive_vol|warmup,massive_volume,massive_vol,warmup,1404,large,0.725,1.96,52.92,0.2166,0.3854,1.0607,50.4274,55.7692,-0.0961,0.5403,STABLE_POSITIVE,0.7326,0.6005,MODERATE,NOT_AVAILABLE,COMPLEX
massive_volume|momentum|cooldown,massive_volume,momentum,cooldown,9,small,-3.9333,-4.4,22.22,-3.3821,-7.4345,-0.4055,0.0,55.5556,-7.4173,0.0867,INSUFFICIENT_DATA,,,INCONCLUSIVE,NOT_AVAILABLE,COMPLEX
massive_volume|momentum|hot,massive_volume,momentum,hot,54,medium,0.3581,1.1375,53.7,-0.3634,-0.7491,1.47,40.7407,66.6667,-1.3069,0.6419,INSUFFICIENT_DATA,,,INCONCLUSIVE,NOT_AVAILABLE,COMPLEX
massive_volume|momentum|ice,massive_volume,momentum,ice,5,small,-0.313,-0.37,40.0,-1.7244,-3.034,2.391,0.0,80.0,-4.0397,0.706,INSUFFICIENT_DATA,,,INCONCLUSIVE,NOT_AVAILABLE,COMPLEX
massive_volume|momentum|warmup,massive_volume,momentum,warmup,44,medium,0.5311,0.2125,50.0,-0.1147,-0.7503,1.6993,36.3636,63.6364,-1.3301,1.0844,INSUFFICIENT_DATA,,,INCONCLUSIVE,NOT_AVAILABLE,COMPLEX
massive_volume|old_duck|cooldown,massive_volume,old_duck,cooldown,181,large,0.9698,2.28,58.01,1.4249,-0.1371,2.17,50.2762,65.2072,0.2996,2.6194,INSUFFICIENT_DATA,,,INCONCLUSIVE,NOT_AVAILABLE,COMPLEX
massive_volume|old_duck|hot,massive_volume,old_duck,hot,1200,large,0.5999,0.68,50.5,0.3086,0.3164,0.9264,47.6667,53.5021,0.0261,0.6273,INSUFFICIENT_DATA,,,INCONCLUSIVE,NOT_AVAILABLE,COMPLEX
massive_volume|old_duck|ice,massive_volume,old_duck,ice,60,medium,2.231,1.76,51.67,1.0182,1.005,3.4929,38.3333,63.375,-0.1662,2.198,INSUFFICIENT_DATA,,,INCONCLUSIVE,NOT_AVAILABLE,COMPLEX
massive_volume|old_duck|warmup,massive_volume,old_duck,warmup,1088,large,0.6139,1.635,51.56,0.1564,0.2391,1.0006,48.7132,54.4118,-0.2179,0.5219,INSUFFICIENT_DATA,,,INCONCLUSIVE,NOT_AVAILABLE,COMPLEX
massive_volume|single_yang|cooldown,massive_volume,single_yang,cooldown,25,small,0.4968,2.57,60.0,0.7723,-2.2588,3.138,40.0,80.0,-2.1074,3.5105,INSUFFICIENT_DATA,,,INCONCLUSIVE,NOT_AVAILABLE,COMPLEX
massive_volume|single_yang|hot,massive_volume,single_yang,hot,165,large,0.5784,2.23,53.33,0.2291,-0.3851,1.5859,46.6515,60.6061,-0.7094,1.1231,INSUFFICIENT_DATA,,,INCONCLUSIVE,NOT_AVAILABLE,COMPLEX
massive_volume|single_yang|ice,massive_volume,single_yang,ice,8,small,3.135,3.07,50.0,0.6208,-1.1367,7.7653,12.5,87.5,-2.9625,4.6442,INSUFFICIENT_DATA,,,INCONCLUSIVE,NOT_AVAILABLE,COMPLEX
massive_volume|single_yang|warmup,massive_volume,single_yang,warmup,165,large,1.3255,2.12,54.55,0.9042,0.3376,2.3467,47.2727,63.0303,-0.0604,1.8602,INSUFFICIENT_DATA,,,INCONCLUSIVE,NOT_AVAILABLE,COMPLEX
massive_volume|t1_swing|cooldown,massive_volume,t1_swing,cooldown,191,large,0.7897,2.14,55.5,1.3926,-0.226,1.9742,49.2147,62.8272,0.3787,2.5518,INSUFFICIENT_DATA,,,INCONCLUSIVE,NOT_AVAILABLE,COMPLEX
massive_volume|t1_swing|hot,massive_volume,t1_swing,hot,1404,large,0.3748,-0.25,48.58,0.0113,0.0814,0.6847,45.9402,51.2108,-0.2636,0.3004,INSUFFICIENT_DATA,,,INCONCLUSIVE,NOT_AVAILABLE,COMPLEX
massive_volume|t1_swing|ice,massive_volume,t1_swing,ice,53,medium,0.9236,0.0,39.62,-0.2675,-0.2214,2.1118,26.4151,52.8302,-1.4296,0.8804,INSUFFICIENT_DATA,,,INCONCLUSIVE,NOT_AVAILABLE,COMPLEX
massive_volume|t1_swing|warmup,massive_volume,t1_swing,warmup,1109,large,0.6514,1.885,52.3,0.1046,0.275,1.049,49.3237,55.4554,-0.2713,0.4804,INSUFFICIENT_DATA,,,INCONCLUSIVE,NOT_AVAILABLE,COMPLEX
massive_volume|three_horse|cooldown,massive_volume,three_horse,cooldown,101,large,0.6817,2.38,56.44,1.2679,-0.9152,2.5127,46.5347,65.3465,-0.3178,3.0268,INSUFFICIENT_DATA,,,INCONCLUSIVE,NOT_AVAILABLE,COMPLEX
massive_volume|three_horse|hot,massive_volume,three_horse,hot,725,large,0.4859,-0.09,49.52,0.0636,0.0717,0.9138,45.931,53.3793,-0.3402,0.4647,INSUFFICIENT_DATA,,,INCONCLUSIVE,NOT_AVAILABLE,COMPLEX
massive_volume|three_horse|ice,massive_volume,three_horse,ice,31,medium,1.3055,0.0,45.16,-0.2524,-0.5929,3.186,29.0323,61.2903,-2.1506,1.5235,INSUFFICIENT_DATA,,,INCONCLUSIVE,NOT_AVAILABLE,COMPLEX
massive_volume|three_horse|warmup,massive_volume,three_horse,warmup,559,large,0.7604,1.99,52.06,0.2153,0.2161,1.2678,47.9428,56.1717,-0.3428,0.7322,INSUFFICIENT_DATA,,,INCONCLUSIVE,NOT_AVAILABLE,COMPLEX
massive_volume|trend|cooldown,massive_volume,trend,cooldown,1,small,3.51,3.51,100.0,3.4633,,,,,,,INSUFFICIENT_DATA,,,INCONCLUSIVE,NOT_AVAILABLE,COMPLEX
massive_volume|trend|hot,massive_volume,trend,hot,17,small,2.1559,0.49,52.94,1.1359,-0.32,4.9128,29.4118,76.4706,-1.1813,3.8514,INSUFFICIENT_DATA,,,INCONCLUSIVE,NOT_AVAILABLE,COMPLEX
massive_volume|trend|ice,massive_volume,trend,ice,1,small,-3.38,-3.38,0.0,-5.612,,,,,,,INSUFFICIENT_DATA,,,INCONCLUSIVE,NOT_AVAILABLE,COMPLEX
massive_volume|trend|warmup,massive_volume,trend,warmup,9,small,-0.8406,-2.02,44.44,-1.3398,-4.9033,3.1883,11.1111,77.7778,-5.9668,2.4684,INSUFFICIENT_DATA,,,INCONCLUSIVE,NOT_AVAILABLE,COMPLEX
momentum_breakout|breakout|cooldown,momentum_breakout,breakout,cooldown,289,large,0.65,-0.045,49.83,1.7328,-0.1631,1.4203,43.5986,55.7093,0.948,2.4754,STABLE_POSITIVE,1.3951,-0.2426,WEAK,NOT_AVAILABLE,COMPLEX
momentum_breakout|breakout|hot,momentum_breakout,breakout,hot,1361,large,0.2131,-0.43,47.98,-0.0366,-0.1004,0.5406,45.4813,50.6245,-0.3427,0.2653,STABLE_POSITIVE,0.7322,1.7339,WEAK,NOT_AVAILABLE,COMPLEX
momentum_breakout|breakout|ice,momentum_breakout,breakout,ice,85,medium,0.2536,0.0,41.18,-0.8739,-0.8603,1.3924,30.5882,51.7647,-1.9638,0.2679,STABLE_POSITIVE,1.9894,4.7621,WEAK,NOT_AVAILABLE,COMPLEX
momentum_breakout|breakout|warmup,momentum_breakout,breakout,warmup,1352,large,0.8318,2.095,53.85,0.1335,0.4472,1.1947,51.1834,56.6587,-0.221,0.4874,STABLE_POSITIVE,0.6965,0.2074,MODERATE,NOT_AVAILABLE,COMPLEX
momentum_breakout|divine_explorer|cooldown,momentum_breakout,divine_explorer,cooldown,2,small,-2.01,-2.01,50.0,-0.582,-6.08,2.06,0.0,100.0,-4.3983,3.2342,INSUFFICIENT_DATA,,,INCONCLUSIVE,NOT_AVAILABLE,COMPLEX
momentum_breakout|divine_explorer|hot,momentum_breakout,divine_explorer,hot,4,small,0.6425,1.04,50.0,-0.1857,-1.115,2.5,0.0,100.0,-2.6849,2.6739,INSUFFICIENT_DATA,,,INCONCLUSIVE,NOT_AVAILABLE,COMPLEX
momentum_breakout|divine_explorer|warmup,momentum_breakout,divine_explorer,warmup,9,small,-0.0317,-0.91,33.33,-1.8864,-1.6112,1.641,0.0,66.6667,-3.7041,0.1705,INSUFFICIENT_DATA,,,INCONCLUSIVE,NOT_AVAILABLE,COMPLEX
momentum_breakout|fairy_guide|cooldown,momentum_breakout,fairy_guide,cooldown,5,small,-2.08,-5.33,40.0,-2.0495,-8.034,3.938,0.0,80.0,-8.8565,4.7575,INSUFFICIENT_DATA,,,INCONCLUSIVE,NOT_AVAILABLE,COMPLEX
momentum_breakout|fairy_guide|hot,momentum_breakout,fairy_guide,hot,11,small,3.9605,5.63,81.82,2.8516,-0.9243,8.1955,54.5455,100.0,-1.7468,6.8293,INSUFFICIENT_DATA,,,INCONCLUSIVE,NOT_AVAILABLE,COMPLEX
momentum_breakout|fairy_guide|ice,momentum_breakout,fairy_guide,ice,2,small,4.305,4.305,50.0,4.0829,0.0,8.61,0.0,100.0,0.6777,7.488,INSUFFICIENT_DATA,,,INCONCLUSIVE,NOT_AVAILABLE,COMPLEX
momentum_breakout|fairy_guide|warmup,momentum_breakout,fairy_guide,warmup,19,small,6.7084,7.48,78.95,5.4189,-0.453,13.6946,57.8947,94.7368,-1.8681,12.6323,INSUFFICIENT_DATA,,,INCONCLUSIVE,NOT_AVAILABLE,COMPLEX
momentum_breakout|fake_yin|cooldown,momentum_breakout,fake_yin,cooldown,3,small,-1.1267,-1.16,0.0,-1.9768,-1.19,-1.03,0.0,0.0,-4.3444,0.6173,INSUFFICIENT_DATA,,,INCONCLUSIVE,NOT_AVAILABLE,COMPLEX
momentum_breakout|fake_yin|hot,momentum_breakout,fake_yin,hot,34,medium,-1.0749,-1.23,26.47,-1.5348,-1.9462,-0.1499,11.7647,41.1765,-2.2938,-0.7412,INSUFFICIENT_DATA,,,INCONCLUSIVE,NOT_AVAILABLE,COMPLEX
momentum_breakout|fake_yin|ice,momentum_breakout,fake_yin,ice,13,small,0.7365,1.91,53.85,-0.7866,-0.8502,2.2414,30.7692,76.9231,-2.6467,1.1831,INSUFFICIENT_DATA,,,INCONCLUSIVE,NOT_AVAILABLE,COMPLEX
momentum_breakout|fake_yin|warmup,momentum_breakout,fake_yin,warmup,23,small,-0.7322,-1.26,34.78,-0.9945,-2.1809,0.7857,17.3913,52.2826,-2.723,0.6848,INSUFFICIENT_DATA,,,INCONCLUSIVE,NOT_AVAILABLE,COMPLEX
momentum_breakout|gap_proof|cooldown,momentum_breakout,gap_proof,cooldown,195,large,0.4234,-0.3,47.18,1.7968,-0.4249,1.234,40.0,54.359,1.0183,2.589,INSUFFICIENT_DATA,,,INCONCLUSIVE,NOT_AVAILABLE,COMPLEX
momentum_breakout|gap_proof|hot,momentum_breakout,gap_proof,hot,992,large,0.2552,-0.53,46.98,-0.0462,-0.1241,0.6225,43.9516,50.2016,-0.3886,0.292,INSUFFICIENT_DATA,,,INCONCLUSIVE,NOT_AVAILABLE,COMPLEX
momentum_breakout|gap_proof|ice,momentum_breakout,gap_proof,ice,52,medium,1.1756,0.0,46.15,0.1627,-0.2504,2.8001,32.6923,59.6154,-1.3082,1.7647,INSUFFICIENT_DATA,,,INCONCLUSIVE,NOT_AVAILABLE,COMPLEX
momentum_breakout|gap_proof|warmup,momentum_breakout,gap_proof,warmup,895,large,0.7158,2.0,53.07,-0.0203,0.3019,1.1216,49.7207,56.0894,-0.4326,0.3712,INSUFFICIENT_DATA,,,INCONCLUSIVE,NOT_AVAILABLE,COMPLEX
momentum_breakout|golden_cross|cooldown,momentum_breakout,golden_cross,cooldown,25,small,4.2688,3.4,72.0,4.9653,1.3076,7.3662,52.0,88.0,2.1802,7.8284,INSUFFICIENT_DATA,,,INCONCLUSIVE,NOT_AVAILABLE,COMPLEX
momentum_breakout|golden_cross|hot,momentum_breakout,golden_cross,hot,103,large,-0.0194,-0.53,44.66,-0.152,-1.3174,1.261,34.9515,54.3689,-1.2995,1.0365,INSUFFICIENT_DATA,,,INCONCLUSIVE,NOT_AVAILABLE,COMPLEX
momentum_breakout|golden_cross|ice,momentum_breakout,golden_cross,ice,2,small,-7.17,-7.17,0.0,-6.1375,-14.34,0.0,0.0,0.0,-12.9527,0.6777,INSUFFICIENT_DATA,,,INCONCLUSIVE,NOT_AVAILABLE,COMPLEX
momentum_breakout|golden_cross|warmup,momentum_breakout,golden_cross,warmup,96,medium,1.9471,3.135,61.46,1.5788,0.6714,3.3186,51.0417,70.8594,0.3471,2.8907,INSUFFICIENT_DATA,,,INCONCLUSIVE,NOT_AVAILABLE,COMPLEX
momentum_breakout|island_rev|hot,momentum_breakout,island_rev,hot,15,small,2.1613,3.59,73.33,1.4749,-0.5687,4.5334,53.3333,93.3333,-1.2664,3.8494,INSUFFICIENT_DATA,,,INCONCLUSIVE,NOT_AVAILABLE,COMPLEX
momentum_breakout|island_rev|warmup,momentum_breakout,island_rev,warmup,14,small,2.195,0.96,50.0,1.0094,-1.5872,7.1531,21.4286,78.5714,-2.3415,5.5137,INSUFFICIENT_DATA,,,INCONCLUSIVE,NOT_AVAILABLE,COMPLEX
momentum_breakout|long_yang_seven|cooldown,momentum_breakout,long_yang_seven,cooldown,19,small,0.5253,2.58,57.89,0.9346,-3.4368,4.6905,36.8421,78.9474,-2.7623,4.6098,INSUFFICIENT_DATA,,,INCONCLUSIVE,NOT_AVAILABLE,COMPLEX
momentum_breakout|long_yang_seven|hot,momentum_breakout,long_yang_seven,hot,75,medium,0.7987,2.37,57.33,0.6542,-0.6882,2.4054,46.6667,68.0,-0.7606,2.1544,INSUFFICIENT_DATA,,,INCONCLUSIVE,NOT_AVAILABLE,COMPLEX
momentum_breakout|long_yang_seven|ice,momentum_breakout,long_yang_seven,ice,6,small,0.0392,-0.2375,50.0,-0.5452,-8.9658,10.2817,16.6667,83.3333,-8.4902,8.4717,INSUFFICIENT_DATA,,,INCONCLUSIVE,NOT_AVAILABLE,COMPLEX
momentum_breakout|long_yang_seven|warmup,momentum_breakout,long_yang_seven,warmup,83,medium,-0.222,-0.62,48.19,-0.6511,-2.1582,1.7896,37.3494,59.0361,-2.6095,1.4131,INSUFFICIENT_DATA,,,INCONCLUSIVE,NOT_AVAILABLE,COMPLEX
momentum_breakout|lotus|cooldown,momentum_breakout,lotus,cooldown,99,medium,2.0798,3.09,64.65,2.2557,0.4512,3.6154,54.5455,73.7374,0.6585,3.6743,INSUFFICIENT_DATA,,,INCONCLUSIVE,NOT_AVAILABLE,COMPLEX
momentum_breakout|lotus|hot,momentum_breakout,lotus,hot,425,large,0.7045,2.02,50.82,0.4802,0.0403,1.346,46.1176,55.2941,-0.1486,1.0978,INSUFFICIENT_DATA,,,INCONCLUSIVE,NOT_AVAILABLE,COMPLEX
momentum_breakout|lotus|ice,momentum_breakout,lotus,ice,28,small,0.3948,0.0,46.43,-0.1802,-2.0337,2.5228,28.5714,64.2857,-2.5076,1.8902,INSUFFICIENT_DATA,,,INCONCLUSIVE,NOT_AVAILABLE,COMPLEX
momentum_breakout|lotus|warmup,momentum_breakout,lotus,warmup,495,large,1.069,2.34,56.77,0.4816,0.3321,1.8228,52.5253,61.4141,-0.207,1.2153,INSUFFICIENT_DATA,,,INCONCLUSIVE,NOT_AVAILABLE,COMPLEX
momentum_breakout|ma5_monster|cooldown,momentum_breakout,ma5_monster,cooldown,4,small,-1.88,-1.845,0.0,-0.0131,-2.9,-0.86,0.0,0.0,-1.619,2.0166,INSUFFICIENT_DATA,,,INCONCLUSIVE,NOT_AVAILABLE,COMPLEX
momentum_breakout|ma5_monster|hot,momentum_breakout,ma5_monster,hot,34,medium,-0.4094,-0.635,38.24,-0.9958,-1.1912,0.3884,23.5294,55.8824,-1.6911,-0.2642,INSUFFICIENT_DATA,,,INCONCLUSIVE,NOT_AVAILABLE,COMPLEX
momentum_breakout|ma5_monster|ice,momentum_breakout,ma5_monster,ice,2,small,0.93,0.93,50.0,0.8835,-2.12,3.98,0.0,100.0,-3.292,5.059,INSUFFICIENT_DATA,,,INCONCLUSIVE,NOT_AVAILABLE,COMPLEX
momentum_breakout|ma5_monster|warmup,momentum_breakout,ma5_monster,warmup,34,medium,-0.1437,-1.005,32.35,-1.3966,-1.5426,1.2437,17.6471,47.0588,-2.6885,-0.1482,INSUFFICIENT_DATA,,,INCONCLUSIVE,NOT_AVAILABLE,COMPLEX
momentum_breakout|massive_vol|cooldown,momentum_breakout,massive_vol,cooldown,32,medium,-0.1105,2.185,53.12,1.5176,-2.8762,2.4147,37.5,68.75,-0.9387,3.9024,INSUFFICIENT_DATA,,,INCONCLUSIVE,NOT_AVAILABLE,COMPLEX
momentum_breakout|massive_vol|hot,momentum_breakout,massive_vol,hot,235,large,-0.2425,-0.67,45.53,-0.4395,-1.0541,0.5058,39.1489,52.3404,-1.1879,0.2465,INSUFFICIENT_DATA,,,INCONCLUSIVE,NOT_AVAILABLE,COMPLEX
momentum_breakout|massive_vol|ice,momentum_breakout,massive_vol,ice,14,small,-0.5611,0.0,21.43,-1.4794,-2.7744,1.6873,7.1429,42.8571,-4.0818,0.9304,INSUFFICIENT_DATA,,,INCONCLUSIVE,NOT_AVAILABLE,COMPLEX
momentum_breakout|massive_vol|warmup,momentum_breakout,massive_vol,warmup,198,large,0.2512,1.98,52.53,-0.3033,-0.7174,1.1789,45.4419,59.596,-1.2109,0.5438,INSUFFICIENT_DATA,,,INCONCLUSIVE,NOT_AVAILABLE,COMPLEX
momentum_breakout|old_duck|cooldown,momentum_breakout,old_duck,cooldown,232,large,0.6084,-0.0575,49.57,1.6302,-0.1634,1.4296,43.5345,56.0345,0.807,2.4411,INSUFFICIENT_DATA,,,INCONCLUSIVE,NOT_AVAILABLE,COMPLEX
momentum_breakout|old_duck|hot,momentum_breakout,old_duck,hot,1109,large,0.4295,-0.02,49.95,0.172,0.0782,0.8122,46.9793,52.9306,-0.1613,0.5259,INSUFFICIENT_DATA,,,INCONCLUSIVE,NOT_AVAILABLE,COMPLEX
momentum_breakout|old_duck|ice,momentum_breakout,old_duck,ice,69,medium,0.601,0.0,39.13,-0.4737,-0.5628,1.9175,27.5362,50.7246,-1.7079,0.8453,INSUFFICIENT_DATA,,,INCONCLUSIVE,NOT_AVAILABLE,COMPLEX
momentum_breakout|old_duck|warmup,momentum_breakout,old_duck,warmup,1125,large,0.9181,2.14,53.6,0.1684,0.5233,1.351,50.6667,56.6222,-0.205,0.6085,INSUFFICIENT_DATA,,,INCONCLUSIVE,NOT_AVAILABLE,COMPLEX
momentum_breakout|single_yang|cooldown,momentum_breakout,single_yang,cooldown,12,small,-0.0792,-0.825,41.67,1.9284,-3.0459,2.8945,16.6667,66.6667,-1.2139,4.6075,INSUFFICIENT_DATA,,,INCONCLUSIVE,NOT_AVAILABLE,COMPLEX
momentum_breakout|single_yang|hot,momentum_breakout,single_yang,hot,71,medium,0.2355,-0.26,47.89,-0.0568,-0.9919,1.4782,36.6197,60.5634,-1.2161,1.1166,INSUFFICIENT_DATA,,,INCONCLUSIVE,NOT_AVAILABLE,COMPLEX
momentum_breakout|single_yang|ice,momentum_breakout,single_yang,ice,1,small,-4.29,-4.29,0.0,-5.3098,,,,,,,INSUFFICIENT_DATA,,,INCONCLUSIVE,NOT_AVAILABLE,COMPLEX
momentum_breakout|single_yang|warmup,momentum_breakout,single_yang,warmup,45,medium,2.4432,3.75,71.11,1.3558,0.8106,4.0441,57.7778,82.2222,-0.2642,3.0603,INSUFFICIENT_DATA,,,INCONCLUSIVE,NOT_AVAILABLE,COMPLEX
momentum_breakout|t1_swing|cooldown,momentum_breakout,t1_swing,cooldown,283,large,0.6411,-0.045,49.82,1.7497,-0.1515,1.4918,44.1696,55.4859,1.0029,2.5795,INSUFFICIENT_DATA,,,INCONCLUSIVE,NOT_AVAILABLE,COMPLEX
momentum_breakout|t1_swing|hot,momentum_breakout,t1_swing,hot,1356,large,0.211,-0.44,47.94,-0.0363,-0.1114,0.541,45.2046,50.7375,-0.3321,0.282,INSUFFICIENT_DATA,,,INCONCLUSIVE,NOT_AVAILABLE,COMPLEX
momentum_breakout|t1_swing|ice,momentum_breakout,t1_swing,ice,83,medium,0.3208,0.0,40.96,-0.8237,-0.7602,1.4864,30.1205,51.8072,-1.9002,0.2996,INSUFFICIENT_DATA,,,INCONCLUSIVE,NOT_AVAILABLE,COMPLEX
momentum_breakout|t1_swing|warmup,momentum_breakout,t1_swing,warmup,1335,large,0.8078,2.09,53.78,0.1118,0.4261,1.1815,51.0112,56.4064,-0.2927,0.4749,INSUFFICIENT_DATA,,,INCONCLUSIVE,NOT_AVAILABLE,COMPLEX
momentum_breakout|three_horse|cooldown,momentum_breakout,three_horse,cooldown,130,large,0.9726,-0.095,49.23,1.8092,-0.205,2.131,40.7692,58.4615,0.7196,2.8671,INSUFFICIENT_DATA,,,INCONCLUSIVE,NOT_AVAILABLE,COMPLEX
momentum_breakout|three_horse|hot,momentum_breakout,three_horse,hot,641,large,0.1078,-0.78,45.87,-0.1399,-0.4224,0.6284,42.1217,49.922,-0.6411,0.3766,INSUFFICIENT_DATA,,,INCONCLUSIVE,NOT_AVAILABLE,COMPLEX
momentum_breakout|three_horse|ice,momentum_breakout,three_horse,ice,49,medium,-0.2879,0.0,34.69,-1.4707,-1.7366,1.2728,22.449,48.9796,-3.0342,0.1782,INSUFFICIENT_DATA,,,INCONCLUSIVE,NOT_AVAILABLE,COMPLEX
momentum_breakout|three_horse|warmup,momentum_breakout,three_horse,warmup,624,large,0.7989,2.065,52.56,0.1382,0.2203,1.366,48.8782,56.254,-0.4502,0.7016,INSUFFICIENT_DATA,,,INCONCLUSIVE,NOT_AVAILABLE,COMPLEX
momentum_v5|breakout|cooldown,momentum_v5,breakout,cooldown,2176,large,0.7695,2.05,54.92,1.3007,0.4585,1.0702,52.9389,56.9393,1.027,1.5896,STABLE_POSITIVE,2.1924,0.3613,STRONG,NOT_AVAILABLE,COMPLEX
momentum_v5|breakout|hot,momentum_v5,breakout,hot,9234,large,0.6844,1.1125,51.57,0.3802,0.5676,0.8058,50.5845,52.6207,0.2647,0.4886,STABLE_POSITIVE,1.0518,1.421,STRONG,NOT_AVAILABLE,COMPLEX
momentum_v5|breakout|ice,momentum_v5,breakout,ice,598,large,1.3875,0.0,49.5,0.3947,0.9982,1.797,45.6522,53.5117,0.0062,0.7981,STABLE_POSITIVE,2.0186,2.819,STRONG,NOT_AVAILABLE,COMPLEX
momentum_v5|breakout|warmup,momentum_v5,breakout,warmup,10423,large,0.7651,1.985,54.56,0.1448,0.643,0.8894,53.6602,55.5217,0.027,0.2702,STABLE_POSITIVE,0.8044,0.465,STRONG,NOT_AVAILABLE,COMPLEX
momentum_v5|divine_explorer|cooldown,momentum_v5,divine_explorer,cooldown,47,medium,1.1483,2.03,57.45,1.6739,-0.5927,3.1546,44.6809,70.2128,-0.1269,3.8059,INSUFFICIENT_DATA,,,INCONCLUSIVE,NOT_AVAILABLE,COMPLEX
momentum_v5|divine_explorer|hot,momentum_v5,divine_explorer,hot,130,large,-0.4994,-1.1975,38.46,-0.9398,-1.1314,0.0879,30.0,46.9231,-1.5234,-0.3397,INSUFFICIENT_DATA,,,INCONCLUSIVE,NOT_AVAILABLE,COMPLEX
momentum_v5|divine_explorer|ice,momentum_v5,divine_explorer,ice,18,small,1.29,0.0,44.44,-0.1513,-0.0481,2.6343,22.2222,66.6667,-1.749,1.5441,INSUFFICIENT_DATA,,,INCONCLUSIVE,NOT_AVAILABLE,COMPLEX
momentum_v5|divine_explorer|warmup,momentum_v5,divine_explorer,warmup,232,large,-0.0954,-0.6375,46.12,-0.6393,-0.7323,0.6242,40.0862,52.5862,-1.2702,0.0536,INSUFFICIENT_DATA,,,INCONCLUSIVE,NOT_AVAILABLE,COMPLEX
momentum_v5|fairy_guide|cooldown,momentum_v5,fairy_guide,cooldown,7,small,0.2943,2.45,57.14,-0.1412,-5.2683,5.673,14.2857,85.7143,-5.7287,5.3369,INSUFFICIENT_DATA,,,INCONCLUSIVE,NOT_AVAILABLE,COMPLEX
momentum_v5|fairy_guide|hot,momentum_v5,fairy_guide,hot,37,medium,0.8265,3.07,59.46,0.3418,-1.9648,3.5636,43.2432,75.6757,-2.2943,2.9764,INSUFFICIENT_DATA,,,INCONCLUSIVE,NOT_AVAILABLE,COMPLEX
momentum_v5|fairy_guide|ice,momentum_v5,fairy_guide,ice,3,small,5.0,6.39,66.67,3.8451,0.0,8.61,0.0,100.0,0.6777,7.488,INSUFFICIENT_DATA,,,INCONCLUSIVE,NOT_AVAILABLE,COMPLEX
momentum_v5|fairy_guide|warmup,momentum_v5,fairy_guide,warmup,52,medium,3.5295,3.51,69.23,2.9208,0.4029,6.4003,57.6923,80.7692,-0.1521,5.7875,INSUFFICIENT_DATA,,,INCONCLUSIVE,NOT_AVAILABLE,COMPLEX
momentum_v5|fake_yin|cooldown,momentum_v5,fake_yin,cooldown,182,large,0.6731,2.055,55.49,0.8174,-0.1644,1.4401,47.8022,63.1868,-0.086,1.6427,INSUFFICIENT_DATA,,,INCONCLUSIVE,NOT_AVAILABLE,COMPLEX
momentum_v5|fake_yin|hot,momentum_v5,fake_yin,hot,760,large,0.3289,-0.54,46.32,0.0352,0.0153,0.6818,42.7632,50.1349,-0.2678,0.3827,INSUFFICIENT_DATA,,,INCONCLUSIVE,NOT_AVAILABLE,COMPLEX
momentum_v5|fake_yin|ice,momentum_v5,fake_yin,ice,127,large,0.8826,0.0,41.73,0.0229,0.3644,1.4536,33.8583,50.3937,-0.5683,0.6316,INSUFFICIENT_DATA,,,INCONCLUSIVE,NOT_AVAILABLE,COMPLEX
momentum_v5|fake_yin|warmup,momentum_v5,fake_yin,warmup,733,large,0.3069,-0.14,49.8,-0.3471,-0.0904,0.673,46.2483,53.0696,-0.7368,0.0264,INSUFFICIENT_DATA,,,INCONCLUSIVE,NOT_AVAILABLE,COMPLEX
momentum_v5|gap_proof|cooldown,momentum_v5,gap_proof,cooldown,1642,large,0.3424,1.7475,53.29,1.0771,0.052,0.6358,50.8526,55.6638,0.808,1.3849,INSUFFICIENT_DATA,,,INCONCLUSIVE,NOT_AVAILABLE,COMPLEX
momentum_v5|gap_proof|hot,momentum_v5,gap_proof,hot,7843,large,0.5579,0.41,50.8,0.1701,0.4402,0.672,49.7896,51.881,0.0626,0.2805,INSUFFICIENT_DATA,,,INCONCLUSIVE,NOT_AVAILABLE,COMPLEX
momentum_v5|gap_proof|ice,momentum_v5,gap_proof,ice,479,large,1.6228,0.64,51.77,0.4327,1.2203,2.0372,47.3904,56.1587,0.041,0.8313,INSUFFICIENT_DATA,,,INCONCLUSIVE,NOT_AVAILABLE,COMPLEX
momentum_v5|gap_proof|warmup,momentum_v5,gap_proof,warmup,8224,large,0.637,1.8,54.94,-0.0595,0.513,0.7636,53.8789,56.0071,-0.177,0.0639,INSUFFICIENT_DATA,,,INCONCLUSIVE,NOT_AVAILABLE,COMPLEX
momentum_v5|golden_cross|cooldown,momentum_v5,golden_cross,cooldown,200,large,-0.096,1.785,51.5,0.9639,-1.0289,0.923,45.0,58.5,0.0699,1.9255,INSUFFICIENT_DATA,,,INCONCLUSIVE,NOT_AVAILABLE,COMPLEX
momentum_v5|golden_cross|hot,momentum_v5,golden_cross,hot,770,large,0.8967,1.155,51.82,0.7137,0.4817,1.3008,48.5714,55.3279,0.3349,1.0941,INSUFFICIENT_DATA,,,INCONCLUSIVE,NOT_AVAILABLE,COMPLEX
momentum_v5|golden_cross|ice,momentum_v5,golden_cross,ice,32,medium,0.2211,0.1,50.0,-0.6433,-2.1122,2.0427,31.25,65.625,-2.8499,1.0084,INSUFFICIENT_DATA,,,INCONCLUSIVE,NOT_AVAILABLE,COMPLEX
momentum_v5|golden_cross|warmup,momentum_v5,golden_cross,warmup,769,large,1.0022,2.08,57.22,0.3964,0.519,1.4976,53.5761,60.8583,-0.0452,0.8589,INSUFFICIENT_DATA,,,INCONCLUSIVE,NOT_AVAILABLE,COMPLEX
momentum_v5|ignition|cooldown,momentum_v5,ignition,cooldown,152,large,-0.2626,2.015,52.63,-0.0774,-1.3928,0.801,44.7368,59.8684,-1.1115,0.9108,SIGN_FLIP,2.4876,0.3989,INCONCLUSIVE,NOT_AVAILABLE,COMPLEX
momentum_v5|ignition|hot,momentum_v5,ignition,hot,839,large,1.2633,2.05,60.31,0.5929,0.8977,1.6481,56.9726,63.8856,0.2222,0.9554,STABLE_POSITIVE,0.6074,1.1148,STRONG,NOT_AVAILABLE,COMPLEX
momentum_v5|ignition|ice,momentum_v5,ignition,ice,43,medium,1.5528,1.95,55.81,0.0247,-0.2632,3.3121,41.8605,69.7674,-1.7824,1.6589,STABLE_POSITIVE,4.6737,3.765,WEAK,NOT_AVAILABLE,COMPLEX
momentum_v5|ignition|warmup,momentum_v5,ignition,warmup,1086,large,0.9339,2.1525,59.94,0.2095,0.5197,1.3476,57.1823,62.8936,-0.1555,0.595,STABLE_POSITIVE,1.3412,0.2753,MODERATE,NOT_AVAILABLE,COMPLEX
momentum_v5|island_rev|cooldown,momentum_v5,island_rev,cooldown,6,small,-5.8183,-6.48,16.67,-4.9746,-10.7102,-0.181,0.0,50.0,-8.2779,-0.9612,INSUFFICIENT_DATA,,,INCONCLUSIVE,NOT_AVAILABLE,COMPLEX
momentum_v5|island_rev|hot,momentum_v5,island_rev,hot,101,large,0.8237,2.23,56.44,0.4508,-0.2774,1.8537,46.5347,66.3366,-0.4886,1.4741,INSUFFICIENT_DATA,,,INCONCLUSIVE,NOT_AVAILABLE,COMPLEX
momentum_v5|island_rev|warmup,momentum_v5,island_rev,warmup,71,medium,0.1196,-0.87,45.07,-0.7015,-1.2262,1.5997,33.8028,56.338,-2.0445,0.8562,INSUFFICIENT_DATA,,,INCONCLUSIVE,NOT_AVAILABLE,COMPLEX
momentum_v5|long_yang_seven|cooldown,momentum_v5,long_yang_seven,cooldown,112,large,1.0231,2.535,59.82,2.0519,-0.3553,2.4283,50.8929,68.75,0.7948,3.3061,INSUFFICIENT_DATA,,,INCONCLUSIVE,NOT_AVAILABLE,COMPLEX
momentum_v5|long_yang_seven|hot,momentum_v5,long_yang_seven,hot,504,large,1.2902,2.345,57.94,0.9653,0.7282,1.8753,53.5665,62.1032,0.4337,1.5242,INSUFFICIENT_DATA,,,INCONCLUSIVE,NOT_AVAILABLE,COMPLEX
momentum_v5|long_yang_seven|ice,momentum_v5,long_yang_seven,ice,25,small,2.4696,2.25,52.0,1.275,-1.1218,6.3258,32.0,72.0,-2.0285,4.9395,INSUFFICIENT_DATA,,,INCONCLUSIVE,NOT_AVAILABLE,COMPLEX
momentum_v5|long_yang_seven|warmup,momentum_v5,long_yang_seven,warmup,531,large,0.6545,2.27,56.12,0.0734,0.003,1.2344,51.9727,59.887,-0.5328,0.6365,INSUFFICIENT_DATA,,,INCONCLUSIVE,NOT_AVAILABLE,COMPLEX
momentum_v5|lotus|cooldown,momentum_v5,lotus,cooldown,345,large,0.7299,2.33,56.52,1.0274,-0.1362,1.5538,51.587,61.4565,0.1678,1.8734,INSUFFICIENT_DATA,,,INCONCLUSIVE,NOT_AVAILABLE,COMPLEX
momentum_v5|lotus|hot,momentum_v5,lotus,hot,1252,large,0.8338,2.115,53.59,0.6227,0.4587,1.2055,50.8766,56.3898,0.2655,0.9773,INSUFFICIENT_DATA,,,INCONCLUSIVE,NOT_AVAILABLE,COMPLEX
momentum_v5|lotus|ice,momentum_v5,lotus,ice,76,medium,2.0847,1.89,51.32,1.186,0.6498,3.6574,40.7895,63.1579,-0.2113,2.628,INSUFFICIENT_DATA,,,INCONCLUSIVE,NOT_AVAILABLE,COMPLEX
momentum_v5|lotus|warmup,momentum_v5,lotus,warmup,1632,large,1.0084,2.33,57.29,0.4122,0.6297,1.3717,54.902,59.4378,0.0659,0.756,INSUFFICIENT_DATA,,,INCONCLUSIVE,NOT_AVAILABLE,COMPLEX
momentum_v5|lu_sniper|cooldown,momentum_v5,lu_sniper,cooldown,84,medium,2.623,3.0375,64.29,2.4172,1.0495,4.1985,53.5714,73.8095,0.8497,3.9853,INSUFFICIENT_DATA,,,INCONCLUSIVE,NOT_AVAILABLE,COMPLEX
momentum_v5|lu_sniper|hot,momentum_v5,lu_sniper,hot,185,large,1.7775,2.28,62.7,1.3089,0.9363,2.6474,56.2162,69.2027,0.4744,2.1394,INSUFFICIENT_DATA,,,INCONCLUSIVE,NOT_AVAILABLE,COMPLEX
momentum_v5|lu_sniper|ice,momentum_v5,lu_sniper,ice,26,small,2.4267,2.825,53.85,1.8982,-0.2461,5.3568,34.6154,73.0769,-1.0623,5.0189,INSUFFICIENT_DATA,,,INCONCLUSIVE,NOT_AVAILABLE,COMPLEX
momentum_v5|lu_sniper|warmup,momentum_v5,lu_sniper,warmup,338,large,0.9995,2.19,57.1,0.4558,0.2886,1.7134,52.071,62.426,-0.2377,1.1408,INSUFFICIENT_DATA,,,INCONCLUSIVE,NOT_AVAILABLE,COMPLEX
momentum_v5|ma5_monster|cooldown,momentum_v5,ma5_monster,cooldown,176,large,0.6217,1.0675,51.7,0.4756,-0.1922,1.4112,44.3182,58.5227,-0.2763,1.2509,INSUFFICIENT_DATA,,,INCONCLUSIVE,NOT_AVAILABLE,COMPLEX
momentum_v5|ma5_monster|hot,momentum_v5,ma5_monster,hot,692,large,0.2389,-0.54,43.35,-0.3393,-0.1084,0.5969,39.5954,47.1098,-0.6605,-0.0114,INSUFFICIENT_DATA,,,INCONCLUSIVE,NOT_AVAILABLE,COMPLEX
momentum_v5|ma5_monster|ice,momentum_v5,ma5_monster,ice,85,medium,0.626,0.0,43.53,0.5723,-0.2349,1.4852,32.9412,52.9706,-0.3512,1.4992,INSUFFICIENT_DATA,,,INCONCLUSIVE,NOT_AVAILABLE,COMPLEX
momentum_v5|ma5_monster|warmup,momentum_v5,ma5_monster,warmup,730,large,0.6244,-0.0525,49.32,-0.34,0.2567,0.9999,45.7534,52.7432,-0.7128,0.031,INSUFFICIENT_DATA,,,INCONCLUSIVE,NOT_AVAILABLE,COMPLEX
momentum_v5|massive_vol|cooldown,momentum_v5,massive_vol,cooldown,207,large,0.7156,2.21,55.56,1.3211,-0.2854,1.7496,49.2633,62.3188,0.275,2.4035,INSUFFICIENT_DATA,,,INCONCLUSIVE,NOT_AVAILABLE,COMPLEX
momentum_v5|massive_vol|hot,momentum_v5,massive_vol,hot,1400,large,0.4319,-0.23,48.86,0.0952,0.1376,0.73,46.2857,51.5,-0.1774,0.3775,INSUFFICIENT_DATA,,,INCONCLUSIVE,NOT_AVAILABLE,COMPLEX
momentum_v5|massive_vol|ice,momentum_v5,massive_vol,ice,60,medium,1.3113,0.0,46.67,0.0806,0.1759,2.5034,33.3333,60.0,-1.0779,1.1805,INSUFFICIENT_DATA,,,INCONCLUSIVE,NOT_AVAILABLE,COMPLEX
momentum_v5|massive_vol|warmup,momentum_v5,massive_vol,warmup,1179,large,0.6247,1.905,51.91,0.1324,0.2649,0.9831,49.1073,54.7922,-0.2214,0.4692,INSUFFICIENT_DATA,,,INCONCLUSIVE,NOT_AVAILABLE,COMPLEX
momentum_v5|momentum|cooldown,momentum_v5,momentum,cooldown,199,large,-0.3693,0.32,50.25,0.4031,-0.9977,0.3154,43.7186,57.2864,-0.2602,1.1308,SIGN_FLIP,2.0415,-0.037,INCONCLUSIVE,NOT_AVAILABLE,COMPLEX
momentum_v5|momentum|hot,momentum_v5,momentum,hot,1105,large,0.5642,0.82,51.95,0.1212,0.3107,0.8155,49.1403,54.7511,-0.1413,0.3713,STABLE_POSITIVE,0.9123,1.1028,MODERATE,NOT_AVAILABLE,COMPLEX
momentum_v5|momentum|ice,momentum_v5,momentum,ice,70,medium,0.5546,0.0,41.43,-0.4085,-0.3331,1.5636,31.4286,52.8571,-1.2529,0.494,STABLE_POSITIVE,1.3846,1.0521,WEAK,NOT_AVAILABLE,COMPLEX
momentum_v5|momentum|warmup,momentum_v5,momentum,warmup,1054,large,0.6632,1.61,56.36,-0.0609,0.3215,0.9869,53.2258,59.203,-0.384,0.2393,STABLE_POSITIVE,0.4442,0.237,MODERATE,NOT_AVAILABLE,COMPLEX
momentum_v5|old_duck|cooldown,momentum_v5,old_duck,cooldown,1886,large,0.6305,2.05,54.45,1.1114,0.3253,0.9475,52.2269,56.7869,0.8163,1.4214,INSUFFICIENT_DATA,,,INCONCLUSIVE,NOT_AVAILABLE,COMPLEX
momentum_v5|old_duck|hot,momentum_v5,old_duck,hot,8306,large,0.7525,1.6,51.82,0.4687,0.6236,0.8765,50.7221,52.9256,0.3478,0.5895,INSUFFICIENT_DATA,,,INCONCLUSIVE,NOT_AVAILABLE,COMPLEX
momentum_v5|old_duck|ice,momentum_v5,old_duck,ice,575,large,1.4747,0.0,48.52,0.474,1.0643,1.8938,44.3478,52.3478,0.0614,0.8907,INSUFFICIENT_DATA,,,INCONCLUSIVE,NOT_AVAILABLE,COMPLEX
momentum_v5|old_duck|warmup,momentum_v5,old_duck,warmup,9380,large,0.7509,1.99,54.12,0.1146,0.6229,0.8866,53.1658,55.1282,-0.0106,0.2474,INSUFFICIENT_DATA,,,INCONCLUSIVE,NOT_AVAILABLE,COMPLEX
momentum_v5|single_yang|cooldown,momentum_v5,single_yang,cooldown,255,large,0.4252,2.21,54.12,0.6949,-0.4074,1.3036,47.8431,60.3922,-0.1061,1.5793,INSUFFICIENT_DATA,,,INCONCLUSIVE,NOT_AVAILABLE,COMPLEX
momentum_v5|single_yang|hot,momentum_v5,single_yang,hot,957,large,1.3077,2.37,59.04,0.7838,0.9457,1.695,55.6949,61.9671,0.4183,1.148,INSUFFICIENT_DATA,,,INCONCLUSIVE,NOT_AVAILABLE,COMPLEX
momentum_v5|single_yang|ice,momentum_v5,single_yang,ice,33,medium,0.9768,0.0,39.39,-0.1708,-1.0069,3.3362,24.2424,57.5758,-2.3097,2.347,INSUFFICIENT_DATA,,,INCONCLUSIVE,NOT_AVAILABLE,COMPLEX
momentum_v5|single_yang|warmup,momentum_v5,single_yang,warmup,1030,large,1.2139,2.295,56.12,0.8353,0.795,1.6702,53.0097,59.4175,0.4256,1.2629,INSUFFICIENT_DATA,,,INCONCLUSIVE,NOT_AVAILABLE,COMPLEX
momentum_v5|t1_swing|cooldown,momentum_v5,t1_swing,cooldown,1829,large,0.5839,1.925,54.29,1.3417,0.3051,0.8687,52.269,56.479,1.0577,1.6111,INSUFFICIENT_DATA,,,INCONCLUSIVE,NOT_AVAILABLE,COMPLEX
momentum_v5|t1_swing|hot,momentum_v5,t1_swing,hot,9199,large,0.6302,0.96,51.47,0.274,0.5141,0.7483,50.4506,52.5927,0.1646,0.3885,INSUFFICIENT_DATA,,,INCONCLUSIVE,NOT_AVAILABLE,COMPLEX
momentum_v5|t1_swing|ice,momentum_v5,t1_swing,ice,521,large,1.1215,0.0,46.64,-0.0974,0.7356,1.5323,42.6056,51.0557,-0.4864,0.2921,INSUFFICIENT_DATA,,,INCONCLUSIVE,NOT_AVAILABLE,COMPLEX
momentum_v5|t1_swing|warmup,momentum_v5,t1_swing,warmup,9212,large,0.6937,1.81,54.43,0.016,0.5706,0.8253,53.4195,55.4494,-0.1024,0.1356,INSUFFICIENT_DATA,,,INCONCLUSIVE,NOT_AVAILABLE,COMPLEX
momentum_v5|three_horse|cooldown,momentum_v5,three_horse,cooldown,842,large,1.2607,2.18,56.29,1.8059,0.7964,1.7997,52.7316,59.62,1.3175,2.3406,INSUFFICIENT_DATA,,,INCONCLUSIVE,NOT_AVAILABLE,COMPLEX
momentum_v5|three_horse|hot,momentum_v5,three_horse,hot,3906,large,0.6761,1.13,50.95,0.3517,0.4894,0.8643,49.2825,52.5864,0.1775,0.535,INSUFFICIENT_DATA,,,INCONCLUSIVE,NOT_AVAILABLE,COMPLEX
momentum_v5|three_horse|ice,momentum_v5,three_horse,ice,261,large,0.7822,0.0,42.15,-0.3136,0.2318,1.3871,36.3985,48.2759,-0.8905,0.2739,INSUFFICIENT_DATA,,,INCONCLUSIVE,NOT_AVAILABLE,COMPLEX
momentum_v5|three_horse|warmup,momentum_v5,three_horse,warmup,4183,large,0.6203,1.99,52.09,0.0227,0.4306,0.832,50.6335,53.6935,-0.1702,0.225,INSUFFICIENT_DATA,,,INCONCLUSIVE,NOT_AVAILABLE,COMPLEX
momentum_v5|trend|cooldown,momentum_v5,trend,cooldown,36,medium,0.6685,1.8825,58.33,0.6688,-1.187,2.391,41.6667,75.0,-1.0157,2.3683,STABLE_POSITIVE,1.8947,-1.5456,WEAK,NOT_AVAILABLE,COMPLEX
momentum_v5|trend|hot,momentum_v5,trend,hot,212,large,0.2425,-0.4,45.75,-0.4184,-0.3711,0.8277,39.1392,52.8302,-0.9951,0.1341,STABLE_POSITIVE,0.5412,1.4168,WEAK,NOT_AVAILABLE,COMPLEX
momentum_v5|trend|ice,momentum_v5,trend,ice,18,small,1.9508,1.7425,66.67,-0.0751,0.1259,3.7343,38.8889,88.8889,-1.5808,1.3954,STABLE_POSITIVE,-0.56,3.2233,INCONCLUSIVE,NOT_AVAILABLE,COMPLEX
momentum_v5|trend|warmup,momentum_v5,trend,warmup,135,large,1.1994,1.77,54.81,0.4937,0.2902,2.0785,46.6667,62.963,-0.3924,1.3469,STABLE_POSITIVE,1.4709,0.4209,MODERATE,NOT_AVAILABLE,COMPLEX
old_duck|breakout|cooldown,old_duck,breakout,cooldown,1694,large,0.7085,2.06,54.37,1.2084,0.3776,1.0411,51.83,56.554,0.8823,1.554,INSUFFICIENT_DATA,,,INCONCLUSIVE,NOT_AVAILABLE,COMPLEX
old_duck|breakout|hot,old_duck,breakout,hot,7327,large,0.7336,1.65,51.75,0.4765,0.5911,0.8598,50.5251,52.7641,0.3459,0.5968,INSUFFICIENT_DATA,,,INCONCLUSIVE,NOT_AVAILABLE,COMPLEX
old_duck|breakout|ice,old_duck,breakout,ice,504,large,1.5746,0.0,49.21,0.6091,1.1167,2.0355,44.6379,53.378,0.1732,1.0479,INSUFFICIENT_DATA,,,INCONCLUSIVE,NOT_AVAILABLE,COMPLEX
old_duck|breakout|warmup,old_duck,breakout,warmup,8303,large,0.7433,1.99,53.75,0.1179,0.5985,0.8812,52.631,54.7633,-0.0219,0.245,INSUFFICIENT_DATA,,,INCONCLUSIVE,NOT_AVAILABLE,COMPLEX
old_duck|divine_explorer|cooldown,old_duck,divine_explorer,cooldown,92,medium,0.0015,1.795,53.26,0.45,-1.613,1.5629,43.4783,64.1304,-1.1234,2.1468,INSUFFICIENT_DATA,,,INCONCLUSIVE,NOT_AVAILABLE,COMPLEX
old_duck|divine_explorer|hot,old_duck,divine_explorer,hot,199,large,0.0247,-0.98,42.71,-0.3986,-0.5777,0.6307,36.1809,49.7487,-1.0112,0.1907,INSUFFICIENT_DATA,,,INCONCLUSIVE,NOT_AVAILABLE,COMPLEX
old_duck|divine_explorer|ice,old_duck,divine_explorer,ice,44,medium,1.4401,0.095,50.0,1.0905,0.0094,3.191,34.0909,65.9091,-0.3628,2.8086,INSUFFICIENT_DATA,,,INCONCLUSIVE,NOT_AVAILABLE,MODERATE
old_duck|divine_explorer|warmup,old_duck,divine_explorer,warmup,366,large,-0.0758,-0.2975,48.91,-0.6442,-0.6337,0.4154,43.1694,53.8251,-1.1644,-0.1511,INSUFFICIENT_DATA,,,INCONCLUSIVE,NOT_AVAILABLE,COMPLEX
old_duck|fairy_guide|cooldown,old_duck,fairy_guide,cooldown,7,small,0.2943,2.45,57.14,-0.1412,-5.2683,5.673,14.2857,85.7143,-5.7287,5.3369,INSUFFICIENT_DATA,,,INCONCLUSIVE,NOT_AVAILABLE,COMPLEX
old_duck|fairy_guide|hot,old_duck,fairy_guide,hot,28,small,1.625,3.1175,60.71,1.2861,-1.3268,4.9787,42.8571,78.5714,-1.4865,4.4156,INSUFFICIENT_DATA,,,INCONCLUSIVE,NOT_AVAILABLE,COMPLEX
old_duck|fairy_guide|ice,old_duck,fairy_guide,ice,2,small,4.305,4.305,50.0,4.0829,0.0,8.61,0.0,100.0,0.6777,7.488,INSUFFICIENT_DATA,,,INCONCLUSIVE,NOT_AVAILABLE,COMPLEX
old_duck|fairy_guide|warmup,old_duck,fairy_guide,warmup,41,medium,3.7022,3.83,68.29,2.9315,0.3064,6.926,53.6585,82.9268,-0.3258,6.0293,INSUFFICIENT_DATA,,,INCONCLUSIVE,NOT_AVAILABLE,COMPLEX
old_duck|fake_yin|cooldown,old_duck,fake_yin,cooldown,236,large,1.004,2.12,57.63,1.0382,0.2445,1.7381,50.8475,63.9831,0.2244,1.7846,INSUFFICIENT_DATA,,,INCONCLUSIVE,NOT_AVAILABLE,COMPLEX
old_duck|fake_yin|hot,old_duck,fake_yin,hot,973,large,0.4216,-0.36,48.3,0.1453,0.0989,0.7656,45.2184,51.593,-0.1751,0.482,INSUFFICIENT_DATA,,,INCONCLUSIVE,NOT_AVAILABLE,COMPLEX
old_duck|fake_yin|ice,old_duck,fake_yin,ice,176,large,1.1711,0.0,46.02,0.4553,0.6789,1.6857,38.6364,52.8409,-0.0948,0.9832,INSUFFICIENT_DATA,,,INCONCLUSIVE,NOT_AVAILABLE,COMPLEX
old_duck|fake_yin|warmup,old_duck,fake_yin,warmup,1105,large,0.6123,1.99,52.13,0.1401,0.2914,0.9371,49.1403,54.9321,-0.1656,0.4679,INSUFFICIENT_DATA,,,INCONCLUSIVE,NOT_AVAILABLE,COMPLEX
old_duck|gap_proof|cooldown,old_duck,gap_proof,cooldown,1307,large,0.3738,1.87,53.56,1.0154,0.0503,0.7301,51.0329,56.2376,0.7059,1.3599,INSUFFICIENT_DATA,,,INCONCLUSIVE,NOT_AVAILABLE,COMPLEX
old_duck|gap_proof|hot,old_duck,gap_proof,hot,6025,large,0.6062,0.13,50.16,0.2891,0.4599,0.7411,48.8461,51.3693,0.1474,0.4202,INSUFFICIENT_DATA,,,INCONCLUSIVE,NOT_AVAILABLE,COMPLEX
old_duck|gap_proof|ice,old_duck,gap_proof,ice,416,large,1.4988,0.0,48.32,0.4714,1.084,1.9546,43.5096,53.125,0.0292,0.9,INSUFFICIENT_DATA,,,INCONCLUSIVE,NOT_AVAILABLE,COMPLEX
old_duck|gap_proof|warmup,old_duck,gap_proof,warmup,6392,large,0.5629,1.7325,53.3,-0.114,0.4198,0.7027,52.112,54.49,-0.248,0.0283,INSUFFICIENT_DATA,,,INCONCLUSIVE,NOT_AVAILABLE,COMPLEX
old_duck|golden_cross|cooldown,old_duck,golden_cross,cooldown,122,large,0.2448,2.04,53.28,1.1623,-0.9637,1.4346,44.2623,62.2951,0.002,2.2897,INSUFFICIENT_DATA,,,INCONCLUSIVE,NOT_AVAILABLE,COMPLEX
old_duck|golden_cross|hot,old_duck,golden_cross,hot,450,large,0.7781,0.165,50.22,0.8335,0.2496,1.3176,45.7778,54.6667,0.3338,1.3357,INSUFFICIENT_DATA,,,INCONCLUSIVE,NOT_AVAILABLE,COMPLEX
old_duck|golden_cross|ice,old_duck,golden_cross,ice,23,small,0.0626,0.0,47.83,-0.5281,-2.1262,1.878,26.087,69.5652,-2.6033,1.1503,INSUFFICIENT_DATA,,,INCONCLUSIVE,NOT_AVAILABLE,COMPLEX
old_duck|golden_cross|warmup,old_duck,golden_cross,warmup,456,large,1.1918,2.145,57.68,0.5974,0.5168,1.7956,53.0702,61.8421,-0.0231,1.193,INSUFFICIENT_DATA,,,INCONCLUSIVE,NOT_AVAILABLE,COMPLEX
old_duck|ignition|cooldown,old_duck,ignition,cooldown,76,medium,0.493,2.36,60.53,0.5053,-1.1029,2.0935,50.0,71.0526,-1.0598,1.9941,INSUFFICIENT_DATA,,,INCONCLUSIVE,NOT_AVAILABLE,COMPLEX
old_duck|ignition|hot,old_duck,ignition,hot,374,large,1.5997,2.23,60.43,1.0023,1.0155,2.1932,55.3409,65.2406,0.4367,1.5917,INSUFFICIENT_DATA,,,INCONCLUSIVE,NOT_AVAILABLE,COMPLEX
old_duck|ignition|ice,old_duck,ignition,ice,19,small,0.5363,0.0,42.11,-0.6973,-2.7956,3.5692,21.0526,63.1579,-3.6625,2.1576,INSUFFICIENT_DATA,,,INCONCLUSIVE,NOT_AVAILABLE,COMPLEX
old_duck|ignition|warmup,old_duck,ignition,warmup,492,large,0.7991,2.235,58.74,0.1332,0.1894,1.4906,54.4715,63.0081,-0.435,0.7706,INSUFFICIENT_DATA,,,INCONCLUSIVE,NOT_AVAILABLE,COMPLEX
old_duck|island_rev|cooldown,old_duck,island_rev,cooldown,4,small,-4.365,-6.48,25.0,-3.8037,-10.21,4.055,0.0,75.0,-9.1659,2.6159,INSUFFICIENT_DATA,,,INCONCLUSIVE,NOT_AVAILABLE,COMPLEX
old_duck|island_rev|hot,old_duck,island_rev,hot,80,medium,0.9144,2.305,55.0,0.6446,-0.3921,2.0492,43.75,65.0,-0.5864,1.814,INSUFFICIENT_DATA,,,INCONCLUSIVE,NOT_AVAILABLE,COMPLEX
old_duck|island_rev|ice,old_duck,island_rev,ice,1,small,-9.33,-9.33,0.0,-7.9427,,,,,,,INSUFFICIENT_DATA,,,INCONCLUSIVE,NOT_AVAILABLE,MODERATE
old_duck|island_rev|warmup,old_duck,island_rev,warmup,65,medium,0.6777,-0.07,49.23,0.0612,-0.7167,2.2924,36.9231,60.0,-1.2643,1.7564,INSUFFICIENT_DATA,,,INCONCLUSIVE,NOT_AVAILABLE,COMPLEX
old_duck|long_yang_seven|cooldown,old_duck,long_yang_seven,cooldown,87,medium,0.9787,2.3,58.62,1.7926,-0.6225,2.4967,48.2759,68.9655,0.3135,3.1447,INSUFFICIENT_DATA,,,INCONCLUSIVE,NOT_AVAILABLE,COMPLEX
old_duck|long_yang_seven|hot,old_duck,long_yang_seven,hot,409,large,1.0717,2.34,57.7,0.8124,0.4337,1.6739,52.8056,62.5917,0.206,1.3992,INSUFFICIENT_DATA,,,INCONCLUSIVE,NOT_AVAILABLE,COMPLEX
old_duck|long_yang_seven|ice,old_duck,long_yang_seven,ice,22,small,3.7573,4.4525,59.09,1.9991,0.0756,7.7703,36.3636,77.2727,-1.6563,5.7869,INSUFFICIENT_DATA,,,INCONCLUSIVE,NOT_AVAILABLE,COMPLEX
old_duck|long_yang_seven|warmup,old_duck,long_yang_seven,warmup,429,large,0.7854,2.31,57.11,0.1803,0.1169,1.4623,52.6748,61.7716,-0.4647,0.8448,INSUFFICIENT_DATA,,,INCONCLUSIVE,NOT_AVAILABLE,COMPLEX
old_duck|lotus|cooldown,old_duck,lotus,cooldown,258,large,0.8665,2.3,57.36,1.1275,-0.1045,1.8251,51.5407,63.1783,0.2247,2.059,INSUFFICIENT_DATA,,,INCONCLUSIVE,NOT_AVAILABLE,COMPLEX
old_duck|lotus|hot,old_duck,lotus,hot,950,large,0.7719,2.0975,52.74,0.6449,0.3377,1.2114,49.4737,56.0026,0.2182,1.0595,INSUFFICIENT_DATA,,,INCONCLUSIVE,NOT_AVAILABLE,COMPLEX
old_duck|lotus|ice,old_duck,lotus,ice,57,medium,2.2786,0.0,45.61,1.5666,0.8359,3.9893,33.3333,57.8947,0.1244,3.1774,INSUFFICIENT_DATA,,,INCONCLUSIVE,NOT_AVAILABLE,COMPLEX
old_duck|lotus|warmup,old_duck,lotus,warmup,1195,large,1.0556,2.35,57.49,0.4364,0.5538,1.4747,54.5607,60.251,-0.0429,0.8518,INSUFFICIENT_DATA,,,INCONCLUSIVE,NOT_AVAILABLE,COMPLEX
old_duck|lu_sniper|cooldown,old_duck,lu_sniper,cooldown,133,large,1.7819,2.61,63.91,1.807,0.5472,3.0772,55.6391,72.1805,0.4797,3.1215,INSUFFICIENT_DATA,,,INCONCLUSIVE,NOT_AVAILABLE,MODERATE
old_duck|lu_sniper|hot,old_duck,lu_sniper,hot,261,large,1.3661,2.1,59.77,1.1544,0.5736,2.1129,54.0134,65.5172,0.3716,1.8662,INSUFFICIENT_DATA,,,INCONCLUSIVE,NOT_AVAILABLE,COMPLEX
old_duck|lu_sniper|ice,old_duck,lu_sniper,ice,58,medium,1.949,0.1325,50.0,1.5065,0.0878,3.894,36.2069,62.069,-0.3995,3.4634,INSUFFICIENT_DATA,,,INCONCLUSIVE,NOT_AVAILABLE,MODERATE
old_duck|lu_sniper|warmup,old_duck,lu_sniper,warmup,637,large,0.6751,2.16,56.99,0.1162,0.1426,1.2175,52.9042,60.9105,-0.3914,0.644,INSUFFICIENT_DATA,,,INCONCLUSIVE,NOT_AVAILABLE,MODERATE
old_duck|ma5_monster|cooldown,old_duck,ma5_monster,cooldown,182,large,0.83,2.02,56.04,0.6386,-0.018,1.6657,48.3516,63.7363,-0.1841,1.4537,INSUFFICIENT_DATA,,,INCONCLUSIVE,NOT_AVAILABLE,COMPLEX
old_duck|ma5_monster|hot,old_duck,ma5_monster,hot,665,large,0.219,-0.43,44.21,-0.2865,-0.1499,0.5631,40.1466,47.8195,-0.6387,0.0511,INSUFFICIENT_DATA,,,INCONCLUSIVE,NOT_AVAILABLE,COMPLEX
old_duck|ma5_monster|ice,old_duck,ma5_monster,ice,90,medium,0.8092,0.0,45.56,0.8407,-0.1041,1.759,36.6667,55.5556,-0.0134,1.7592,INSUFFICIENT_DATA,,,INCONCLUSIVE,NOT_AVAILABLE,COMPLEX
old_duck|ma5_monster|warmup,old_duck,ma5_monster,warmup,824,large,0.9576,1.44,51.09,0.0403,0.5861,1.3733,47.8125,54.8544,-0.3172,0.451,INSUFFICIENT_DATA,,,INCONCLUSIVE,NOT_AVAILABLE,COMPLEX
old_duck|massive_vol|cooldown,old_duck,massive_vol,cooldown,181,large,0.9698,2.28,58.01,1.4249,-0.1371,2.17,50.2762,65.2072,0.2996,2.6194,INSUFFICIENT_DATA,,,INCONCLUSIVE,NOT_AVAILABLE,COMPLEX
old_duck|massive_vol|hot,old_duck,massive_vol,hot,1200,large,0.5999,0.68,50.5,0.3086,0.3164,0.9264,47.6667,53.5021,0.0261,0.6273,INSUFFICIENT_DATA,,,INCONCLUSIVE,NOT_AVAILABLE,COMPLEX
old_duck|massive_vol|ice,old_duck,massive_vol,ice,60,medium,2.231,1.76,51.67,1.0182,1.005,3.4929,38.3333,63.375,-0.1662,2.198,INSUFFICIENT_DATA,,,INCONCLUSIVE,NOT_AVAILABLE,COMPLEX
old_duck|massive_vol|warmup,old_duck,massive_vol,warmup,1088,large,0.6139,1.635,51.56,0.1564,0.2391,1.0006,48.7132,54.4118,-0.2179,0.5219,INSUFFICIENT_DATA,,,INCONCLUSIVE,NOT_AVAILABLE,COMPLEX
old_duck|momentum|cooldown,old_duck,momentum,cooldown,88,medium,-0.7874,-0.345,50.0,-0.1002,-1.8693,0.3227,38.6364,60.2273,-1.1425,0.9594,INSUFFICIENT_DATA,,,INCONCLUSIVE,NOT_AVAILABLE,COMPLEX
old_duck|momentum|hot,old_duck,momentum,hot,469,large,0.5322,-0.3,47.97,0.1876,0.0852,0.9699,43.2836,52.4574,-0.2175,0.6047,INSUFFICIENT_DATA,,,INCONCLUSIVE,NOT_AVAILABLE,COMPLEX
old_duck|momentum|ice,old_duck,momentum,ice,41,medium,0.2671,0.0,34.15,-0.651,-0.7737,1.4902,19.5122,48.7805,-1.6847,0.5036,INSUFFICIENT_DATA,,,INCONCLUSIVE,NOT_AVAILABLE,COMPLEX
old_duck|momentum|warmup,old_duck,momentum,warmup,474,large,0.7434,1.8075,55.7,-0.0422,0.2687,1.221,50.6329,59.9156,-0.5142,0.4428,INSUFFICIENT_DATA,,,INCONCLUSIVE,NOT_AVAILABLE,COMPLEX
old_duck|old_duck|cooldown,old_duck,old_duck,cooldown,2533,large,0.683,2.06,54.88,1.053,0.432,0.9583,52.9402,56.8506,0.7999,1.3295,STABLE_POSITIVE,2.0203,0.4049,STRONG,NOT_AVAILABLE,COMPLEX
old_duck|old_duck|hot,old_duck,old_duck,hot,10023,large,0.7281,1.43,51.65,0.4476,0.6108,0.8414,50.5535,52.6389,0.3314,0.559,STABLE_POSITIVE,0.9315,1.3823,STRONG,NOT_AVAILABLE,COMPLEX
old_duck|old_duck|ice,old_duck,old_duck,ice,844,large,1.4964,0.0,48.93,0.6577,1.177,1.8799,45.4976,52.2512,0.3372,1.0052,STABLE_POSITIVE,2.3256,2.5246,STRONG,NOT_AVAILABLE,COMPLEX
old_duck|old_duck|warmup,old_duck,old_duck,warmup,12223,large,0.7495,2.0,54.23,0.1574,0.6316,0.8564,53.3339,55.1583,0.0506,0.2616,STABLE_POSITIVE,0.7941,0.4143,STRONG,NOT_AVAILABLE,COMPLEX
old_duck|single_yang|cooldown,old_duck,single_yang,cooldown,241,large,0.9768,2.3,57.68,1.2243,0.0593,1.9224,51.4523,64.3257,0.373,2.1633,INSUFFICIENT_DATA,,,INCONCLUSIVE,NOT_AVAILABLE,COMPLEX
old_duck|single_yang|hot,old_duck,single_yang,hot,954,large,1.3481,2.385,58.81,0.9358,0.9511,1.7668,55.5529,62.0571,0.5536,1.3258,INSUFFICIENT_DATA,,,INCONCLUSIVE,NOT_AVAILABLE,COMPLEX
old_duck|single_yang|ice,old_duck,single_yang,ice,47,medium,2.1381,3.07,51.06,0.6571,0.3574,4.1074,36.1702,63.883,-1.2405,2.69,INSUFFICIENT_DATA,,,INCONCLUSIVE,NOT_AVAILABLE,COMPLEX
old_duck|single_yang|warmup,old_duck,single_yang,warmup,1080,large,1.2798,2.37,56.3,0.8991,0.8602,1.6792,53.4259,59.2593,0.506,1.2903,INSUFFICIENT_DATA,,,INCONCLUSIVE,NOT_AVAILABLE,COMPLEX
old_duck|t1_swing|cooldown,old_duck,t1_swing,cooldown,1430,large,0.6245,1.97,54.2,1.3239,0.3137,0.9606,51.4685,56.7832,1.0318,1.6488,INSUFFICIENT_DATA,,,INCONCLUSIVE,NOT_AVAILABLE,COMPLEX
old_duck|t1_swing|hot,old_duck,t1_swing,hot,7123,large,0.6661,0.85,51.09,0.3613,0.531,0.801,49.9646,52.2533,0.2322,0.4896,INSUFFICIENT_DATA,,,INCONCLUSIVE,NOT_AVAILABLE,COMPLEX
old_duck|t1_swing|ice,old_duck,t1_swing,ice,446,large,1.2249,0.0,44.62,0.0629,0.7724,1.6602,39.9103,49.3274,-0.3955,0.5249,INSUFFICIENT_DATA,,,INCONCLUSIVE,NOT_AVAILABLE,COMPLEX
old_duck|t1_swing|warmup,old_duck,t1_swing,warmup,7320,large,0.6673,1.8575,53.5,-0.0215,0.528,0.7989,52.3904,54.5502,-0.1632,0.1048,INSUFFICIENT_DATA,,,INCONCLUSIVE,NOT_AVAILABLE,COMPLEX
old_duck|three_horse|cooldown,old_duck,three_horse,cooldown,805,large,1.3252,2.21,56.89,1.837,0.8369,1.8336,53.6615,60.3727,1.3368,2.3363,INSUFFICIENT_DATA,,,INCONCLUSIVE,NOT_AVAILABLE,COMPLEX
old_duck|three_horse|hot,old_duck,three_horse,hot,3780,large,0.7283,1.95,51.48,0.4282,0.5482,0.9196,49.9716,53.0688,0.26,0.6114,INSUFFICIENT_DATA,,,INCONCLUSIVE,NOT_AVAILABLE,COMPLEX
old_duck|three_horse|ice,old_duck,three_horse,ice,249,large,1.298,0.0,44.58,0.2008,0.7172,1.9646,38.1526,50.6024,-0.3988,0.8684,INSUFFICIENT_DATA,,,INCONCLUSIVE,NOT_AVAILABLE,COMPLEX
old_duck|three_horse|warmup,old_duck,three_horse,warmup,4102,large,0.629,2.0,52.27,0.0526,0.4238,0.8371,50.707,53.7549,-0.1391,0.2619,INSUFFICIENT_DATA,,,INCONCLUSIVE,NOT_AVAILABLE,COMPLEX
old_duck|trend|cooldown,old_duck,trend,cooldown,28,small,0.7379,1.9575,57.14,0.6922,-1.1718,2.703,39.2857,75.0,-1.1307,2.5946,INSUFFICIENT_DATA,,,INCONCLUSIVE,NOT_AVAILABLE,COMPLEX
old_duck|trend|hot,old_duck,trend,hot,136,large,0.2048,-0.3675,44.85,-0.4516,-0.6055,1.0144,36.7647,52.9412,-1.2059,0.2806,INSUFFICIENT_DATA,,,INCONCLUSIVE,NOT_AVAILABLE,COMPLEX
old_duck|trend|ice,old_duck,trend,ice,11,small,3.0186,2.27,81.82,0.5,0.7571,5.3233,54.5455,100.0,-1.4594,2.4599,INSUFFICIENT_DATA,,,INCONCLUSIVE,NOT_AVAILABLE,COMPLEX
old_duck|trend|warmup,old_duck,trend,warmup,111,large,1.1363,1.8,54.05,0.4537,0.1576,2.0713,44.1441,63.0856,-0.4741,1.4162,INSUFFICIENT_DATA,,,INCONCLUSIVE,NOT_AVAILABLE,COMPLEX
single_yang|breakout|cooldown,single_yang,breakout,cooldown,247,large,0.3339,2.2,53.44,0.6147,-0.5475,1.2108,46.5587,59.5142,-0.2328,1.4401,INSUFFICIENT_DATA,,,INCONCLUSIVE,NOT_AVAILABLE,COMPLEX
single_yang|breakout|hot,single_yang,breakout,hot,930,large,1.3571,2.42,59.25,0.8385,0.9333,1.7527,56.0188,62.2581,0.4404,1.2152,INSUFFICIENT_DATA,,,INCONCLUSIVE,NOT_AVAILABLE,COMPLEX
single_yang|breakout|ice,single_yang,breakout,ice,33,medium,0.9768,0.0,39.39,-0.1708,-1.0069,3.3362,24.2424,57.5758,-2.3097,2.347,INSUFFICIENT_DATA,,,INCONCLUSIVE,NOT_AVAILABLE,COMPLEX
single_yang|breakout|warmup,single_yang,breakout,warmup,1000,large,1.2549,2.25,56.0,0.8604,0.8422,1.6889,52.9,58.9,0.455,1.2793,INSUFFICIENT_DATA,,,INCONCLUSIVE,NOT_AVAILABLE,COMPLEX
single_yang|divine_explorer|cooldown,single_yang,divine_explorer,cooldown,1,small,-3.27,-3.27,0.0,-2.9394,,,,,,,INSUFFICIENT_DATA,,,INCONCLUSIVE,NOT_AVAILABLE,COMPLEX
single_yang|divine_explorer|hot,single_yang,divine_explorer,hot,4,small,1.5575,0.2,50.0,-0.3262,-4.59,8.6175,0.0,100.0,-6.5804,6.853,INSUFFICIENT_DATA,,,INCONCLUSIVE,NOT_AVAILABLE,MODERATE
single_yang|divine_explorer|warmup,single_yang,divine_explorer,warmup,12,small,-1.2213,-2.2625,33.33,-1.4747,-4.1809,2.1773,8.3333,58.3333,-3.6615,1.2308,INSUFFICIENT_DATA,,,INCONCLUSIVE,NOT_AVAILABLE,COMPLEX
single_yang|fairy_guide|hot,single_yang,fairy_guide,hot,2,small,1.615,1.615,50.0,1.0006,-3.95,7.18,0.0,100.0,-3.042,5.0431,INSUFFICIENT_DATA,,,INCONCLUSIVE,NOT_AVAILABLE,COMPLEX
single_yang|fairy_guide|warmup,single_yang,fairy_guide,warmup,2,small,1.185,1.185,50.0,1.4773,-5.23,7.6,0.0,100.0,-2.4645,5.4192,INSUFFICIENT_DATA,,,INCONCLUSIVE,NOT_AVAILABLE,COMPLEX
single_yang|fake_yin|cooldown,single_yang,fake_yin,cooldown,15,small,2.4747,3.78,66.67,2.6597,-0.5457,5.3782,46.6667,86.6667,-0.8572,6.0766,INSUFFICIENT_DATA,,,INCONCLUSIVE,NOT_AVAILABLE,COMPLEX
single_yang|fake_yin|hot,single_yang,fake_yin,hot,50,medium,1.9709,2.735,66.0,1.5634,0.311,3.462,52.0,78.0,-0.0076,3.0241,INSUFFICIENT_DATA,,,INCONCLUSIVE,NOT_AVAILABLE,COMPLEX
single_yang|fake_yin|ice,single_yang,fake_yin,ice,3,small,1.4667,0.0,33.33,1.7045,0.0,4.4,0.0,100.0,0.6777,3.758,INSUFFICIENT_DATA,,,INCONCLUSIVE,NOT_AVAILABLE,COMPLEX
single_yang|fake_yin|warmup,single_yang,fake_yin,warmup,29,small,1.9184,3.49,62.07,1.625,-0.1536,4.0282,44.7414,79.3103,-0.1951,3.5257,INSUFFICIENT_DATA,,,INCONCLUSIVE,NOT_AVAILABLE,COMPLEX
single_yang|gap_proof|cooldown,single_yang,gap_proof,cooldown,121,large,-0.7344,-1.22,44.63,-0.2638,-1.8166,0.2765,35.5372,52.8926,-1.3162,0.7112,INSUFFICIENT_DATA,,,INCONCLUSIVE,NOT_AVAILABLE,COMPLEX
single_yang|gap_proof|hot,single_yang,gap_proof,hot,489,large,1.114,2.165,57.26,0.4634,0.5223,1.6864,52.7607,61.7587,-0.0781,1.0003,INSUFFICIENT_DATA,,,INCONCLUSIVE,NOT_AVAILABLE,COMPLEX
single_yang|gap_proof|ice,single_yang,gap_proof,ice,15,small,0.7913,0.0,40.0,-0.2637,-1.6115,3.4304,20.0,66.6667,-2.9201,2.7771,INSUFFICIENT_DATA,,,INCONCLUSIVE,NOT_AVAILABLE,COMPLEX
single_yang|gap_proof|warmup,single_yang,gap_proof,warmup,448,large,0.8826,2.235,55.8,0.2926,0.2887,1.4364,51.3337,60.0446,-0.2853,0.8329,INSUFFICIENT_DATA,,,INCONCLUSIVE,NOT_AVAILABLE,COMPLEX
single_yang|golden_cross|cooldown,single_yang,golden_cross,cooldown,19,small,-1.1758,2.21,52.63,-0.6289,-4.3187,1.8663,31.5789,73.6842,-3.7459,2.3423,INSUFFICIENT_DATA,,,INCONCLUSIVE,NOT_AVAILABLE,COMPLEX
single_yang|golden_cross|hot,single_yang,golden_cross,hot,40,medium,0.1323,2.125,52.5,0.0766,-1.4448,1.6843,37.5,67.5,-1.3783,1.5244,INSUFFICIENT_DATA,,,INCONCLUSIVE,NOT_AVAILABLE,COMPLEX
single_yang|golden_cross|warmup,single_yang,golden_cross,warmup,36,medium,2.1551,3.605,72.22,0.952,0.2886,3.8793,58.3333,86.1111,-0.7143,2.5897,INSUFFICIENT_DATA,,,INCONCLUSIVE,NOT_AVAILABLE,COMPLEX
single_yang|island_rev|hot,single_yang,island_rev,hot,16,small,-2.4456,-3.82,31.25,-2.7692,-4.3484,-0.5746,12.3438,56.25,-4.4753,-0.9452,INSUFFICIENT_DATA,,,INCONCLUSIVE,NOT_AVAILABLE,COMPLEX
single_yang|island_rev|warmup,single_yang,island_rev,warmup,7,small,-2.8971,-7.08,28.57,-3.8814,-7.3905,1.4806,0.0,71.4286,-7.8222,-0.0435,INSUFFICIENT_DATA,,,INCONCLUSIVE,NOT_AVAILABLE,COMPLEX
single_yang|long_yang_seven|cooldown,single_yang,long_yang_seven,cooldown,15,small,1.964,3.1,60.0,2.2944,-1.6781,5.3714,33.3333,86.6667,-1.122,5.5659,INSUFFICIENT_DATA,,,INCONCLUSIVE,NOT_AVAILABLE,COMPLEX
single_yang|long_yang_seven|hot,single_yang,long_yang_seven,hot,51,medium,0.715,2.17,52.94,0.0323,-1.2846,2.6162,39.2157,66.6667,-1.8476,1.8965,INSUFFICIENT_DATA,,,INCONCLUSIVE,NOT_AVAILABLE,COMPLEX
single_yang|long_yang_seven|ice,single_yang,long_yang_seven,ice,5,small,0.142,0.0,40.0,-2.484,-5.044,5.328,0.0,80.0,-7.936,2.3226,INSUFFICIENT_DATA,,,INCONCLUSIVE,NOT_AVAILABLE,COMPLEX
single_yang|long_yang_seven|warmup,single_yang,long_yang_seven,warmup,75,medium,2.0187,3.76,64.0,1.6581,0.2428,3.6102,52.0,73.3333,-0.0032,3.0807,INSUFFICIENT_DATA,,,INCONCLUSIVE,NOT_AVAILABLE,COMPLEX
single_yang|lu_sniper|cooldown,single_yang,lu_sniper,cooldown,12,small,2.0329,3.985,58.33,0.9923,-1.3341,5.4589,33.3333,83.3333,-2.1417,4.2364,INSUFFICIENT_DATA,,,INCONCLUSIVE,NOT_AVAILABLE,COMPLEX
single_yang|lu_sniper|hot,single_yang,lu_sniper,hot,35,medium,2.1224,2.49,62.86,1.8895,0.3993,3.8816,48.5714,77.1429,0.1283,3.6688,INSUFFICIENT_DATA,,,INCONCLUSIVE,NOT_AVAILABLE,COMPLEX
single_yang|lu_sniper|ice,single_yang,lu_sniper,ice,4,small,-0.925,0.0,25.0,-1.6542,-8.415,5.64,0.0,75.0,-10.5109,4.8704,INSUFFICIENT_DATA,,,INCONCLUSIVE,NOT_AVAILABLE,COMPLEX
single_yang|lu_sniper|warmup,single_yang,lu_sniper,warmup,49,medium,0.5701,-0.32,48.98,-0.4013,-1.1757,2.4156,34.6939,63.2653,-2.0752,1.4444,INSUFFICIENT_DATA,,,INCONCLUSIVE,NOT_AVAILABLE,COMPLEX
single_yang|ma5_monster|cooldown,single_yang,ma5_monster,cooldown,10,small,0.468,2.315,60.0,-0.1934,-2.0494,2.827,30.0,90.0,-3.0204,2.6579,INSUFFICIENT_DATA,,,INCONCLUSIVE,NOT_AVAILABLE,COMPLEX
single_yang|ma5_monster|hot,single_yang,ma5_monster,hot,16,small,-0.7225,0.575,50.0,-1.3606,-3.5433,1.7192,25.0,75.0,-3.8487,0.8269,INSUFFICIENT_DATA,,,INCONCLUSIVE,NOT_AVAILABLE,COMPLEX
single_yang|ma5_monster|ice,single_yang,ma5_monster,ice,2,small,1.535,1.535,50.0,2.5675,0.0,3.07,0.0,100.0,0.6777,4.4573,INSUFFICIENT_DATA,,,INCONCLUSIVE,NOT_AVAILABLE,COMPLEX
single_yang|ma5_monster|warmup,single_yang,ma5_monster,warmup,27,small,2.4543,-0.12,48.15,2.2257,-0.8029,5.9216,29.6296,66.6667,-0.9807,5.6967,INSUFFICIENT_DATA,,,INCONCLUSIVE,NOT_AVAILABLE,COMPLEX
single_yang|massive_vol|cooldown,single_yang,massive_vol,cooldown,25,small,0.4968,2.57,60.0,0.7723,-2.2588,3.138,40.0,80.0,-2.1074,3.5105,INSUFFICIENT_DATA,,,INCONCLUSIVE,NOT_AVAILABLE,COMPLEX
single_yang|massive_vol|hot,single_yang,massive_vol,hot,165,large,0.5784,2.23,53.33,0.2291,-0.3851,1.5859,46.6515,60.6061,-0.7094,1.1231,INSUFFICIENT_DATA,,,INCONCLUSIVE,NOT_AVAILABLE,COMPLEX
single_yang|massive_vol|ice,single_yang,massive_vol,ice,8,small,3.135,3.07,50.0,0.6208,-1.1367,7.7653,12.5,87.5,-2.9625,4.6442,INSUFFICIENT_DATA,,,INCONCLUSIVE,NOT_AVAILABLE,COMPLEX
single_yang|massive_vol|warmup,single_yang,massive_vol,warmup,165,large,1.3255,2.12,54.55,0.9042,0.3376,2.3467,47.2727,63.0303,-0.0604,1.8602,INSUFFICIENT_DATA,,,INCONCLUSIVE,NOT_AVAILABLE,COMPLEX
single_yang|momentum|cooldown,single_yang,momentum,cooldown,3,small,0.4283,2.915,66.67,1.4699,-4.87,3.24,0.0,100.0,-3.651,4.2628,INSUFFICIENT_DATA,,,INCONCLUSIVE,NOT_AVAILABLE,COMPLEX
single_yang|momentum|hot,single_yang,momentum,hot,15,small,-0.7847,0.025,53.33,-1.4454,-2.7261,0.8791,26.6667,80.0,-3.493,0.3661,INSUFFICIENT_DATA,,,INCONCLUSIVE,NOT_AVAILABLE,COMPLEX
single_yang|momentum|warmup,single_yang,momentum,warmup,23,small,-0.2628,2.43,60.87,-0.0913,-3.4496,2.4342,39.1304,78.2609,-2.9481,2.4353,INSUFFICIENT_DATA,,,INCONCLUSIVE,NOT_AVAILABLE,COMPLEX
single_yang|old_duck|cooldown,single_yang,old_duck,cooldown,241,large,0.9768,2.3,57.68,1.2243,0.0593,1.9224,51.4523,64.3257,0.373,2.1633,INSUFFICIENT_DATA,,,INCONCLUSIVE,NOT_AVAILABLE,COMPLEX
single_yang|old_duck|hot,single_yang,old_duck,hot,954,large,1.3481,2.385,58.81,0.9358,0.9511,1.7668,55.5529,62.0571,0.5536,1.3258,INSUFFICIENT_DATA,,,INCONCLUSIVE,NOT_AVAILABLE,COMPLEX
single_yang|old_duck|ice,single_yang,old_duck,ice,47,medium,2.1381,3.07,51.06,0.6571,0.3574,4.1074,36.1702,63.883,-1.2405,2.69,INSUFFICIENT_DATA,,,INCONCLUSIVE,NOT_AVAILABLE,COMPLEX
single_yang|old_duck|warmup,single_yang,old_duck,warmup,1080,large,1.2798,2.37,56.3,0.8991,0.8602,1.6792,53.4259,59.2593,0.506,1.2903,INSUFFICIENT_DATA,,,INCONCLUSIVE,NOT_AVAILABLE,COMPLEX
single_yang|single_yang|cooldown,single_yang,single_yang,cooldown,308,large,0.9035,2.3,56.49,1.1166,0.0619,1.7282,50.9659,62.3377,0.3142,1.9243,STABLE_POSITIVE,2.3351,0.5709,STRONG,NOT_AVAILABLE,COMPLEX
single_yang|single_yang|hot,single_yang,single_yang,hot,1141,large,1.3843,2.39,59.6,0.8797,1.042,1.7598,56.7923,62.5767,0.5589,1.2381,STABLE_POSITIVE,1.4477,1.2684,STRONG,NOT_AVAILABLE,COMPLEX
single_yang|single_yang|ice,single_yang,single_yang,ice,49,medium,2.0508,0.0,48.98,0.658,0.2367,4.05,34.6939,63.2653,-1.2379,2.6507,STABLE_POSITIVE,3.0258,4.6205,MODERATE,NOT_AVAILABLE,COMPLEX
single_yang|single_yang|warmup,single_yang,single_yang,warmup,1299,large,1.3374,2.36,56.43,0.946,0.9391,1.7066,53.5797,58.9684,0.5564,1.3017,STABLE_POSITIVE,1.2893,0.7925,STRONG,NOT_AVAILABLE,COMPLEX
single_yang|t1_swing|cooldown,single_yang,t1_swing,cooldown,162,large,0.2381,2.17,53.09,0.5468,-0.763,1.2294,45.679,61.1111,-0.3739,1.4399,INSUFFICIENT_DATA,,,INCONCLUSIVE,NOT_AVAILABLE,COMPLEX
single_yang|t1_swing|hot,single_yang,t1_swing,hot,747,large,1.3542,2.39,59.44,0.7757,0.8914,1.7895,55.9572,62.9183,0.3418,1.2078,INSUFFICIENT_DATA,,,INCONCLUSIVE,NOT_AVAILABLE,COMPLEX
single_yang|t1_swing|ice,single_yang,t1_swing,ice,24,small,1.6367,0.0,45.83,0.1018,-1.0309,4.4348,25.0,62.5,-2.7349,3.0346,INSUFFICIENT_DATA,,,INCONCLUSIVE,NOT_AVAILABLE,COMPLEX
single_yang|t1_swing|warmup,single_yang,t1_swing,warmup,702,large,0.748,2.12,53.42,0.3432,0.2281,1.221,49.5726,56.6952,-0.1747,0.8156,INSUFFICIENT_DATA,,,INCONCLUSIVE,NOT_AVAILABLE,COMPLEX
single_yang|three_horse|cooldown,single_yang,three_horse,cooldown,140,large,1.2205,2.545,60.71,1.6496,0.0662,2.4541,52.8571,68.5714,0.5004,2.8698,INSUFFICIENT_DATA,,,INCONCLUSIVE,NOT_AVAILABLE,COMPLEX
single_yang|three_horse|hot,single_yang,three_horse,hot,635,large,1.7165,2.58,61.1,1.2457,1.2215,2.2226,57.4803,65.0394,0.7679,1.7401,INSUFFICIENT_DATA,,,INCONCLUSIVE,NOT_AVAILABLE,COMPLEX
single_yang|three_horse|ice,single_yang,three_horse,ice,30,medium,0.9702,0.0,36.67,-0.3439,-1.0026,2.9192,20.0,53.3333,-2.41,1.6679,INSUFFICIENT_DATA,,,INCONCLUSIVE,NOT_AVAILABLE,COMPLEX
single_yang|three_horse|warmup,single_yang,three_horse,warmup,672,large,1.1749,2.245,55.21,0.7473,0.6473,1.7363,51.4881,59.2262,0.2266,1.3229,INSUFFICIENT_DATA,,,INCONCLUSIVE,NOT_AVAILABLE,COMPLEX
single_yang|trend|cooldown,single_yang,trend,cooldown,5,small,4.932,7.82,80.0,4.1908,-0.01,8.898,40.0,100.0,0.5028,7.4512,INSUFFICIENT_DATA,,,INCONCLUSIVE,NOT_AVAILABLE,COMPLEX
single_yang|trend|hot,single_yang,trend,hot,12,small,0.0937,0.48,50.0,-0.6701,-2.7043,2.895,25.0,75.0,-3.6648,2.3867,INSUFFICIENT_DATA,,,INCONCLUSIVE,NOT_AVAILABLE,COMPLEX
single_yang|trend|warmup,single_yang,trend,warmup,7,small,0.2071,3.57,57.14,0.2865,-3.902,3.6107,14.2857,85.7143,-3.524,3.8154,INSUFFICIENT_DATA,,,INCONCLUSIVE,NOT_AVAILABLE,COMPLEX
t1_swing|breakout|cooldown,t1_swing,breakout,cooldown,1565,large,0.685,1.97,54.44,1.4604,0.3577,1.0231,52.2045,56.8706,1.1347,1.7694,INSUFFICIENT_DATA,,,INCONCLUSIVE,NOT_AVAILABLE,COMPLEX
t1_swing|breakout|hot,t1_swing,breakout,hot,7533,large,0.617,0.8,51.06,0.2951,0.4942,0.7491,50.073,52.1837,0.1749,0.4205,INSUFFICIENT_DATA,,,INCONCLUSIVE,NOT_AVAILABLE,COMPLEX
t1_swing|breakout|ice,t1_swing,breakout,ice,419,large,1.1626,0.0,46.3,-0.0345,0.6915,1.6206,41.5274,50.8413,-0.5198,0.4271,INSUFFICIENT_DATA,,,INCONCLUSIVE,NOT_AVAILABLE,COMPLEX
t1_swing|breakout|warmup,t1_swing,breakout,warmup,7714,large,0.6887,1.855,53.86,0.0185,0.5496,0.8322,52.6834,54.953,-0.1208,0.157,INSUFFICIENT_DATA,,,INCONCLUSIVE,NOT_AVAILABLE,COMPLEX
t1_swing|divine_explorer|cooldown,t1_swing,divine_explorer,cooldown,34,medium,-0.4143,1.355,52.94,0.5115,-2.0058,1.1953,35.2941,67.6471,-0.8944,1.9362,INSUFFICIENT_DATA,,,INCONCLUSIVE,NOT_AVAILABLE,COMPLEX
t1_swing|divine_explorer|hot,t1_swing,divine_explorer,hot,127,large,-0.501,-1.05,38.58,-1.0049,-1.1687,0.2346,29.9213,47.2638,-1.6639,-0.3288,INSUFFICIENT_DATA,,,INCONCLUSIVE,NOT_AVAILABLE,COMPLEX
t1_swing|divine_explorer|ice,t1_swing,divine_explorer,ice,15,small,0.9507,-0.33,40.0,-0.7884,-0.5039,2.8188,20.0,66.6667,-2.7837,1.4602,INSUFFICIENT_DATA,,,INCONCLUSIVE,NOT_AVAILABLE,COMPLEX
t1_swing|divine_explorer|warmup,t1_swing,divine_explorer,warmup,174,large,-0.3014,-0.83,41.95,-1.0255,-0.9868,0.3796,34.4828,48.8506,-1.6643,-0.3701,INSUFFICIENT_DATA,,,INCONCLUSIVE,NOT_AVAILABLE,COMPLEX
t1_swing|fairy_guide|cooldown,t1_swing,fairy_guide,cooldown,6,small,-1.1483,-1.44,50.0,-1.1307,-6.2867,4.044,16.6667,83.3333,-6.8076,4.5538,INSUFFICIENT_DATA,,,INCONCLUSIVE,NOT_AVAILABLE,COMPLEX
t1_swing|fairy_guide|hot,t1_swing,fairy_guide,hot,31,medium,0.8187,3.07,61.29,0.3061,-2.4445,3.928,45.0806,77.4194,-2.7552,3.3059,INSUFFICIENT_DATA,,,INCONCLUSIVE,NOT_AVAILABLE,COMPLEX
t1_swing|fairy_guide|ice,t1_swing,fairy_guide,ice,2,small,4.305,4.305,50.0,4.0829,0.0,8.61,0.0,100.0,0.6777,7.488,INSUFFICIENT_DATA,,,INCONCLUSIVE,NOT_AVAILABLE,COMPLEX
t1_swing|fairy_guide|warmup,t1_swing,fairy_guide,warmup,42,medium,4.1152,4.36,71.43,3.4827,0.5461,7.7933,57.1429,85.7143,-0.0305,7.0912,INSUFFICIENT_DATA,,,INCONCLUSIVE,NOT_AVAILABLE,COMPLEX
t1_swing|fake_yin|cooldown,t1_swing,fake_yin,cooldown,123,large,0.842,2.05,56.91,1.2376,0.0165,1.7924,48.7805,65.0407,0.3695,2.1804,INSUFFICIENT_DATA,,,INCONCLUSIVE,NOT_AVAILABLE,COMPLEX
t1_swing|fake_yin|hot,t1_swing,fake_yin,hot,587,large,0.0557,-0.7,42.76,-0.2711,-0.3149,0.4089,38.8416,46.678,-0.6174,0.0667,INSUFFICIENT_DATA,,,INCONCLUSIVE,NOT_AVAILABLE,COMPLEX
t1_swing|fake_yin|ice,t1_swing,fake_yin,ice,108,large,0.4404,0.0,34.26,-0.4508,-0.064,0.9379,25.0,42.5926,-1.0128,0.1498,INSUFFICIENT_DATA,,,INCONCLUSIVE,NOT_AVAILABLE,COMPLEX
t1_swing|fake_yin|warmup,t1_swing,fake_yin,warmup,496,large,0.3284,-0.49,47.58,-0.194,-0.1453,0.783,42.7419,51.8196,-0.6494,0.2529,INSUFFICIENT_DATA,,,INCONCLUSIVE,NOT_AVAILABLE,COMPLEX
t1_swing|gap_proof|cooldown,t1_swing,gap_proof,cooldown,2383,large,0.1258,1.13,53.46,0.9123,-0.085,0.3293,51.4058,55.3095,0.6983,1.1174,INSUFFICIENT_DATA,,,INCONCLUSIVE,NOT_AVAILABLE,COMPLEX
t1_swing|gap_proof|hot,t1_swing,gap_proof,hot,13749,large,0.2788,0.265,50.72,-0.0395,0.1887,0.3624,49.7851,51.5748,-0.1223,0.0397,INSUFFICIENT_DATA,,,INCONCLUSIVE,NOT_AVAILABLE,COMPLEX
t1_swing|gap_proof|ice,t1_swing,gap_proof,ice,621,large,1.0255,0.0,43.0,0.0069,0.7257,1.3573,39.1304,46.6989,-0.2961,0.3227,INSUFFICIENT_DATA,,,INCONCLUSIVE,NOT_AVAILABLE,COMPLEX
t1_swing|gap_proof|warmup,t1_swing,gap_proof,warmup,12547,large,0.5537,1.21,56.45,-0.2561,0.462,0.6508,55.5589,57.4241,-0.3474,-0.1664,INSUFFICIENT_DATA,,,INCONCLUSIVE,NOT_AVAILABLE,COMPLEX
t1_swing|golden_cross|cooldown,t1_swing,golden_cross,cooldown,147,large,0.1472,1.895,53.06,1.2971,-0.8195,1.186,44.881,61.2415,0.3737,2.2389,INSUFFICIENT_DATA,,,INCONCLUSIVE,NOT_AVAILABLE,COMPLEX
t1_swing|golden_cross|hot,t1_swing,golden_cross,hot,751,large,0.8349,0.88,51.66,0.6964,0.4297,1.238,48.1991,54.9967,0.3221,1.0508,INSUFFICIENT_DATA,,,INCONCLUSIVE,NOT_AVAILABLE,COMPLEX
t1_swing|golden_cross|ice,t1_swing,golden_cross,ice,28,small,1.2791,0.225,57.14,0.5784,0.3442,2.3107,39.2857,75.0,-0.4048,1.6337,INSUFFICIENT_DATA,,,INCONCLUSIVE,NOT_AVAILABLE,COMPLEX
t1_swing|golden_cross|warmup,t1_swing,golden_cross,warmup,645,large,0.8931,1.945,55.66,0.3089,0.4068,1.3763,51.7829,59.5388,-0.145,0.7847,INSUFFICIENT_DATA,,,INCONCLUSIVE,NOT_AVAILABLE,COMPLEX
t1_swing|ignition|cooldown,t1_swing,ignition,cooldown,67,medium,-0.2141,1.86,50.75,0.1139,-1.6601,1.2601,38.806,62.6866,-1.1326,1.5275,INSUFFICIENT_DATA,,,INCONCLUSIVE,NOT_AVAILABLE,COMPLEX
t1_swing|ignition|hot,t1_swing,ignition,hot,544,large,1.1993,1.915,60.11,0.5898,0.7402,1.6918,55.8824,64.1544,0.157,1.0782,INSUFFICIENT_DATA,,,INCONCLUSIVE,NOT_AVAILABLE,COMPLEX
t1_swing|ignition|ice,t1_swing,ignition,ice,26,small,1.4979,1.555,53.85,0.0646,-0.276,3.4554,34.6154,73.0769,-1.7925,1.9759,INSUFFICIENT_DATA,,,INCONCLUSIVE,NOT_AVAILABLE,COMPLEX
t1_swing|ignition|warmup,t1_swing,ignition,warmup,532,large,0.5884,1.85,57.89,0.0032,0.0401,1.1035,53.3835,61.8468,-0.5208,0.4909,INSUFFICIENT_DATA,,,INCONCLUSIVE,NOT_AVAILABLE,COMPLEX
t1_swing|island_rev|hot,t1_swing,island_rev,hot,79,medium,0.4273,1.96,51.9,0.1162,-0.6673,1.498,41.7722,63.2911,-0.9319,1.1658,INSUFFICIENT_DATA,,,INCONCLUSIVE,NOT_AVAILABLE,COMPLEX
t1_swing|island_rev|warmup,t1_swing,island_rev,warmup,56,medium,0.4929,-0.565,44.64,-0.3197,-0.8603,2.2333,32.1429,58.9286,-1.676,1.3889,INSUFFICIENT_DATA,,,INCONCLUSIVE,NOT_AVAILABLE,COMPLEX
t1_swing|long_yang_seven|cooldown,t1_swing,long_yang_seven,cooldown,98,medium,1.4967,2.94,62.24,2.5274,-0.0213,2.9462,52.0408,71.4286,1.1421,3.8314,INSUFFICIENT_DATA,,,INCONCLUSIVE,NOT_AVAILABLE,COMPLEX
t1_swing|long_yang_seven|hot,t1_swing,long_yang_seven,hot,480,large,1.1119,2.3075,57.08,0.8007,0.5713,1.6589,52.7083,61.4583,0.3277,1.2943,INSUFFICIENT_DATA,,,INCONCLUSIVE,NOT_AVAILABLE,COMPLEX
t1_swing|long_yang_seven|ice,t1_swing,long_yang_seven,ice,21,small,2.8138,4.39,57.14,1.523,-1.0625,6.3991,33.3333,76.1905,-2.152,4.7942,INSUFFICIENT_DATA,,,INCONCLUSIVE,NOT_AVAILABLE,COMPLEX
t1_swing|long_yang_seven|warmup,t1_swing,long_yang_seven,warmup,487,large,0.7766,2.3,57.7,0.1939,0.1738,1.3834,53.1828,62.2177,-0.3851,0.7788,INSUFFICIENT_DATA,,,INCONCLUSIVE,NOT_AVAILABLE,COMPLEX
t1_swing|lotus|cooldown,t1_swing,lotus,cooldown,239,large,1.0464,2.58,60.67,1.3893,0.1828,1.9436,54.3933,66.9456,0.5702,2.2277,INSUFFICIENT_DATA,,,INCONCLUSIVE,NOT_AVAILABLE,COMPLEX
t1_swing|lotus|hot,t1_swing,lotus,hot,1019,large,0.9059,2.15,54.07,0.7195,0.475,1.3387,50.8342,57.1148,0.3171,1.1134,INSUFFICIENT_DATA,,,INCONCLUSIVE,NOT_AVAILABLE,COMPLEX
t1_swing|lotus|ice,t1_swing,lotus,ice,61,medium,1.5723,1.81,50.82,0.7127,0.0697,3.1199,39.3443,62.3361,-0.6692,2.214,INSUFFICIENT_DATA,,,INCONCLUSIVE,NOT_AVAILABLE,COMPLEX
t1_swing|lotus|warmup,t1_swing,lotus,warmup,1164,large,0.9541,2.275,56.62,0.3349,0.5563,1.404,53.7779,59.622,-0.0639,0.7545,INSUFFICIENT_DATA,,,INCONCLUSIVE,NOT_AVAILABLE,COMPLEX
t1_swing|lu_sniper|cooldown,t1_swing,lu_sniper,cooldown,37,medium,0.8597,1.63,56.76,0.8349,-1.6912,3.3244,40.5405,72.973,-1.8074,3.393,INSUFFICIENT_DATA,,,INCONCLUSIVE,NOT_AVAILABLE,COMPLEX
t1_swing|lu_sniper|hot,t1_swing,lu_sniper,hot,131,large,0.9795,1.72,59.54,0.4051,0.0179,1.8844,50.3817,67.9389,-0.4669,1.3213,INSUFFICIENT_DATA,,,INCONCLUSIVE,NOT_AVAILABLE,COMPLEX
t1_swing|lu_sniper|ice,t1_swing,lu_sniper,ice,10,small,-1.866,-1.54,20.0,-3.1239,-5.1482,1.6645,0.0,50.0,-6.832,1.001,INSUFFICIENT_DATA,,,INCONCLUSIVE,NOT_AVAILABLE,COMPLEX
t1_swing|lu_sniper|warmup,t1_swing,lu_sniper,warmup,194,large,0.6448,1.695,57.22,0.2755,-0.2642,1.5146,50.5026,64.433,-0.5984,1.1574,INSUFFICIENT_DATA,,,INCONCLUSIVE,NOT_AVAILABLE,COMPLEX
t1_swing|ma5_monster|cooldown,t1_swing,ma5_monster,cooldown,121,large,0.58,1.845,56.2,0.6926,-0.0539,1.2275,47.9339,65.2893,0.0737,1.3446,INSUFFICIENT_DATA,,,INCONCLUSIVE,NOT_AVAILABLE,COMPLEX
t1_swing|ma5_monster|hot,t1_swing,ma5_monster,hot,569,large,0.0121,-0.56,40.95,-0.6213,-0.28,0.3114,37.0826,45.167,-0.8952,-0.3396,INSUFFICIENT_DATA,,,INCONCLUSIVE,NOT_AVAILABLE,COMPLEX
t1_swing|ma5_monster|ice,t1_swing,ma5_monster,ice,49,medium,0.0129,0.0,30.61,-0.309,-0.804,0.8937,18.3673,42.8571,-1.2909,0.6944,INSUFFICIENT_DATA,,,INCONCLUSIVE,NOT_AVAILABLE,COMPLEX
t1_swing|ma5_monster|warmup,t1_swing,ma5_monster,warmup,566,large,0.6967,0.755,50.88,-0.3735,0.2964,1.1069,46.1131,55.1237,-0.7493,0.0132,INSUFFICIENT_DATA,,,INCONCLUSIVE,NOT_AVAILABLE,COMPLEX
t1_swing|massive_vol|cooldown,t1_swing,massive_vol,cooldown,191,large,0.7897,2.14,55.5,1.3926,-0.226,1.9742,49.2147,62.8272,0.3787,2.5518,INSUFFICIENT_DATA,,,INCONCLUSIVE,NOT_AVAILABLE,COMPLEX
t1_swing|massive_vol|hot,t1_swing,massive_vol,hot,1404,large,0.3748,-0.25,48.58,0.0113,0.0814,0.6847,45.9402,51.2108,-0.2636,0.3004,INSUFFICIENT_DATA,,,INCONCLUSIVE,NOT_AVAILABLE,COMPLEX
t1_swing|massive_vol|ice,t1_swing,massive_vol,ice,53,medium,0.9236,0.0,39.62,-0.2675,-0.2214,2.1118,26.4151,52.8302,-1.4296,0.8804,INSUFFICIENT_DATA,,,INCONCLUSIVE,NOT_AVAILABLE,COMPLEX
t1_swing|massive_vol|warmup,t1_swing,massive_vol,warmup,1109,large,0.6514,1.885,52.3,0.1046,0.275,1.049,49.3237,55.4554,-0.2713,0.4804,INSUFFICIENT_DATA,,,INCONCLUSIVE,NOT_AVAILABLE,COMPLEX
t1_swing|momentum|cooldown,t1_swing,momentum,cooldown,165,large,-0.0998,1.295,52.73,0.8152,-0.7912,0.6091,44.8485,60.6061,0.1096,1.4831,INSUFFICIENT_DATA,,,INCONCLUSIVE,NOT_AVAILABLE,COMPLEX
t1_swing|momentum|hot,t1_swing,momentum,hot,932,large,0.4768,0.5475,51.07,0.0546,0.2016,0.7749,48.066,54.2945,-0.2169,0.3396,INSUFFICIENT_DATA,,,INCONCLUSIVE,NOT_AVAILABLE,COMPLEX
t1_swing|momentum|ice,t1_swing,momentum,ice,59,medium,0.3564,0.0,38.98,-0.6322,-0.5578,1.4056,27.0763,52.5424,-1.4935,0.32,INSUFFICIENT_DATA,,,INCONCLUSIVE,NOT_AVAILABLE,COMPLEX
t1_swing|momentum|warmup,t1_swing,momentum,warmup,852,large,0.7327,1.58,57.39,-0.0413,0.4196,1.0819,54.105,60.7981,-0.3444,0.3003,INSUFFICIENT_DATA,,,INCONCLUSIVE,NOT_AVAILABLE,COMPLEX
t1_swing|old_duck|cooldown,t1_swing,old_duck,cooldown,1430,large,0.6245,1.97,54.2,1.3239,0.3137,0.9606,51.4685,56.7832,1.0318,1.6488,INSUFFICIENT_DATA,,,INCONCLUSIVE,NOT_AVAILABLE,COMPLEX
t1_swing|old_duck|hot,t1_swing,old_duck,hot,7123,large,0.6661,0.85,51.09,0.3613,0.531,0.801,49.9646,52.2533,0.2322,0.4896,INSUFFICIENT_DATA,,,INCONCLUSIVE,NOT_AVAILABLE,COMPLEX
t1_swing|old_duck|ice,t1_swing,old_duck,ice,446,large,1.2249,0.0,44.62,0.0629,0.7724,1.6602,39.9103,49.3274,-0.3955,0.5249,INSUFFICIENT_DATA,,,INCONCLUSIVE,NOT_AVAILABLE,COMPLEX
t1_swing|old_duck|warmup,t1_swing,old_duck,warmup,7320,large,0.6673,1.8575,53.5,-0.0215,0.528,0.7989,52.3904,54.5502,-0.1632,0.1048,INSUFFICIENT_DATA,,,INCONCLUSIVE,NOT_AVAILABLE,COMPLEX
t1_swing|single_yang|cooldown,t1_swing,single_yang,cooldown,162,large,0.2381,2.17,53.09,0.5468,-0.763,1.2294,45.679,61.1111,-0.3739,1.4399,INSUFFICIENT_DATA,,,INCONCLUSIVE,NOT_AVAILABLE,COMPLEX
t1_swing|single_yang|hot,t1_swing,single_yang,hot,747,large,1.3542,2.39,59.44,0.7757,0.8914,1.7895,55.9572,62.9183,0.3418,1.2078,INSUFFICIENT_DATA,,,INCONCLUSIVE,NOT_AVAILABLE,COMPLEX
t1_swing|single_yang|ice,t1_swing,single_yang,ice,24,small,1.6367,0.0,45.83,0.1018,-1.0309,4.4348,25.0,62.5,-2.7349,3.0346,INSUFFICIENT_DATA,,,INCONCLUSIVE,NOT_AVAILABLE,COMPLEX
t1_swing|single_yang|warmup,t1_swing,single_yang,warmup,702,large,0.748,2.12,53.42,0.3432,0.2281,1.221,49.5726,56.6952,-0.1747,0.8156,INSUFFICIENT_DATA,,,INCONCLUSIVE,NOT_AVAILABLE,COMPLEX
t1_swing|t1_swing|cooldown,t1_swing,t1_swing,cooldown,3026,large,0.328,1.18,54.79,1.0879,0.1075,0.5484,52.9734,56.5441,0.8664,1.2965,STABLE_POSITIVE,1.2843,-0.0772,STRONG,NOT_AVAILABLE,COMPLEX
t1_swing|t1_swing|hot,t1_swing,t1_swing,hot,17323,large,0.3471,0.65,51.34,0.0571,0.2667,0.4256,50.6148,52.0985,-0.0159,0.1269,STABLE_POSITIVE,0.4767,0.8671,MODERATE,NOT_AVAILABLE,COMPLEX
t1_swing|t1_swing|ice,t1_swing,t1_swing,ice,779,large,1.0583,0.0,43.77,-0.0021,0.7721,1.3516,40.5648,47.1117,-0.2866,0.2676,STABLE_POSITIVE,0.8679,1.0876,MODERATE,NOT_AVAILABLE,COMPLEX
t1_swing|t1_swing|warmup,t1_swing,t1_swing,warmup,15896,large,0.5778,1.17,56.15,-0.19,0.4847,0.6735,55.3847,56.9013,-0.277,-0.0973,STABLE_POSITIVE,0.4115,0.2497,MODERATE,NOT_AVAILABLE,COMPLEX
t1_swing|three_horse|cooldown,t1_swing,three_horse,cooldown,660,large,1.193,2.09,55.61,1.9786,0.6801,1.7479,51.9697,59.2462,1.4826,2.4784,INSUFFICIENT_DATA,,,INCONCLUSIVE,NOT_AVAILABLE,COMPLEX
t1_swing|three_horse|hot,t1_swing,three_horse,hot,3305,large,0.5731,0.145,50.14,0.2198,0.3797,0.7689,48.4107,51.8003,0.035,0.4049,INSUFFICIENT_DATA,,,INCONCLUSIVE,NOT_AVAILABLE,COMPLEX
t1_swing|three_horse|ice,t1_swing,three_horse,ice,206,large,0.6889,0.0,38.83,-0.5637,0.0487,1.3271,32.0388,46.1165,-1.224,0.0929,INSUFFICIENT_DATA,,,INCONCLUSIVE,NOT_AVAILABLE,COMPLEX
t1_swing|three_horse|warmup,t1_swing,three_horse,warmup,3296,large,0.5203,1.8375,51.06,-0.118,0.2829,0.7363,49.2415,52.7609,-0.3326,0.0957,INSUFFICIENT_DATA,,,INCONCLUSIVE,NOT_AVAILABLE,COMPLEX
t1_swing|trend|cooldown,t1_swing,trend,cooldown,32,medium,0.8356,1.9225,62.5,0.8233,-1.0211,2.7546,43.75,78.125,-0.9713,2.5142,INSUFFICIENT_DATA,,,INCONCLUSIVE,NOT_AVAILABLE,COMPLEX
t1_swing|trend|hot,t1_swing,trend,hot,190,large,0.2797,-0.4,45.26,-0.3902,-0.3604,0.9136,38.4211,52.6316,-0.9765,0.2111,INSUFFICIENT_DATA,,,INCONCLUSIVE,NOT_AVAILABLE,COMPLEX
t1_swing|trend|ice,t1_swing,trend,ice,17,small,2.1897,2.02,70.59,-0.037,0.4219,4.2538,47.0588,94.1176,-1.5705,1.6672,INSUFFICIENT_DATA,,,INCONCLUSIVE,NOT_AVAILABLE,COMPLEX
t1_swing|trend|warmup,t1_swing,trend,warmup,114,large,1.231,1.695,54.39,0.3328,0.3393,2.0841,44.7368,63.1579,-0.594,1.2342,INSUFFICIENT_DATA,,,INCONCLUSIVE,NOT_AVAILABLE,COMPLEX
three_horse|breakout|cooldown,three_horse,breakout,cooldown,838,large,1.2645,2.175,56.21,1.8078,0.7743,1.7539,52.6253,59.4272,1.3419,2.2719,INSUFFICIENT_DATA,,,INCONCLUSIVE,NOT_AVAILABLE,COMPLEX
three_horse|breakout|hot,three_horse,breakout,hot,3874,large,0.6806,1.2375,51.03,0.3581,0.4989,0.8742,49.5347,52.6594,0.1854,0.5291,INSUFFICIENT_DATA,,,INCONCLUSIVE,NOT_AVAILABLE,COMPLEX
three_horse|breakout|ice,three_horse,breakout,ice,257,large,0.7342,0.0,41.63,-0.3487,0.1539,1.2939,35.7977,47.4708,-0.9313,0.2427,INSUFFICIENT_DATA,,,INCONCLUSIVE,NOT_AVAILABLE,COMPLEX
three_horse|breakout|warmup,three_horse,breakout,warmup,4148,large,0.6027,1.99,52.0,0.0044,0.4019,0.7947,50.578,53.4474,-0.1935,0.1823,INSUFFICIENT_DATA,,,INCONCLUSIVE,NOT_AVAILABLE,COMPLEX
three_horse|divine_explorer|cooldown,three_horse,divine_explorer,cooldown,13,small,0.4485,1.08,53.85,1.0839,-1.8098,2.8755,30.7692,76.9231,-0.9799,3.3557,INSUFFICIENT_DATA,,,INCONCLUSIVE,NOT_AVAILABLE,COMPLEX
three_horse|divine_explorer|hot,three_horse,divine_explorer,hot,50,medium,-0.6337,-1.1975,36.0,-1.0088,-1.4918,0.1992,24.0,50.0,-1.8145,-0.2092,INSUFFICIENT_DATA,,,INCONCLUSIVE,NOT_AVAILABLE,COMPLEX
three_horse|divine_explorer|ice,three_horse,divine_explorer,ice,7,small,0.5529,-0.71,42.86,-1.0502,-1.4057,2.6374,14.2857,85.7143,-4.1364,2.4181,INSUFFICIENT_DATA,,,INCONCLUSIVE,NOT_AVAILABLE,COMPLEX
three_horse|divine_explorer|warmup,three_horse,divine_explorer,warmup,59,medium,-0.6559,-1.17,37.29,-1.2878,-2.0683,0.605,25.4237,49.1525,-2.6936,-0.0486,INSUFFICIENT_DATA,,,INCONCLUSIVE,NOT_AVAILABLE,COMPLEX
three_horse|fairy_guide|cooldown,three_horse,fairy_guide,cooldown,4,small,3.2075,5.7,75.0,2.0643,-5.86,9.7825,25.0,100.0,-7.7251,9.3246,INSUFFICIENT_DATA,,,INCONCLUSIVE,NOT_AVAILABLE,COMPLEX
three_horse|fairy_guide|hot,three_horse,fairy_guide,hot,17,small,-1.1694,2.37,52.94,-1.617,-5.2959,2.5872,29.4118,76.4706,-5.5732,2.0092,INSUFFICIENT_DATA,,,INCONCLUSIVE,NOT_AVAILABLE,COMPLEX
three_horse|fairy_guide|ice,three_horse,fairy_guide,ice,1,small,0.0,0.0,0.0,0.6777,,,,,,,INSUFFICIENT_DATA,,,INCONCLUSIVE,NOT_AVAILABLE,COMPLEX
three_horse|fairy_guide|warmup,three_horse,fairy_guide,warmup,22,small,0.9684,4.36,68.18,0.0968,-4.4743,5.8335,45.4545,86.3636,-5.0966,4.767,INSUFFICIENT_DATA,,,INCONCLUSIVE,NOT_AVAILABLE,COMPLEX
three_horse|fake_yin|cooldown,three_horse,fake_yin,cooldown,104,large,1.3209,2.28,59.62,1.6677,0.217,2.4259,50.0,69.2308,0.5899,2.7224,INSUFFICIENT_DATA,,,INCONCLUSIVE,NOT_AVAILABLE,COMPLEX
three_horse|fake_yin|hot,three_horse,fake_yin,hot,476,large,0.3045,-0.565,46.85,0.034,-0.1689,0.7772,42.437,51.2658,-0.4223,0.4993,INSUFFICIENT_DATA,,,INCONCLUSIVE,NOT_AVAILABLE,COMPLEX
three_horse|fake_yin|ice,three_horse,fake_yin,ice,63,medium,1.0775,0.0,42.86,0.0913,0.1902,2.2108,30.1587,55.5556,-0.9146,1.2934,INSUFFICIENT_DATA,,,INCONCLUSIVE,NOT_AVAILABLE,COMPLEX
three_horse|fake_yin|warmup,three_horse,fake_yin,warmup,473,large,0.1439,-0.355,49.26,-0.3548,-0.3774,0.6495,44.6089,53.6998,-0.8353,0.1247,INSUFFICIENT_DATA,,,INCONCLUSIVE,NOT_AVAILABLE,COMPLEX
three_horse|gap_proof|cooldown,three_horse,gap_proof,cooldown,467,large,0.6155,1.3,51.61,1.4418,0.0579,1.2099,46.8951,56.7452,0.8826,2.0121,INSUFFICIENT_DATA,,,INCONCLUSIVE,NOT_AVAILABLE,COMPLEX
three_horse|gap_proof|hot,three_horse,gap_proof,hot,2316,large,0.3878,-0.565,47.45,0.0403,0.158,0.6082,45.639,49.6125,-0.1716,0.2517,INSUFFICIENT_DATA,,,INCONCLUSIVE,NOT_AVAILABLE,COMPLEX
three_horse|gap_proof|ice,three_horse,gap_proof,ice,143,large,1.3979,0.0,43.36,0.1361,0.6962,2.1884,34.965,51.049,-0.6227,0.9083,INSUFFICIENT_DATA,,,INCONCLUSIVE,NOT_AVAILABLE,COMPLEX
three_horse|gap_proof|warmup,three_horse,gap_proof,warmup,2268,large,0.3097,-0.17,49.6,-0.3541,0.0636,0.5579,47.6179,51.7637,-0.595,-0.112,INSUFFICIENT_DATA,,,INCONCLUSIVE,NOT_AVAILABLE,COMPLEX
three_horse|golden_cross|cooldown,three_horse,golden_cross,cooldown,18,small,-1.1156,-0.625,44.44,1.1415,-3.6313,1.1905,22.2222,66.6667,-1.791,3.6823,INSUFFICIENT_DATA,,,INCONCLUSIVE,NOT_AVAILABLE,COMPLEX
three_horse|golden_cross|hot,three_horse,golden_cross,hot,40,medium,1.4258,2.495,60.0,0.6217,-0.4142,3.2554,44.9375,75.0,-1.0623,2.3349,INSUFFICIENT_DATA,,,INCONCLUSIVE,NOT_AVAILABLE,COMPLEX
three_horse|golden_cross|ice,three_horse,golden_cross,ice,3,small,-6.38,-4.8,0.0,-5.9057,-14.34,0.0,0.0,0.0,-12.9527,0.6777,INSUFFICIENT_DATA,,,INCONCLUSIVE,NOT_AVAILABLE,COMPLEX
three_horse|golden_cross|warmup,three_horse,golden_cross,warmup,31,medium,1.6802,2.48,58.06,0.7348,-0.8472,4.5653,41.9355,74.1935,-1.8788,3.6621,INSUFFICIENT_DATA,,,INCONCLUSIVE,NOT_AVAILABLE,COMPLEX
three_horse|ignition|cooldown,three_horse,ignition,cooldown,2,small,-1.35,-1.35,50.0,-1.279,-7.47,4.77,0.0,100.0,-7.041,4.483,INSUFFICIENT_DATA,,,INCONCLUSIVE,NOT_AVAILABLE,COMPLEX
three_horse|ignition|hot,three_horse,ignition,hot,6,small,0.9733,0.185,50.0,-0.4506,-4.005,6.7721,16.6667,83.3333,-5.5784,5.9587,INSUFFICIENT_DATA,,,INCONCLUSIVE,NOT_AVAILABLE,COMPLEX
three_horse|ignition|ice,three_horse,ignition,ice,2,small,6.53,6.53,50.0,5.093,-4.8,17.86,0.0,100.0,-5.442,15.628,INSUFFICIENT_DATA,,,INCONCLUSIVE,NOT_AVAILABLE,COMPLEX
three_horse|ignition|warmup,three_horse,ignition,warmup,6,small,4.7158,2.91,66.67,4.7442,-2.4835,14.8342,33.3333,100.0,-1.3183,14.3544,INSUFFICIENT_DATA,,,INCONCLUSIVE,NOT_AVAILABLE,COMPLEX
three_horse|island_rev|hot,three_horse,island_rev,hot,24,small,2.1327,3.045,66.67,1.7493,-0.2734,4.3542,45.8333,83.3333,-0.2214,3.6981,INSUFFICIENT_DATA,,,INCONCLUSIVE,NOT_AVAILABLE,COMPLEX
three_horse|island_rev|warmup,three_horse,island_rev,warmup,13,small,-0.8346,-1.23,30.77,-1.4253,-4.2952,2.7083,7.6923,53.8462,-4.8234,2.4442,INSUFFICIENT_DATA,,,INCONCLUSIVE,NOT_AVAILABLE,COMPLEX
three_horse|long_yang_seven|cooldown,three_horse,long_yang_seven,cooldown,53,medium,1.0698,2.49,58.49,1.9412,-0.7864,2.861,45.283,71.6981,0.3185,3.5698,INSUFFICIENT_DATA,,,INCONCLUSIVE,NOT_AVAILABLE,COMPLEX
three_horse|long_yang_seven|hot,three_horse,long_yang_seven,hot,291,large,0.7564,2.14,54.3,0.5138,0.1258,1.4327,48.7973,60.1375,-0.0946,1.1507,INSUFFICIENT_DATA,,,INCONCLUSIVE,NOT_AVAILABLE,COMPLEX
three_horse|long_yang_seven|ice,three_horse,long_yang_seven,ice,16,small,2.3894,1.125,50.0,1.0461,-1.9691,6.9442,25.0,75.0,-3.152,5.3742,INSUFFICIENT_DATA,,,INCONCLUSIVE,NOT_AVAILABLE,COMPLEX
three_horse|long_yang_seven|warmup,three_horse,long_yang_seven,warmup,283,large,0.3345,2.2,55.12,-0.1832,-0.4358,1.099,49.1166,61.1307,-0.8971,0.5718,INSUFFICIENT_DATA,,,INCONCLUSIVE,NOT_AVAILABLE,COMPLEX
three_horse|lotus|cooldown,three_horse,lotus,cooldown,125,large,2.1906,3.035,65.6,2.3247,0.7354,3.737,57.6,73.6,0.9914,3.7974,INSUFFICIENT_DATA,,,INCONCLUSIVE,NOT_AVAILABLE,COMPLEX
three_horse|lotus|hot,three_horse,lotus,hot,475,large,0.8717,2.11,52.21,0.6475,0.1885,1.5561,47.5789,56.6316,0.0113,1.3141,INSUFFICIENT_DATA,,,INCONCLUSIVE,NOT_AVAILABLE,COMPLEX
three_horse|lotus|ice,three_horse,lotus,ice,28,small,2.1764,0.0,42.86,1.4538,-0.6039,4.93,25.0,60.7143,-1.1583,4.0378,INSUFFICIENT_DATA,,,INCONCLUSIVE,NOT_AVAILABLE,COMPLEX
three_horse|lotus|warmup,three_horse,lotus,warmup,553,large,1.4017,2.6,58.41,0.9329,0.7056,2.1145,54.2495,62.5723,0.2448,1.6294,INSUFFICIENT_DATA,,,INCONCLUSIVE,NOT_AVAILABLE,COMPLEX
three_horse|lu_sniper|cooldown,three_horse,lu_sniper,cooldown,32,medium,0.4614,-0.8275,46.88,0.4451,-2.2736,3.3764,28.125,65.625,-2.1727,3.4463,INSUFFICIENT_DATA,,,INCONCLUSIVE,NOT_AVAILABLE,COMPLEX
three_horse|lu_sniper|hot,three_horse,lu_sniper,hot,109,large,1.4889,2.44,59.63,1.4588,0.4041,2.6209,50.4587,68.8073,0.3985,2.5436,INSUFFICIENT_DATA,,,INCONCLUSIVE,NOT_AVAILABLE,COMPLEX
three_horse|lu_sniper|ice,three_horse,lu_sniper,ice,13,small,-0.4708,0.0,30.77,-0.4669,-2.5879,1.8628,7.6923,61.5385,-2.9914,1.9859,INSUFFICIENT_DATA,,,INCONCLUSIVE,NOT_AVAILABLE,COMPLEX
three_horse|lu_sniper|warmup,three_horse,lu_sniper,warmup,160,large,0.4709,2.175,56.25,-0.0187,-0.55,1.4604,48.125,63.75,-1.0255,0.9422,INSUFFICIENT_DATA,,,INCONCLUSIVE,NOT_AVAILABLE,COMPLEX
three_horse|ma5_monster|cooldown,three_horse,ma5_monster,cooldown,83,medium,0.6884,1.96,55.42,0.5485,-0.1958,1.534,44.5783,66.2651,-0.3634,1.3726,INSUFFICIENT_DATA,,,INCONCLUSIVE,NOT_AVAILABLE,COMPLEX
three_horse|ma5_monster|hot,three_horse,ma5_monster,hot,318,large,0.2481,-0.555,44.34,-0.3607,-0.2474,0.7268,38.0503,50.0,-0.834,0.0995,INSUFFICIENT_DATA,,,INCONCLUSIVE,NOT_AVAILABLE,COMPLEX
three_horse|ma5_monster|ice,three_horse,ma5_monster,ice,28,small,0.0971,0.0,35.71,-0.2601,-1.446,1.5061,17.8571,53.5714,-1.8753,1.2355,INSUFFICIENT_DATA,,,INCONCLUSIVE,NOT_AVAILABLE,COMPLEX
three_horse|ma5_monster|warmup,three_horse,ma5_monster,warmup,295,large,0.5927,-0.21,48.14,-0.2152,-0.0518,1.21,42.7119,53.8983,-0.8221,0.398,INSUFFICIENT_DATA,,,INCONCLUSIVE,NOT_AVAILABLE,COMPLEX
three_horse|massive_vol|cooldown,three_horse,massive_vol,cooldown,101,large,0.6817,2.38,56.44,1.2679,-0.9152,2.5127,46.5347,65.3465,-0.3178,3.0268,INSUFFICIENT_DATA,,,INCONCLUSIVE,NOT_AVAILABLE,COMPLEX
three_horse|massive_vol|hot,three_horse,massive_vol,hot,725,large,0.4859,-0.09,49.52,0.0636,0.0717,0.9138,45.931,53.3793,-0.3402,0.4647,INSUFFICIENT_DATA,,,INCONCLUSIVE,NOT_AVAILABLE,COMPLEX
three_horse|massive_vol|ice,three_horse,massive_vol,ice,31,medium,1.3055,0.0,45.16,-0.2524,-0.5929,3.186,29.0323,61.2903,-2.1506,1.5235,INSUFFICIENT_DATA,,,INCONCLUSIVE,NOT_AVAILABLE,COMPLEX
three_horse|massive_vol|warmup,three_horse,massive_vol,warmup,559,large,0.7604,1.99,52.06,0.2153,0.2161,1.2678,47.9428,56.1717,-0.3428,0.7322,INSUFFICIENT_DATA,,,INCONCLUSIVE,NOT_AVAILABLE,COMPLEX
three_horse|old_duck|cooldown,three_horse,old_duck,cooldown,805,large,1.3252,2.21,56.89,1.837,0.8369,1.8336,53.6615,60.3727,1.3368,2.3363,INSUFFICIENT_DATA,,,INCONCLUSIVE,NOT_AVAILABLE,COMPLEX
three_horse|old_duck|hot,three_horse,old_duck,hot,3780,large,0.7283,1.95,51.48,0.4282,0.5482,0.9196,49.9716,53.0688,0.26,0.6114,INSUFFICIENT_DATA,,,INCONCLUSIVE,NOT_AVAILABLE,COMPLEX
three_horse|old_duck|ice,three_horse,old_duck,ice,249,large,1.298,0.0,44.58,0.2008,0.7172,1.9646,38.1526,50.6024,-0.3988,0.8684,INSUFFICIENT_DATA,,,INCONCLUSIVE,NOT_AVAILABLE,COMPLEX
three_horse|old_duck|warmup,three_horse,old_duck,warmup,4102,large,0.629,2.0,52.27,0.0526,0.4238,0.8371,50.707,53.7549,-0.1391,0.2619,INSUFFICIENT_DATA,,,INCONCLUSIVE,NOT_AVAILABLE,COMPLEX
three_horse|single_yang|cooldown,three_horse,single_yang,cooldown,140,large,1.2205,2.545,60.71,1.6496,0.0662,2.4541,52.8571,68.5714,0.5004,2.8698,INSUFFICIENT_DATA,,,INCONCLUSIVE,NOT_AVAILABLE,COMPLEX
three_horse|single_yang|hot,three_horse,single_yang,hot,635,large,1.7165,2.58,61.1,1.2457,1.2215,2.2226,57.4803,65.0394,0.7679,1.7401,INSUFFICIENT_DATA,,,INCONCLUSIVE,NOT_AVAILABLE,COMPLEX
three_horse|single_yang|ice,three_horse,single_yang,ice,30,medium,0.9702,0.0,36.67,-0.3439,-1.0026,2.9192,20.0,53.3333,-2.41,1.6679,INSUFFICIENT_DATA,,,INCONCLUSIVE,NOT_AVAILABLE,COMPLEX
three_horse|single_yang|warmup,three_horse,single_yang,warmup,672,large,1.1749,2.245,55.21,0.7473,0.6473,1.7363,51.4881,59.2262,0.2266,1.3229,INSUFFICIENT_DATA,,,INCONCLUSIVE,NOT_AVAILABLE,COMPLEX
three_horse|t1_swing|cooldown,three_horse,t1_swing,cooldown,660,large,1.193,2.09,55.61,1.9786,0.6801,1.7479,51.9697,59.2462,1.4826,2.4784,INSUFFICIENT_DATA,,,INCONCLUSIVE,NOT_AVAILABLE,COMPLEX
three_horse|t1_swing|hot,three_horse,t1_swing,hot,3305,large,0.5731,0.145,50.14,0.2198,0.3797,0.7689,48.4107,51.8003,0.035,0.4049,INSUFFICIENT_DATA,,,INCONCLUSIVE,NOT_AVAILABLE,COMPLEX
three_horse|t1_swing|ice,three_horse,t1_swing,ice,206,large,0.6889,0.0,38.83,-0.5637,0.0487,1.3271,32.0388,46.1165,-1.224,0.0929,INSUFFICIENT_DATA,,,INCONCLUSIVE,NOT_AVAILABLE,COMPLEX
three_horse|t1_swing|warmup,three_horse,t1_swing,warmup,3296,large,0.5203,1.8375,51.06,-0.118,0.2829,0.7363,49.2415,52.7609,-0.3326,0.0957,INSUFFICIENT_DATA,,,INCONCLUSIVE,NOT_AVAILABLE,COMPLEX
three_horse|three_horse|cooldown,three_horse,three_horse,cooldown,909,large,1.311,2.2,56.66,1.8716,0.8642,1.7799,53.5754,59.846,1.4344,2.3378,STABLE_POSITIVE,1.411,0.2538,STRONG,NOT_AVAILABLE,COMPLEX
three_horse|three_horse|hot,three_horse,three_horse,hot,4225,large,0.7108,1.74,51.29,0.392,0.5317,0.8936,49.7515,52.8284,0.2192,0.5644,STABLE_POSITIVE,1.0602,1.5216,STRONG,NOT_AVAILABLE,COMPLEX
three_horse|three_horse|ice,three_horse,three_horse,ice,280,large,1.0547,0.0,43.93,-0.0754,0.4534,1.666,38.5714,49.6429,-0.679,0.5134,STABLE_POSITIVE,1.3683,2.9687,MODERATE,NOT_AVAILABLE,COMPLEX
three_horse|three_horse|warmup,three_horse,three_horse,warmup,4543,large,0.6357,2.0,52.43,0.0626,0.4319,0.83,50.9575,53.9517,-0.1289,0.2474,STABLE_POSITIVE,0.8355,0.4095,MODERATE,NOT_AVAILABLE,COMPLEX
three_horse|trend|cooldown,three_horse,trend,cooldown,2,small,2.295,2.295,100.0,4.1033,2.2,2.39,100.0,100.0,2.9441,5.2626,INSUFFICIENT_DATA,,,INCONCLUSIVE,NOT_AVAILABLE,COMPLEX
three_horse|trend|hot,three_horse,trend,hot,26,small,-0.0713,-0.55,38.46,-0.4132,-1.7604,1.7932,19.2308,57.6923,-2.0213,1.2289,INSUFFICIENT_DATA,,,INCONCLUSIVE,NOT_AVAILABLE,COMPLEX
three_horse|trend|ice,three_horse,trend,ice,2,small,1.2,1.2,100.0,-1.1995,0.38,2.02,100.0,100.0,-1.317,-1.0821,INSUFFICIENT_DATA,,,INCONCLUSIVE,NOT_AVAILABLE,COMPLEX
three_horse|trend|warmup,three_horse,trend,warmup,29,small,2.2881,2.55,62.07,1.66,0.4798,4.4158,44.8276,79.3103,0.0338,3.637,INSUFFICIENT_DATA,,,INCONCLUSIVE,NOT_AVAILABLE,COMPLEX
